Area,Date,Revision,Location,NMC,Description,Format,Type,Sheets,Notes
Abbotsford,1957,,Fisher Rare Book Library,,COLOUR,paper,plans,7,3 parts
Acton,1934,,MDL G 3401 G475 1878-,9269,BW,microfiche,,,
Acton Vale,1957,,Fisher Rare Book Library,,COLOUR,paper,plans,14,Old Fort William
Acton Vale,1957,,MDL B2,,COLOUR,paper,plans,1-14,
Ailsa Craig,1906,,MDL G 3401 G475 1878-,9270,BW,microfiche,,,
Ajax,1960,,Fisher Rare Book Library,,COLOUR,paper,plans,23,Old Port Arthur
Ajax,1960,,MDL B2,,COLOUR,paper,plans,"1-8, 13-20",incomplete set
Albernie & Port Albernie,1954,1957,Fisher Rare Book Library,,COLOUR,paper,plans,25,
Albert,1934,,Fisher Rare Book Library,,COLOUR,paper,plans,3,
Alberton,1956,,Fisher Rare Book Library,,COLOUR,paper,plans,8,
Alexandria,1917,,Fisher Rare Book Library,,COLOUR,paper,plans,7,1 sheet
Alexandria,1917,1926,MDL G 3401 G475 1878-,9272,BW,microfiche,,,
Alexandria,1926,,MDL B2,,COLOUR,paper,slips,Trans. 1-4,
Alexandria,1965,,MDL B2,,BW,paper,index,,streets
Alfred,1915,,Fisher Rare Book Library,,COLOUR,paper,plans,1,
Alliston,1926,,Fisher Rare Book Library,,COLOUR,paper,plans,4,
Alliston,1926,,MDL B2,,COLOUR,paper,plans (large),1,incomplete set
Alma,1953,,Fisher Rare Book Library,,COLOUR,paper,plans,18,
Almonte,1879,1884,MDL G 3401 G475,93466,BW,microfiche,,,
Almonte,1879,1884,MDL G 3401 G475 1878-,93540,COLOUR,microfiche,,,
Almonte,1879,1884,MDL G 3401 G475 1878-,93538,COLOUR,microfiche,,,
Almonte,1889,1902,MDL G 3401 G475 1878-,93465,BW,microfiche,,,
Almonte,1889,1902,MDL G 3401 G475 1878-,93542,COLOUR,microfiche,,,
Almonte,1950,,Fisher Rare Book Library,,COLOUR,paper,plans,8,7 sheets
Almonte,1950,,MDL B2,,COLOUR,paper,plans (large),1,incomplete set
Almonte,1964,,MDL B2,,BW,paper,index,,streets and blocks
Alton,1894,,MDL G 3401 G475 1878-,9276,BW,microfiche,,,
Alvinston,1927,,Fisher Rare Book Library,,COLOUR,paper,plans,3,
Alvinston,1927,,MDL B2,,COLOUR,paper,plans (large),1-3,complete set
Amherst,1904,,Fisher Rare Book Library,,COLOUR,paper,plans,1,
Amherst,1959,,Fisher Rare Book Library,,COLOUR,paper,plans,30,
"Amherst, Ns",1959,,MDL B2,,COLOUR,paper,plans,1-25,complete set
Amherstburg,1901,1906,MDL G 3401 G475 1878-,9278,BW,microfiche,,,
Amherstburg,1917,1926,Fisher Rare Book Library,,COLOUR,paper,plans,6,
Amherstburg,1917,1926,MDL B2,,COLOUR,paper,plans (large),1-6,complete set
Amherstburg,1938,,MDL G 3401 G475 1878-,9280,BW,microfiche,,,
Amos,1957,,Fisher Rare Book Library,,COLOUR,paper,plans,14,
Andover & Perth,1964,,Fisher Rare Book Library,,COLOUR,paper,plans,13,
Andover & Perth,1964,,MDL B2,,COLOUR,paper,plans,1-11,complete set
Anjou,1961,,Fisher Rare Book Library,,COLOUR,paper,plans,16,
Annapolic Royal,1951,,MDL B2,,COLOUR,paper,plans,1-8,complete set
Annapolis Royal,1951,,Fisher Rare Book Library,,COLOUR,paper,plans,8,
Ansonville,1928,,Fisher Rare Book Library,,COLOUR,paper,plans,,
Ansonville,1928,,MDL B2,,COLOUR,paper,plans (large),1-3,complete set
Ansonville,1952,,MDL B2,,BW,paper,index,,streets
Antigonish,1955,,Fisher Rare Book Library,,COLOUR,paper,plans,20,
Antigonish,1955,,MDL B2,,COLOUR,paper,plans,1-16,complete set
Apohaqui,1938,,Fisher Rare Book Library,,COLOUR,paper,plans,1,
Apohaqui,1938,,MDL B2,,COLOUR,paper,plans (large),1,complete set
Arichat,1904,,Fisher Rare Book Library,,COLOUR,paper,plans,1,
Arichat,1924,,MDL B2,,COLOUR,paper,slips,Trans. 1,
Arkona,1896,,MDL G 3401 G475 1878-,9282,BW,microfiche,,,
Armstrong,1952,1955,Fisher Rare Book Library,,COLOUR,paper,plans,5,
Arnprior,1905,,MDL G 3401 G475 1878-,10584,BW,microfiche,,,
Arnprior,1916,,MDL G 3401 G475 1878-,9283,BW,microfiche,,,
Arnprior,1932,,MDL G 3401 G475 1878-,10741,BW,microfiche,,,
Arnprior,1950,,Fisher Rare Book Library,,COLOUR,paper,plans,12,
Arnprior,1950,,MDL B2,,COLOUR,paper,plans (large),1-12,complete set
Arthabaska,1955,,Fisher Rare Book Library,,COLOUR,paper,plans,16,
Arthur,1904,,MDL G 3401 G475 1878-,9285,BW,microfiche,,,
Arvida,1970,,Fisher Rare Book Library,,COLOUR,paper,plans,21,
Asbestos,1953,,Fisher Rare Book Library?,,COLOUR,paper,plans,18,
Athens,1896,,MDL G 3401 G475 1878-,9286,BW,microfiche,,,
Aurora,1880,1885,MDL G 3401 G475 1878-,38539,BW,microfiche,,,
Aurora,1960,,Fisher Rare Book Library,,COLOUR,paper,plans,17,
Aurora,1960,,MDL B2,,COLOUR,paper,plans,1-13,complete set
Aylmer,1901,1913,MDL G 3401 G475 1878-,9288,BW,microfiche,,,
Aylmer,1923,,MDL G 3401 G475 1878-,10293,BW,microfiche,,,
Aylmer,1952,,Fisher Rare Book Library,,COLOUR,paper,plans,10,
Aylmer,1952,,MDL B2,,COLOUR,paper,plans,1-10,complete set
Baddeck,1959,,MDL B2,,COLOUR,paper,plans,1-7,complete set
Baddeck C.B.,1959,,Fisher Rare Book Library,,COLOUR,paper,plans,9,
Baden,1894,,MDL G 3401 G475 1878-,9290,BW,microfiche,,,
Baden,1894,1904,MDL G 3401 G475 1878-,9291,BW,microfiche,,,
Bagotville,1964,,Fisher Rare Book Library,,COLOUR,paper,plans,11,
Baie Comeau,1960,,Fisher Rare Book Library,,COLOUR,paper,plans,23,
Bala,1936,,MDL G 3401 G475 1878-,11948,BW,microfiche,,,
Bancroft,1904,,MDL G 3401 G475 1878-,9293,BW,microfiche,,,
Banff,1955,,Fisher Rare Book Library,,COLOUR,paper,plans,8,
Barrie,1907,,MDL G 3401 G475 1878-,9292,BW,microfiche,,,
Barrie,1923,1931,MDL G 3401 G475 1878-,10714,BW,microfiche,,,
Barrie,1923,1946,MDL G 3401 G475 1878-,9294,BW,microfiche,,,
Barrie,1931,,MDL G 3401 G475 1878-,98371,BW,microfiche,,,
Barrie,1931,,MDL B2,,COLOUR,paper,slips,Trans. 2-5,
Barrie,1971,,Fisher Rare Book Library,,COLOUR,paper,plans,57,
Barrie,1971,,MDL B2,,COLOUR,paper,plans,1-53,complete set
Bath,1892,,MDL G 3401 G475 1878-,9296,BW,microfiche,,,
Bath,1892,,MDL G 3401 G475 1878-,9295,BW,microfiche,,,
Bath,1947,,Fisher Rare Book Library,,COLOUR,paper,plans,2,
Bathurst,1952,1966,Fisher Rare Book Library,,COLOUR,paper,plans,20,
Bathurst,1952,1966,MDL B2,,COLOUR,paper,plans,1-7,complete set
Bathurst,1966,,MDL B2,,BW,paper,addendums,,
Bayfield,1904,,MDL G 3401 G475 1878-,9297,BW,microfiche,,,
Beachburg,1908,,MDL G 3401 G475 1878-,9298,BW,microfiche,,,
Beachville,1894,,MDL G 3401 G475 1878-,9299,BW,microfiche,,,
Beachville,1894,1904,MDL G 3401 G475 1878-,9300,BW,microfiche,,,
Beaconsfield,1913,,Fisher Rare Book Library,,COLOUR,paper,plans,1,
Beaconsfield,1923,,MDL B2,,COLOUR,paper,slips,,
Beamsville,1921,,Fisher Rare Book Library,,COLOUR,paper,plans,2,
Beamsville,1921,,MDL B2,,COLOUR,paper,plans (large),1-2,complete set
Beamsville,1921,1928,Fisher Rare Book Library,,COLOUR,paper,plans,2,
Beamsville,1928,,MDL B2,,COLOUR,paper,slips,Trans. 1,
Bear River,1940,,Fisher Rare Book Library,,COLOUR,paper,plans,2,
Bear River,1940,,MDL B2,,COLOUR,paper,plans (large),1-2,complete set
Beauceville,1952,,Fisher Rare Book Library,,COLOUR,paper,plans,9,
Beauharnois,1952,,Fisher Rare Book Library,,COLOUR,paper,plans,11,
Beaverton,1910,1945,Fisher Rare Book Library,,COLOUR,paper,plans,4,ch.2
Beaverton,1910,1925,MDL G 3401 G475 1878-,11919,BW,microfiche,,,
Beaverton,1925,,MDL B2,,COLOUR,paper,slips,"Trans. 1, 2",
Bedford,1952,,Fisher Rare Book Library,,COLOUR,paper,plans,7,
Bedford,1952,,MDL B2,,COLOUR,paper,plans,1-6,complete set
Beebe Plain,1954,,Fisher Rare Book Library,,COLOUR,paper,plans,9,
Beeton,1926,,MDL G 3401 G475 1878-,9302,BW,microfiche,,,
Belle Ewart,1936,,MDL G 3401 G475 1878-,9303,BW,microfiche,,,
Belle River,1898,1906,MDL G 3401 G475 1878-,9304,BW,microfiche,,,
Belle River,1929,,Fisher Rare Book Library,,COLOUR,paper,plans,3,
Belle River,1929,,MDL B2,,COLOUR,paper,plans (large),1-3,complete set
Belleville,1957,,Fisher Rare Book Library,,COLOUR,paper,plans,57,
Belleville,1957,,MDL B2,,COLOUR,paper,plans,1-26,
Belmont,1894,,MDL G 3401 G475 1878-,9306,BW,microfiche,,,
Belmont,1906,1894,MDL G 3401 G475 1878-,9307,BW,microfiche,,,
Beloeil,1953,,Fisher Rare Book Library,,COLOUR,paper,plans,21,1953
Berthierville,1953,,Fisher Rare Book Library,,COLOUR,paper,plans,9,
Bertie Township,1938,,MDL G 3401 G475 1878-,9308,BW,microfiche,,,
Bertie Township,1939,,MDL B2,,COLOUR,paper,plans (large),10,incomplete set
Berwick,1922,1938,Fisher Rare Book Library,,COLOUR,paper,plans,3,
Bethany,1898,,MDL G 3401 G475 1878-,9309,BW,microfiche,,,
Biscotasing,1915,,MDL G 3401 G475 1878-,9310,BW,microfiche,,,
Bishop's Falls,1956,,Fisher Rare Book Library,,COLOUR,paper,plans,11,
Bishop's Falls,1956,,MDL B2,,COLOUR,paper,plans,1-9,complete set
Black's Harbour,1963,,Fisher Rare Book Library,,COLOUR,paper,plans,6,
Black's Harbour,1963,,MDL B2,,COLOUR,paper,plans,1-5,complete set
Black Lake,1926,,MDL B2,,COLOUR,paper,slips,Trans. 1-3,
Black Lake,1962,,Fisher Rare Book Library,,COLOUR,paper,plans,14,
Blenheim,1924,,Fisher Rare Book Library,,COLOUR,paper,plans,5,
Blenheim,1924,,MDL B2,,COLOUR,paper,plans (large),1-5,complete set
Blind River,1915,,MDL G 3401 G475 1878-,9312,BW,microfiche,,,
Blind River,1956,,Fisher Rare Book Library,,COLOUR,paper,plans,16,
Blind River,1956,,MDL B2,,COLOUR,paper,plans,1-14,complete set
Bloomfield,1900,,MDL G 3401 G475 1878-,9313,BW,microfiche,,,
Blyth,1926,,Fisher Rare Book Library,,COLOUR,paper,plans,4,
Blyth,1926,,MDL B2,,COLOUR,paper,plans (large),1-4,complete set
Bobcaygeon,1890,,MDL G 3401 G475 1878-,9315,BW,microfiche,,,
Bolton,1939,,Fisher Rare Book Library,,COLOUR,paper,plans,1,
Borden,1956,,Fisher Rare Book Library,,COLOUR,paper,plans,4,
Bothwell,1906,,MDL G 3401 G475 1878-,9317,BW,microfiche,,,
Botwood,1956,,Fisher Rare Book Library,,COLOUR,paper,plans,14,
Botwood,1956,,MDL B2,,COLOUR,paper,plans,1-12,complete set
Boucherville,1962,,Fisher Rare Book Library,,COLOUR,paper,plans,13,
Bourlamaque,1952,,Fisher Rare Book Library,,COLOUR,paper,plans,8,
Bowmanville,1911,1924,MDL B2,,COLOUR,paper,plans (large),"1, 3",incomplete set
Bowmanville,1911,1924,Fisher Rare Book Library,,COLOUR,paper,plans,10,
Bowmanville,1970,,MDL B2,,BW,paper,index,,streets
Bracebridge,1896,,MDL G 3401 G475 1878-,10559,BW,microfiche,,,
Bracebridge,1957,,Fisher Rare Book Library,,COLOUR,paper,plans,18,
Bracebridge,1957,,MDL B2,,COLOUR,paper,plans,1-15,complete set
Bradford,1889,,MDL G 3401 G475 1878-,98381,BW,microfiche,,,
Bradford,1924,,Fisher Rare Book Library,,COLOUR,paper,plans,3,
Bradford,1924,,MDL B2,,COLOUR,paper,plans (large),3,incomplete set
Braeside,1932,,MDL G 3401 G475 1878-,9320,BW,microfiche,,,
Brampton,1931,1940,MDL B2,,COLOUR,paper,plans (large),"2, 3, 7, 9, 11",incomplete set
Brampton,1931,1940,Fisher Rare Book Library,,COLOUR,paper,plans,,11 sh.of 12
Brampton,1971,,Fisher Rare Book Library,,COLOUR,paper,plans,,
Brampton,1971,,MDL B2,,COLOUR,paper,plans,1-81,complete set
Brandon,1891,,MDL G 3401 G475 1878-,32977,BW,microfiche,,,
Brandon,1910,,MDL G 3401 G475 1878-,10683,BW,microfiche,,,
Brandon,1910,1913,MDL G 3401 G475 1878-,10153,BW,microfiche,,,
Brandon,1928,,MDL G 3401 G475 1878-,10154,BW,microfiche,,,
Brandon,1957,,Fisher Rare Book Library,,COLOUR,paper,plans,52,
Brandon,1957,1963,MDL B2,,COLOUR,paper,plans,"pg 7-15, 27-28, 30-35, 47-49, 51-52, 54-56, 69-74, 89-92, 109-111, 131, 208-213, 227, 230",
Brandon,1963,,MDL G 3401 G475 1878-,117643,BW,microfiche,,,
Brantford,1897,,MDL G 3401 G475 1878-,9322,BW,microfiche,,,
Brantford,1919,1950,MDL G 3401 G475 1878-,9331,BW,microfiche,,,
Brantford,1965,,Fisher Rare Book Library,,COLOUR,paper,plans,83,
Brantford,1965,,MDL B2,,COLOUR,paper,plans,1-88,complete set
Brechin,1898,,MDL G 3401 G475 1878-,9323,BW,microfiche,,,
Bridgeburg,1916,,MDL G 3401 G475 1878-,9324,BW,microfiche,,,
Bridgetown,1962,,Fisher Rare Book Library,,COLOUR,paper,plans,10,
Bridgetown,1962,,MDL B2,,COLOUR,paper,plans,1-8,complete set
Bridgewater,1955,,Fisher Rare Book Library,,COLOUR,paper,plans,25,
Bridgewater,1955,,MDL B2,,COLOUR,paper,plans,1-23,complete set
Brigden,1894,,MDL G 3401 G475 1878-,9325,BW,microfiche,,,
Brigden,1894,[190?],MDL G 3401 G475 1878-,13917,BW,microfiche,,,
Brigham,1906,,Fisher Rare Book Library,,COLOUR,paper,plans,1,
Brighton,1911,1926,MDL B2,,COLOUR,paper,plans (large),"1, 4",incomplete set
Brighton,1911,1926,MDL G 3401 G475 1878-,9326,BW,microfiche,,,
Brighton,1926,,MDL B2,,COLOUR,paper,slips,Trans. 2-4,
Brighton,1970,,MDL B2,,BW,paper,index,,streets and blocks
Bristol,1947,,Fisher Rare Book Library,,COLOUR,paper,plans,1,
Brockville,1912,1931,MDL G 3401 G475 1878-,9327,BW,microfiche,,,
Brockville,1946,1931,Fisher Rare Book Library,,COLOUR,paper,plans,19,
Brockville,[1882],,MDL G 3401 G475 1878-,10750,BW,microfiche,,,
Brockville,[1882],,MDL G 3401 G475 1878-,10749,BW,microfiche,,,
Brooklin,1898,,MDL G 3401 G475 1878-,9329,BW,microfiche,,,
Brooklin,1898,1904,MDL G 3401 G475 1878-,9330,BW,microfiche,,,
Brooklyn,1940,,Fisher Rare Book Library,,COLOUR,paper,plans,4,
Brooklyn,1940,1942,MDL B2,,COLOUR,paper,plans (large),3,incomplete set
Brucefield,1904,,MDL G 3401 G475 1878-,9332,BW,microfiche,,,
Bruce Mines,1922,,Fisher Rare Book Library,,COLOUR,paper,plans,2,
Bruce Mines,1922,,MDL B2,,COLOUR,paper,plans (large),1-2,complete set
Brussels,1890,,MDL G 3401 G475 1878-,9334,BW,microfiche,,,
Brussels,1890,1904,MDL G 3401 G475 1878-,11950,BW,microfiche,,,
Buckingham,1962,,Fisher Rare Book Library,,COLOUR,paper,atlas,20,
Buctouche,1947,,Fisher Rare Book Library,,COLOUR,paper,plans,2,
Burford,1894,,MDL G 3401 G475 1878-,13918,BW,microfiche,,,
Burin,1956,,Fisher Rare Book Library,,COLOUR,paper,plans,9,
Burin,1956,,MDL B2,,COLOUR,paper,plans,1-7,complete set
Burks Falls,1921,,Fisher Rare Book Library,,COLOUR,paper,plans,3,
Burks Falls,1921,,MDL B2,,COLOUR,paper,plans (large),1-3,complete set
Burlington,1924,,Fisher Rare Book Library,,COLOUR,paper,plans,12,5 sh.
Burlington,1924,,MDL G 3401 G475 1878-,9336,BW,microfiche,,,
Burlington,1924,1932,MDL G 3401 G475 1878-,9337,BW,microfiche,,,
Burlington,1971,,Fisher Rare Book Library,,COLOUR,paper,plans,110,
Burlington,1971,,MDL B2,,COLOUR,paper,plans,1-110,complete set
Burnaby,1964,,Fisher Rare Book Library,,COLOUR,paper,plans,78,Vol.1
Burnaby,1964,,Fisher Rare Book Library,,COLOUR,paper,plans,48,Vol.2
Burns Lake,1954,1959,Fisher Rare Book Library,,COLOUR,paper,plans,3,
Byng Inlet,1899,,MDL G 3401 G475 1878-,9338,BW,microfiche,,,
Cache Bay,1915,,MDL G 3401 g475 1878-,9339,BW,microfiche,,,
Cacouna,1896,,Fisher Rare Book Library,,COLOUR,paper,plans,1,
Cadillac,1945,,Fisher Rare Book Library,,COLOUR,paper,plans,8,
Caledonia,1925,,Fisher Rare Book Library,,COLOUR,paper,plans,6,4 sh. in 7 sections
Caledonia,1925,,MDL B2,,COLOUR,paper,plans (large),1A-5,complete set
Calgary,1911,1913,MDL G 3401 G475 1878,10715,BW,microfiche,,,
Calgary,1911,,MDL G 3401 G475 1878-,10207,BW,microfiche,,,
Calgary,1911,,MDL G 3401 G475 1878-,32979,BW,microfiche,,,
Calgary,1911,,MDL G 3401 G475 1878-,10272,BW,microfiche,,,
Calgary,1911,1913,MDL G 3401 G475 1878-,10716,BW,microfiche,,,
Calgary,1911,1914,MDL G 3401 G475 1878-,10187,BW,microfiche,,,
Calgary,1911,,MDL G 3401 G475 1878 -,10270,BW,microfiche,,,
Calgary,1913,,MDL G 3401 G475 1878-,10718,BW,microfiche,,,
Calgary,1913,,MDL G 3401 G475 1878-,10717,BW,microfiche,,,
Calgary,1914,,MDL G 3401 G475 1878-,11334,BW,microfiche,,,
Calgary,1921,1947,MDL G 3401 G475 1878-,31759,BW,microfiche,,,
Calgary,1954,1961,Fisher Rare Book Library,,COLOUR,paper,plans,70,Vol.1
Calgary,1954,1972,Fisher Rare Book Library,,COLOUR,paper,plans,54,Vol.2
Calgary,1954,1972,Fisher Rare Book Library,,COLOUR,paper,plans,74,Vol.3
Calgary,1954,1961,Fisher Rare Book Library,,COLOUR,paper,plans,74,Vol.3 2nd Edition
Calgary,1954,1963,Fisher Rare Book Library,,COLOUR,paper,plans,45,Vol.4
Calgary,1954,1961,MDL B2,,COLOUR,paper,plans,1-29,Vol. 1
Calgary,1954,1972,MDL B2,,COLOUR,paper,plans,39,Incomplete set
Calgary,1954,,MDL G 3401 G475 1878-,46905,BW,microfiche,,,
Calgary,1955,,Fisher Rare Book Library,,COLOUR,paper,plans,51,Vol.5
Calgary,1955,,Fisher Rare Book Library,,COLOUR,paper,plans,41,Vol.6
Calgary,1955,1972,Fisher Rare Book Library,,COLOUR,paper,plans,27,Vol.8
Calgary,1955,,Fisher Rare Book Library,,COLOUR,paper,plans,10,Vol.9
Calgary,1955,1972,MDL B2,,COLOUR,paper,plans,1-13,
Calgary,1963,1972,Fisher Rare Book Library,,COLOUR,paper,plans,80,Vol.7
Calgary,1963,,Fisher Rare Book Library,,COLOUR,paper,plans,20,Vol.10
Calgary,1972,,MDL B2,,COLOUR,paper,index,,
Calgary,1972,,MDL B2,,COLOUR,paper,slips,5,Vol. 2 (addendums)
Callander,1915,,MDL G 3401 G475 1878-,9341,BW,microfiche,,,
Calumet,1914,,Fisher Rare Book Library,,COLOUR,paper,plans,2,
Camden East,1904,,MDL G 3401 G475 1878-,9342,BW,microfiche,,,
Campbellford,1926,,Fisher Rare Book Library,,COLOUR,paper,plans,8,
Campbellford,1926,,MDL B2,,COLOUR,paper,plans (large),1-8,complete set
Campbellford,1926,1929,MDL G 3401 G475 1878-,9344,BW,microfiche,,,
Campbellford,1929,,MDL B2,,COLOUR,paper,slips,Trans. 1-5,
Campbellford,1970,,MDL B2,,BW,paper,index,,streets and blocks
Campbell River,1957,,Fisher Rare Book Library,,COLOUR,paper,plans,9,
Campbell River,1957,,MDL B2,,COLOUR,paper,plans,1-8,complete set
Campbellton,1952,,Fisher Rare Book Library,,COLOUR,paper,plans,24,
Campbellton,1952,,MDL B2,,COLOUR,paper,plans,"1-15, 26-31",complete set
Camrose,1955,,Fisher Rare Book Library,,COLOUR,paper,plans,12,
Camrose,1955,,MDL B2,,COLOUR,paper,plans,1-12,
Canning,1922,1940,Fisher Rare Book Library,,COLOUR,paper,plans,1,
Cannington,1884,,MDL G 3401 G475 1878-,13920,BW,microfiche,,,
Cannington,1910,,Fisher Rare Book Library,,COLOUR,paper,plans,5,
Cannington,1910,,MDL B2,,COLOUR,paper,plans (large),1-5,complete set
Cannington,1910,1925,MDL G 3401 G475 1878-,11911,BW,microfiche,,,
Cannington,1925,,MDL B2,,COLOUR,paper,slips,"Trans. 1, 2",
Cannington,1925,,MDL G 3401 G475 1878-,98376,BW,microfiche,,,
Canso,1922,,Fisher Rare Book Library,,COLOUR,paper,plans,2,2 cops.
Canso & Inverness,1922,,MDL B2,,COLOUR,paper,slips,Trans. 22,
Canterbury,1934,,Fisher Rare Book Library,,COLOUR,paper,plans,1,
Cap De La Madeleine,1958,,Fisher Rare Book Library,,COLOUR,paper,atlas,65,
Capreol,1950,,Fisher Rare Book Library,,COLOUR,paper,plans,4,
Capreol,1950,,MDL B2,,COLOUR,paper,plans (large),1-4,complete set
Cap Sante,1897,,Fisher Rare Book Library,,COLOUR,paper,plans,1,
Cap St. Ignace,1896,,Fisher Rare Book Library,,COLOUR,paper,plans,2,2 cops.
Carberry,1964,,Fisher Rare Book Library,,COLOUR,paper,plans,7,
Carberry,1964,,MDL B2,,COLOUR,paper,plans,odds,index & pg. 5 only
Carbonear,1893,1911,MDL G 3401 G475 1878-,51383,BW,microfiche,,,
Carbonear,1946,,MDL B2,,BW,paper,plans (large),2,incomplete set. Printed on back of sh. 2 Penetanguishene plan (large)
Carbonear,1963,,Fisher Rare Book Library,,COLOUR,paper,plans,10,
Carbonear,1963,,MDL B2,,COLOUR,paper,plans,1-8,complete set
Cardigan & Crapeau,1946,,MDL B2,,COLOUR,paper,slips,Trans. 10,
Cardinal,1917,1928,MDL G 3401 G475 1878-,10713,BW,microfiche,,,
Cardinal,1917,1928,MDL B2,,COLOUR,paper,plans (large),"1, 4, 5",incomplete set
Cardinal,1928,,MDL B2,,COLOUR,paper,slips,"Trans. 1, 2",
Cardston,1960,,Fisher Rare Book Library,,COLOUR,paper,plans,11,
Cardston,1960,,MDL B2,,COLOUR,paper,plans,1-11,
Carleton Place,1902,1926,Fisher Rare Book Library,,COLOUR,paper,plans,10,6 sh.
Carleton Place,1902,1919,MDL G 3401 G475 1878-,9881,BW,microfiche,,,
Carleton Place,1926,1950,MDL G 3401 G475 1878-,9347,BW,microfiche,,,
Carleton Place,1926,,MDL G 3401 G475 1878-,9348,BW,microfiche,,,
Carleton Place,1926,1950,MDL B2,,COLOUR,paper,plans (large),"1, 3, 4, 6, 10",incomplete set
Carleton Place,1950,,MDL G 3401 G475 1878-,98387,BW,microfiche,,,
Carleton Place,1950,,MDL B2,,COLOUR,paper,slips,Trans. 1-6,
Carleton Place,1963,,MDL B2,,BW,paper,index,,streets
Carp,1897,,MDL G 3401 G475 1878-,9349,BW,microfiche,,,
Carp,1897,1908,MDL G 3401 G475 1878-,9350,BW,microfiche,,,
Casselman,1900,,MDL G 3401 G475 1878-,9351,BW,microfiche,,,
Castlegar,1959,,Fisher Rare Book Library,,COLOUR,paper,plans,8,
Castlegar,1959,,MDL B2,,COLOUR,paper,plans,1-4,complete set
Castleton,1898,,MDL G 3401 G475 1878-,9352,BW,microfiche,,,
Castleton,1898,1904,MDL G 3401 G475 1878-,9353,BW,microfiche,,,
Cayuga,1887,,MDL G 3401 G475 1878-,9354,BW,microfiche,,,
Cayuga,1887,1909,MDL G 3401 G475 1878-,13921,BW,microfiche,,,
Centreville,1944,,Fisher Rare Book Library,,COLOUR,paper,plans,2,
Centreville,1944,,MDL B2,,COLOUR,paper,plans (large),1-2,complete set
Chambly,1962,,Fisher Rare Book Library,,COLOUR,paper,plans,28,
Chambord,1906,,Fisher Rare Book Library,,COLOUR,paper,plans,1,
Champlain,1897,,Map and Data Library,,COLOUR,Digital,plans,,ZOOMIFY; JPEG
Champlain,1897,,Fisher Rare Book Library,,COLOUR,paper,plans,1,
Chandler,1960,,Fisher Rare Book Library,,COLOUR,paper,plans,14,
Chapleau,1924,,MDL G 3401 G475 1878-,9355,BW,microfiche,,,
Chapleau,1950,,Fisher Rare Book Library,,COLOUR,paper,plans,5,
Chapleau,1950,,MDL B2,,COLOUR,paper,plans (large),1-5,complete set
Charlemagne,1905,,Fisher Rare Book Library,,COLOUR,paper,plans,1,
Charlottetown,1951,,MDL B2,,COLOUR,paper,slips,,
Charlottetown,1956,1968,Fisher Rare Book Library,,COLOUR,paper,plans,56,
Charny,1960,,Fisher Rare Book Library,,COLOUR,paper,plans,13,
Chateauguay Basin,1909,,Fisher Rare Book Library,,COLOUR,paper,plans,2,
Chateauguay Village,1909 1,,Fisher Rare Book Library,,COLOUR,paper,plans,,
Chateau Richer,1906,,Fisher Rare Book Library,,COLOUR,paper,plans,2,
Chatham,1952,,Fisher Rare Book Library,,COLOUR,paper,plans,14,
Chatham,1952,,MDL B2,,COLOUR,paper,plans,1-17,complete set
Chatham,1954,,Fisher Rare Book Library,,COLOUR,paper,plans,65,
"Chatham, On",1954,,MDL B2,,COLOUR,paper,plans,1-43,
Chatsworth,1896,[19-?],MDL G 3401 G475 1878-,13922,BW,microfiche,,,
Cheltenham,1898,,MDL G 3401 G475 1878-,9358,BW,microfiche,,,
Chemainus,1957,,Fisher Rare Book Library,,COLOUR,paper,plans,5,
Chemainus,1957,,MDL B2,,COLOUR,paper,plans,1-4,
Cheneville,1908,,Fisher Rare Book Library,,COLOUR,paper,plans,2,
Chesley,1890,1904,MDL G 3401 G475 1878-,13923,BW,microfiche,,,
Chesley,1924,,Fisher Rare Book Library,,COLOUR,paper,plans,3,
Chesley,1924,,MDL B2,,COLOUR,paper,plans (large),1-3,complete set
Chester,1924,1941,Fisher Rare Book Library,,COLOUR,paper,plans,6,
Chester,1924,1941,MDL B2,,COLOUR,paper,plans (large),3-6,incomplete set
Chesterville,1928,,Fisher Rare Book Library,,COLOUR,paper,plans,5,
Chesterville,1928,,MDL B2,,COLOUR,paper,plans (large),1-5,complete set
Chilliwack,1953,,Fisher Rare Book Library,,COLOUR,paper,plans,16,
Chilliwack,1953,,MDL B2,,COLOUR,paper,plans,odds,title sheet and index only
Chipman,1957,,Fisher Rare Book Library,,COLOUR,paper,plans,12,
Chipman,1957,,MDL B2,,COLOUR,paper,plans,1-10,complete set
Claremont,1898,,MDL G 3401 G475 1878-,9361,BW,microfiche,,,
Claremont,1898,1910,MDL G 3401 G475 1878-,13924,BW,microfiche,,,
Clarksburg,1926,,Fisher Rare Book Library,,COLOUR,paper,plans,1,
Clarksburg,1926,,MDL B2,,COLOUR,paper,plans (large),1,complete set
Clarkson,1936,,MDL G 3401 G475 1878-,9363,BW,microfiche,,,
Clifford,1885,,MDL G 3401 G475 1878-,10621,BW,microfiche,,,
Clifford,1885,1904,MDL G 3401 G475 1878-,13925,BW,microfiche,,,
Clinton,1925,,Fisher Rare Book Library,,COLOUR,paper,plans,6,
Clinton,1925,,MDL B2,,COLOUR,paper,plans (large),1-5,complete set
Clinton,1925,,MDL G 3401 G475 1878-,9364,BW,microfiche,,,
Coaticook,1960,,Fisher Rare Book Library,,COLOUR,paper,plans,22,
Cobalt,1948,,MDL G 3401 G475 1878-,9365,BW,microfiche,,,
Cobden,1908,,Fisher Rare Book Library,,COLOUR,paper,plans,4,1 sh.
Coboconk,1910,,Fisher Rare Book Library,,COLOUR,paper,plans,2,
Cobourg,1919,1946,MDL G 3401 G475 1878-,9368,BW,microfiche,,,
Cochrane,1919,1928,MDL G 3401 G475 1878-,9369,BW,microfiche,,,
Cochrane,1950,,Fisher Rare Book Library,,COLOUR,paper,plans,7,
Cochrane,1950,,MDL B2,,COLOUR,paper,plans (large),1-7,complete set
Colborne,1934,,Fisher Rare Book Library,,COLOUR,paper,plans,4,2 copies
Colborne,1934,,MDL B2,,COLOUR,paper,plans (large),1-4,complete set
Coldwater,1926,,Fisher Rare Book Library,,COLOUR,paper,plans,2,1 col.
Coldwater,1926,,MDL B2,,COLOUR,paper,plans (large),1-2,complete set
Collingwood,1901,,MDL G 3401 G475 1878-,10576,BW,microfiche,,,
Collingwood,1955,,Fisher Rare Book Library,,COLOUR,paper,plans,24,
Collingwood,1955,,MDL B2,,COLOUR,paper,plans,1-22,complete set
Comber,1890,1906,MDL G 3401 G475 1878-,9373,BW,microfiche,,,
Comox,1957,,Fisher Rare Book Library,,COLOUR,paper,plans,4,
Consecon,1892,,MDL G 3401 G475 1878-,9374,BW,microfiche,,,
Consecon,1892,1904,MDL G 3401 G475 1878-,9375,BW,microfiche,,,
Contrecoeur,1896,,Fisher Rare Book Library,,COLOUR,paper,plans,1,
Cookstown,1885,,MDL G 3401 G475 1878-,9376,BW,microfiche,,,
Cookstown,1885,1904,MDL G 3401 G475 1878-,13926,BW,microfiche,,,
Cooksville,1910,,MDL G 3401 G475 1878-,9377,BW,microfiche,,,
Cooksville,1932,,MDL G 3401 G475 1878-,9378,BW,microfiche,,,
Cooksville,1939,,Fisher Rare Book Library,,COLOUR,paper,plans,4,1 sh.
Cooksville,1939,,MDL G 3401 G475 1878-,9379,BW,microfiche,,,
Corbyville,1895,1904,MDL G 3401 G475 1878-,13927,BW,microfiche,,,
Corbyville,1928,,MDL G 3401 G475 1878-,16287,BW,microfiche,,,
Corner Brook,1954,1969,Fisher Rare Book Library,,COLOUR,paper,plans,66,
Corner Brook,1954,1969,MDL B2,,COLOUR,paper,plans,1-90,complete set
Cornwall,1882,,MDL G 3401 G475 1878-,9380,BW,microfiche,,,
Cornwall,1895,1916,MDL G 3401 G475 1878-,9381,BW,microfiche,,,
Cornwall,1947,,MDL G 3401 G475 1878-,52963,BW,microfiche,,,
Cornwall,1947,,MDL G 3401 G475 1878-,9382,BW,microfiche,,,
Cornwall,1963,,Fisher Rare Book Library,,COLOUR,paper,plans,85,
Cornwall,1963,,MDL B2,,COLOUR,paper,plans,1-81,complete set
Coteau Landing,1897,,Fisher Rare Book Library,,COLOUR,paper,plans,1,
Courtenay,1957,,Fisher Rare Book Library,,COLOUR,paper,plans,10,
Courtenay,1957,,MDL B2,,COLOUR,paper,plans,1-8,complete set
Courtright,1896,,MDL G 3401 G475 1878-,9383,BW,microfiche,,,
Courtright,1896,1906,MDL G 3401 G475 1878-,14002,BW,microfiche,,,
Cowansville,1951,,Fisher Rare Book Library,,COLOUR,paper,plans,12,
Cranbrook,1953,1959,Fisher Rare Book Library,,COLOUR,paper,plans,14,
Crapaud,1956,,Fisher Rare Book Library,,COLOUR,paper,plans,5,
Crediton,1896,,MDL G 3401 G475 1878-,9384,BW,microfiche,,,
Crediton,1896,1904,MDL G 3401 G475 1878-,13928,BW,microfiche,,,
Creemore,1894,1904,MDL G 3401 G475 1878-,9385,BW,microfiche,,,
Creemore,1929,,Fisher Rare Book Library,,COLOUR,paper,plans,2,
Creemore,1929,,MDL B2,,COLOUR,paper,plans (large),1-2,complete set
Crysler,1902,,MDL G 3401 G475 1878-,9387,BW,microfiche,,,
Crystal Beach,1909,1927,MDL G 3401 G475 1878-,9388,BW,microfiche,,,
Cumberland,1954,,Fisher Rare Book Library,,COLOUR,paper,plans,8,
Cumberland,1954,,MDL B2,,COLOUR,paper,plans,1-7,complete set
Cutler,1896,1899,MDL G 3401 G475 1878-,9389,BW,microfiche,,,
Cutler,1903,,MDL G 3401 G475 1878-,9390,BW,microfiche,,,
Cutler,1903,1905,MDL G 3401 G475 1878-,9391,BW,microfiche,,,
Cutler,1903,1908,MDL G 3401 G475 1878-,9392,BW,microfiche,,,
D?israeli,1955,,Fisher Rare Book Library,,COLOUR,paper,plans,11,
Dalhousie,1952,,Fisher Rare Book Library,,COLOUR,paper,plans,12,
Dalhousie,1952,,MDL B2,,COLOUR,paper,plans,1-11,complete set
Dartmouth,1947,,MDL G 3401 G475 1878-,7878,BW,microfiche,,,
Dartmouth,1961,1973,Fisher Rare Book Library,,COLOUR,paper,plans,110,
Dartmouth,1961,1973,MDL B2,,COLOUR,paper,plans,27-84,update only (complete set)
Dartmouth,1961,,MDL B2,,BW,paper,slips,,
Dashwood,1896,,MDL G 3401 G475 1878-,9393,BW,microfiche,,,
Dashwood,1896,[1904],MDL G 3401 G475 1878-,9394,BW,microfiche,,,
Dauphin,1959,,Fisher Rare Book Library,,COLOUR,paper,plans,12,
Dauphin,1959,,MDL B2,,COLOUR,paper,plans,1-14,complete set
Dawson Creek,1959,1960,Fisher Rare Book Library,,COLOUR,paper,plans,10,
Deep River,1958,,Fisher Rare Book Library,,COLOUR,paper,plans,12,
Deep River,1958,,MDL B2,,COLOUR,paper,plans,1-9,complete set
Deer Lake,1954,,Fisher Rare Book Library,,COLOUR,paper,plans,11,
Deer Lake,1954,,MDL B2,,COLOUR,paper,plans,1-9,complete set
Delaware,1896,,MDL G 3401 G475 1878-,9395,BW,microfiche,,,
Delaware,1896,1906,MDL G 3401 G475 1878-,14001,BW,microfiche,,,
Delhi,1938,,MDL G 3401 G475 1878-,13929,BW,microfiche,,,
Delhi,1949,,Fisher Rare Book Library,,COLOUR,paper,plans,7,
Delhi,1949,,MDL B2,,COLOUR,paper,plans (large),1-7,complete set
Delhi,1962,,MDL B2,,BW,paper,index,,streets and blocks
Delta,1897,,MDL G 3401 G475 1878-,9397,BW,microfiche,,,
Depot Harbour,1899,,MDL G 3401 G475 1878-,9398,BW,microfiche,,,
Depot Harbour,1899,1908,MDL G 3401 G475 1878-,9399,BW,microfiche,,,
Depot Harbour,1901,,MDL G 3401 G475 1878-,10573,BW,microfiche,,,
Desbarats,1905,,MDL G 3401 G475 1878-,9400,BW,microfiche,,,
Deschambault,1897,,Fisher Rare Book Library,,COLOUR,paper,plans,1,
Deseronto,1922,,Fisher Rare Book Library,,COLOUR,paper,plans,4,
Deseronto,1922,,MDL B2,,COLOUR,paper,plans (large),1-4,complete set
Deseronto,1922,1931,MDL G 3401 G475 1878-,11913,BW,microfiche,,,
Deseronto,1922,1931,MDL G 3401 G475 1878-,13930,BW,microfiche,,,
Deseronto,1931,,MDL G 3401 G475 1878-,98377,BW,microfiche,,,
Deseronto,1963,,MDL B2,,BW,paper,index,,streets and blocks
Didsbury,1960,,Fisher Rare Book Library,,COLOUR,paper,plans,8,
Didsbury,1960,,MDL B2,,COLOUR,paper,plans,1-8,
Digby,1951,,Fisher Rare Book Library,,COLOUR,paper,plans,9,
Digby,1951,,MDL B2,,COLOUR,paper,plans,1-8,complete set
Dolbeau,1953,,Fisher Rare Book Library,,COLOUR,paper,plans,12,
Donnacona,1927,,MDL G 3401 G475 1878-,10594,BW,microfiche,,,
Dorchester,1934,,Fisher Rare Book Library,,COLOUR,paper,plans,4,
Dorchester Station,1898,,MDL G 3401 G475 1878-,9402,BW,microfiche,,,
Dorchester Station,1898,1906,MDL G 3401 G475 1878-,13931,BW,microfiche,,,
Dorval,1957,1961,Fisher Rare Book Library,,COLOUR,paper,plans,48,
Drayton,1885,,MDL G 3401 G475 1878-,13932,BW,microfiche,,,
Drayton,1894,,MDL G 3401 G475 1878-,13933,BW,microfiche,,,
Drayton,1894,,MDL G 3401 G475 1878-,9403,BW,microfiche,,,
Dresden,1882,1953,MDL G 3401 G475 1878-,13934,BW,microfiche,,,
Dresden,1889,[1913],MDL G 3401 G475 1878-,11917,BW,microfiche,,,
Dresden,1889,1906,MDL G 3401 G475 1878-,9404,BW,microfiche,,,
Drumbo,1894,,MDL G 3401 G475 1878-,9405,BW,microfiche,,,
Drumbo,1894,1904,MDL G 3401 G475 1878-,13935,BW,microfiche,,,
Drumheller,1955,,Fisher Rare Book Library,,COLOUR,paper,plans,9,
Drumheller,1955,,MDL B2,,COLOUR,paper,plans,1-9,
Drummondville,1934,,MDL B2,,COLOUR,paper,plans (large),14,
Drummondville & Vicinity,1962,,Fisher Rare Book Library,,COLOUR,paper,plans,84,
Dryden,1961,,Fisher Rare Book Library,,COLOUR,paper,plans,17,
Dryden,1961,,MDL B2,,COLOUR,paper,plans,1-14,complete set
Dublin,1893,,MDL G 3401 G475 1878-,14954,BW,microfiche,,,
Dublin,1906,,MDL G 3401 G475 1878-,14955,BW,microfiche,,,
Duncan,1953,1954,Fisher Rare Book Library,,COLOUR,paper,plans,5,
Duncan,1953,,MDL B2,,COLOUR,paper,plans,1-4,complete set
Dundalk,1885,,MDL G 3401 G475 1878-,13936,BW,microfiche,,,
Dundalk,1894,1904,MDL G 3401 G475 1878-,13937,BW,microfiche,,,
Dundas,1880,,MDL G 3401 G475 1878-,51400,BW,microfiche,,,
Dundas,1880,,MDL G 3401 G475 1878-,9406,BW,microfiche,,,
Dundas,1882,,MDL G 3401 G475 1878-,117151,BW,microfiche,,,
Dundas,1951,,Fisher Rare Book Library,,COLOUR,paper,plans,13,
Dundas,1951,,MDL B2,,COLOUR,paper,plans (large),1-13,complete set
Dunnville,1955,,Fisher Rare Book Library,,COLOUR,paper,plans,18,
Dunnville,1955,,MDL B2,,COLOUR,paper,plans,1-16,complete set
Durham,1904,,MDL G 3401 G475 1878-,9408,BW,microfiche,,,
Dutton,1906,,MDL G 3401 G475 1878-,13939,BW,microfiche,,,
Dutton,1946,,Fisher Rare Book Library,,COLOUR,paper,plans,4,
East Angus,1922,,Fisher Rare Book Library,,COLOUR,paper,plans,4,
East Angus,1922,,MDL B2,,COLOUR,paper,plans (large),1-4,complete set
East Brough,1934,,MDL B2,,COLOUR,paper,slips,,
East Broughton,1934,,Fisher Rare Book Library,,COLOUR,paper,plans,6,
East Florenceville,1950,,MDL B2,,COLOUR,paper,plans (large),1-3,complete set
East Florenceville,1950,,Fisher Rare Book Library,,COLOUR,paper,plans,3,
East Kildonan,1961,,Fisher Rare Book Library,,COLOUR,paper,plans,36,
East Kildonan,1961,,MDL B2,,COLOUR,paper,plans,1-30,complete set
Edinburgh,1892-1906,,MDL G 3401 G475 1878-,15149,BW,microfiche,,,
Edmonton,1913,1914,MDL G 3401 G475 1878-,10205,BW,microfiche,,,
Edmonton,1913,1914,MDL G 3401 G475 1878-,10206,BW,microfiche,,,
Edmonton,1953,,Fisher Rare Book Library,,COLOUR,paper,plans,30,Vol.3
Edmonton,1953,,Fisher Rare Book Library,,COLOUR,paper,plans,25,Vol.4
Edmonton,1953,,Fisher Rare Book Library,,COLOUR,paper,plans,50,Vol.5
Edmonton,1953,1966,Fisher Rare Book Library,,COLOUR,paper,plans,27,Vol.7
Edmonton,1953,1966,MDL B2,,COLOUR,paper,plans,1-25,Vol. 7 
Edmonton,1954,1959,Fisher Rare Book Library,,COLOUR,paper,plans,62,Vol.8
Edmonton,1954,1966,Fisher Rare Book Library,,COLOUR,paper,plans,28,Vol.9
Edmonton,1954,,Fisher Rare Book Library,,COLOUR,paper,plans,8,Vol.14
Edmonton,1954,1966,Fisher Rare Book Library,,COLOUR,paper,plans,51,Vol.15
Edmonton,1954,1966,MDL B2,,COLOUR,paper,plans,1-28,Vol. 9
Edmonton,1954,,MDL B2,,COLOUR,paper,plans,1-8,Vol. 14
Edmonton,1954,1966,MDL B2,,COLOUR,paper,plans,16,Vol. 15 - Incomplete set
Edmonton,1959,,Fisher Rare Book Library,,COLOUR,paper,plans,81,Vol.1
Edmonton,1959,1959,MDL B2,,BW,paper,index,,
Edmonton,1959,,MDL B2,,COLOUR,paper,plans,77,Vol. 1 - Incomplete set
Edmonton,1964,,Fisher Rare Book Library,,COLOUR,paper,plans,68,Vol.12
Edmonton,1964,,MDL B2,,COLOUR,paper,plans,odds,Vol. 12
Edmonton,1965,,Fisher Rare Book Library,,COLOUR,paper,plans,33,Vol.6
Edmonton,1965,,MDL B2,,COLOUR,paper,plans,1-33,Vol. 6
Edmundston,1911,1914,MDL G 3401 G475 1878-,9042,BW,microfiche,,,
Edmunston,1963,,Fisher Rare Book Library,,COLOUR,paper,plans,31,
Edmunston,1963,,MDL B2,,COLOUR,paper,plans,1-28,complete set
Eganville,1896,[1908],MDL G 3401 G475 1878-,11918,BW,microfiche,,,
Elgin,1908,,MDL G 3401 G475 1878-,9410,BW,microfiche,,,
Elk Lake,1909,,Fisher Rare Book Library,,COLOUR,paper,plans,3,
Elliot Lake,1958,,MDL B2,,COLOUR,paper,plans,1-14,complete set
Elliott Lake,1958,,Fisher Rare Book Library,,COLOUR,paper,plans,17,
Elmira,1923,,Fisher Rare Book Library,,COLOUR,paper,plans,3,
Elmira,1923,,MDL B2,,COLOUR,paper,plans (large),1-3,complete set
Elmvale,1900,1904,MDL G 3401 G475 1878-,13940,BW,microfiche,,,
Elmvale,1939,,Fisher Rare Book Library,,COLOUR,paper,plans,2,
Elmwood,1896,[190?],MDL G 3401 G475 1878-,13941,BW,microfiche,,,
Elora,1890,,MDL G 3401 G475 1878-,16288,BW,microfiche,,,
Elora,1890,1904,MDL G 3401 G475 1878-,13942,BW,microfiche,,,
Elora,[191?]1899,,MDL G 3401 G475 1878-,13943,BW,microfiche,,,
Embro,1894,,MDL G 3401 G475 1878-,9415,BW,microfiche,,,
Embro,1894,1904,MDL G 3401 G475 1878-,9416,BW,microfiche,,,
Embrum,1902,,MDL G 3401 G475 1878-,9417,BW,microfiche,,,
Embrum,1902,1908,MDL G 3401 G475 1878-,9418,BW,microfiche,,,
Enderby,1955,,Fisher Rare Book Library,,COLOUR,paper,plans,6,
Enderby,1955,,MDL B2,,COLOUR,paper,plans,1-5,complete set
Englehart,1952,,Fisher Rare Book Library,,COLOUR,paper,plans,4,
Englehart,1952,,MDL B2,,COLOUR,paper,plans,1-4,complete set
Enterprise,1915,,MDL G 3401 G475 1878-,9419,BW,microfiche,,,
Erin,1891,1896,MDL G 3401 G475 1878-,13944,BW,microfiche,,,
Erin,1907,,MDL G 3401 G475 1878-,9420,BW,microfiche,,,
Espanola,1905,,MDL G 3401 G475 1878-,9421,BW,microfiche,,,
Esquimalt,1968,,MDL B2,,COLOUR,paper,plans,1-9,complete set
Esquimalt,1969,,Fisher Rare Book Library,,COLOUR,paper,plans,12,
Essex,1903,1913,MDL G 3401 G475 1878-,13945,BW,microfiche,,,
Essex,1917,,MDL G 3401 G475 1878,9422,BW,microfiche,,,
Essex,1917,1926,MDL G 3401 G475 1878-,9423,BW,microfiche,,,
Essex,1926,,MDL B2,,COLOUR,paper,plans (large),7,incomplete set
Essex,1926,,MDL B2,,COLOUR,paper,slips,Trans. 1-3,
Estevan,1957,1970,Fisher Rare Book Library,,COLOUR,paper,plans,21,
Exeter,1926,,Fisher Rare Book Library,,COLOUR,paper,plans,7,6 sh.
Exeter,1926,,MDL B2,,COLOUR,paper,plans (large),1-6,complete set
Farran,1908,,MDL G 3401 G475 1878-,9425,BW,microfiche,,,
Fenelon Falls,1890,1894,MDL G 3401 G475 1878-,13946,BW,microfiche,,,
Fenelon Falls,1898,1910,MDL G 3401 G475 1878-,9426,BW,microfiche,,,
Fergus,1890,,MDL G 3401 G475 1878-,13947,BW,microfiche,,,
Fergus,1921,1935,Fisher Rare Book Library,,COLOUR,paper,plans,6,
Fergus,1921,1935,MDL B2,,COLOUR,paper,plans (large),3,incomplete set
Fergus,1921,1935,MDL G 3401 G475 1878-,9428,BW,microfiche,,,
Fergus,1935,,MDL B2,,COLOUR,paper,slips,"Trans. 1, 2",
Fergus,1935,,MDL G 3401 G475 1878-,98378,BW,microfiche,,,
Fernie,1956,1959,Fisher Rare Book Library,,COLOUR,paper,plans,12,
Fernie,1956,1959,MDL B2,`,COLOUR,paper,plans,1-11,complete set
Ferrona,1894,,Fisher Rare Book Library,,COLOUR,paper,plans,1,
Ferrona,1894,,MDL B2,,COLOUR,paper,plans (large),1,complete set
Finch,1902,,MDL G 3401 G475 1878-,9429,BW,microfiche,,,
Fingal,1896,,MDL G 3401 G475 1878-,9430,BW,microfiche,,,
Fingal,1896,1901,MDL G 3401 G475 1878-,9431,BW,microfiche,,,
Flesherton,1894,,MDL G 3401 G475 1878-,9432,BW,microfiche,,,
Flesherton,1894,1904,MDL G 3401 G475 1878-,13948,BW,microfiche,,,
Flin Flon,1959,,Fisher Rare Book Library,,COLOUR,paper,plans,8,
Flin Flon,1959,,MDL B2,,COLOUR,paper,plans,1-6,complete set
Florence,1898,,MDL G 3401 G475 1878-,9435,BW,microfiche,,,
Florence,1898,1906,MDL G 3401 G475 1878-,13949,BW,microfiche,,,
Fonthill,1925,,Fisher Rare Book Library,,COLOUR,paper,plans,3,
Fonthill,1925,,MDL B2,,COLOUR,paper,plans (large),1-3,complete set
Fonthill,1925,,MDL G 3401 G475 1878-,9436,BW,microfiche,,,
Fordwich,1896,,MDL G 3401 G475 1878-,9433,BW,microfiche,,,
Fordwich,1896,1907,MDL G 3401 G475 1878-,9434,BW,microfiche,,,
Forest,1925,,Fisher Rare Book Library,,COLOUR,paper,plans,3,
Forest,1925,,MDL B2,,COLOUR,paper,plans (large),1-3,complete set
Forestville,1960,,Fisher Rare Book Library,,COLOUR,paper,plans,15,
Fort Erie,1926,,MDL G 3401 G475 1878-,31780,BW,microfiche,,,
Fort Erie,1951,1961,Fisher Rare Book Library,,COLOUR,paper,plans,23,
Fort Erie,1951,,MDL B2,,COLOUR,paper,plans,1-21,complete set
Fort Frances,1931,,MDL G 3401 G475 1878-,9439,BW,microfiche,,,
Fort Frances,1961,,Fisher Rare Book Library,,COLOUR,paper,plans,31,
Fort Frances,1961,,MDL B2,,COLOUR,paper,plans,1-24,complete set
Fort Garry,1960,,Fisher Rare Book Library,,COLOUR,paper,plans,46,
Fort Macleod,1960,,Fisher Rare Book Library,,COLOUR,paper,plans,16,
Fort Macleod,1960,,MDL B2,,COLOUR,paper,plans,1-16,
Fort St. John,1960,,Fisher Rare Book Library,,COLOUR,paper,plans,8,
Fortune,1956,,Fisher Rare Book Library,,COLOUR,paper,plans,7,
Fortune,1956,,MDL B2,,COLOUR,paper,plans,1-5,complete set
Fort William,1889,1895,MDL G 3401 G475 1878-,13951,BW,microfiche,,,
Fort William,1891,,MDL G 3401 G475 1878-,10545,BW,microfiche,,,
Fort William,1891,1895,MDL G 3401 G475 1878-,13950,BW,microfiche,,,
Fort William,1905,,MDL G 3401 G475 1878-,10540,BW,microfiche,,,
Fort William,1909,,MDL G 3401 G475 1878-,10546,BW,microfiche,,,
Fort William,1909,,MDL G 3401 G475 1878-,10547,BW,microfiche,,,
Fort William,1911,,MDL G 3401 G475 1878-,10544,BW,microfiche,,,
Fort William,1911,,MDL G 3401 G475 1878-,10542,BW,microfiche,,,
Fort William,1911,,MDL G 3401 G475 1878-,10543,BW,microfiche,,,
Fort William,1961,,MDL B2,,COLOUR,paper,plans,1-87,complete set
Foxboro,1898,,MDL G 3401 G475 1878-,9440,BW,microfiche,,,
Frankford,1893,,MDL G 3401 G475 1878-,9441,BW,microfiche,,,
Frankford,1893,[1904],MDL G 3401 G475 1878-,9442,BW,microfiche,,,
Frankford,1893,1904,MDL G 3401 G475 1878-,13952,BW,microfiche,,,
Fredericton,1911,1917,MDL G 3401 G475 1878-,9043,BW,microfiche,,,
Fredericton,1963,,Fisher Rare Book Library,,COLOUR,paper,plans,65,
Fredericton,1968,,MDL B2,,COLOUR,paper,plans,1-60,complete set
Frelighsburg,1906,,Fisher Rare Book Library,,COLOUR,paper,plans,1,
French River,1896,1901,MDL G 3401 G475 1878,9444,BW,microfiche,,,
French River,1896,,MDL G 3401 G475 1878-,9443,BW,microfiche,,,
Gagetown,1939,,Fisher Rare Book Library,,COLOUR,paper,plans,2,
Gagetown,1939,,MDL B2,,COLOUR,paper,plans (large),1-2,complete set
Galt,1929,,Fisher Rare Book Library,,COLOUR,paper,plans,26,25 sh.
Galt,1929,,MDL B2,,BW,paper,plans (large),1,also index
Gananoque,1917,1926,MDL G 3401 G475 1878-,9452,BW,microfiche,,,
Gananoque,1947,,Fisher Rare Book Library,,COLOUR,paper,plans,12,
Gananoque,1947,,MDL B2,,COLOUR,paper,plans (large),1-12,"complete set. Toronto, Montreal slips printed on backs."
Gananoque,1962,,MDL B2,,BW,paper,index,,streets and blocks
Gander,1954,1962,Fisher Rare Book Library,,COLOUR,paper,plans,16,
Gander,1969,,MDL B2,,COLOUR,paper,plans,1-13,complete set
Garden River,1905,,MDL G 3401 G475 1878-,9446,BW,microfiche,,,
Gatineau,1954,,Fisher Rare Book Library,,COLOUR,paper,plans,22,
Georgetown,1922,1934,MDL G 3401 G475 1878-,9447,BW,microfiche,,,
Georgetown,1956,,Fisher Rare Book Library,,COLOUR,paper,plans,5,
Georgetown,1960,,Fisher Rare Book Library,,COLOUR,paper,plans,21,
Georgetown,1960,,MDL B2,,COLOUR,paper,plans,1-16,complete set
Glace Bay,1959,,MDL B2,,COLOUR,paper,plans,,complete set
Glace Bay C.B.,1928,1938,Fisher Rare Book Library,,COLOUR,paper,plans,,5 sh.
Glace Bay C.B.,1959,,Fisher Rare Book Library,,COLOUR,paper,plans,64,
Glasgow Scotland,1890,,MDL G 3401 G475 1878-,15558,BW,microfiche,,,
Glencoe,1930,,Fisher Rare Book Library,,COLOUR,paper,plans,4,3 sh.
Glencoe,1930,,MDL B2,,COLOUR,paper,plans (large),1-4,complete set
Glencoe,1930,,MDL G 3401 G475 1878-,9448,BW,microfiche,,,
Glen Robertson,1908,,MDL G 3401 G475 1878-,9449,BW,microfiche,,,
Glen Williams,1898,,MDL G 3401 G475 1878-,9450,BW,microfiche,,,
Goderich,1900,,MDL G 3401 G475 1878-,10566,BW,microfiche,,,
Goderich,1913,1925,MDL G 3401 G475 1878-,9451,BW,microfiche,,,
Goderich,1959,,Fisher Rare Book Library,,COLOUR,paper,plans,24,
Goderich,1959,,MDL B2,,COLOUR,paper,plans,1-19,complete set
Goodwood,1910,,MDL G 3401 G475 1878-,9454,BW,microfiche,,,
Gore Bay,1922,,Fisher Rare Book Library,,COLOUR,paper,plans,3,
Gore Bay,1922,,MDL B2,,COLOUR,paper,plans (large),1-3,complete set
Gorrie,1885,,MDL G 3401 G475 1878-,9456,BW,microfiche,,,
Gorrie,1885,1904,MDL G 3401 G475 1878-,13953,BW,microfiche,,,
Granby,1965,,Fisher Rare Book Library,,COLOUR,paper,plans,63,
Grand-Mère,1966,,Fisher Rare Book Library,,COLOUR,paper,plans,25,
Grand Bank,1956,,Fisher Rare Book Library,,COLOUR,paper,plans,10,
Grand Bank,1956,,MDL B2,,COLOUR,paper,plans,1-8,complete set
Grand-Mère,1949,,MDL B2,,COLOUR,paper,slips,Trans. 7,
Grande Prairie,1959,,Fisher Rare Book Library,,COLOUR,paper,plans,12,
Grande Prairie,1959,,MDL B2,,COLOUR,paper,plans,1-12,
Grand Falls,1953,,Fisher Rare Book Library,,COLOUR,paper,plans,10,
Grand Falls,1964,1965,Fisher Rare Book Library,,COLOUR,paper,plans,23,
"Grand Falls, Nb",1953,,MDL B2,,COLOUR,paper,plans,1-6,complete set
"Grand Falls, Nf",1964,,MDL B2,,COLOUR,paper,plans,1-21,complete set
Grand Forks,1953,1959,Fisher Rare Book Library,,COLOUR,paper,plans,9,
Grand Valley,1907,,MDL G 3401 G475 1878-,9457,BW,microfiche,,,
Granton,1898,,MDL G 3401 G475 1878-,9458,BW,microfiche,,,
Granton,1898,1906,MDL G 3401 G475 1878-,13954,BW,microfiche,,,
Gravenhurst,1925,,Fisher Rare Book Library,,COLOUR,paper,plans,8,
Gravenhurst,1925,,MDL B2,,COLOUR,paper,plans (large),1-8,complete set
Greenwhich,1944,,MDL B2,,COLOUR,paper,slips,,
Greenwood,1951,,Fisher Rare Book Library,,COLOUR,paper,plans,4,
Greenwood,1951,,MDL B2,,COLOUR,paper,plans,1-4,complete set
Grenville,1914,,Fisher Rare Book Library,,COLOUR,paper,plans,2,
Grimsby,1884,,MDL G 3401 G475 1878-,13955,BW,microfiche,,,
Grimsby,1914,,MDL G 3401 G475 1878-,9460,BW,microfiche,,,
Grimsby,1928,,Fisher Rare Book Library,,COLOUR,paper,plans,5,
Grimsby,1928,,MDL B2,,COLOUR,paper,plans (large),1-5,complete set
Guelph,1897,,MDL G 3401 G475 1878-,9462,BW,microfiche,,,
Guelph,1897,1911,MDL G 3401 G475 1878-,9463,BW,microfiche,,,
Guelph,1960,,Fisher Rare Book Library,,COLOUR,paper,plans,93,
Guelph,1960,,MDL B2,,COLOUR,paper,plans,1-78,complete set
Guysboro,1904,,Fisher Rare Book Library,,COLOUR,paper,plans,2,
Guysboro,1940,,MDL B2,,COLOUR,paper,slips,"Trans. 20, 21",
Hagersville,1960,,Fisher Rare Book Library,,COLOUR,paper,plans,10,
Haileybury,1928,,MDL B2,,COLOUR,paper,slips,Trans. 1-4,
Haileybury,1928,,MDL G 3401 G475 1878-,10679,BW,microfiche,,,
Haileybury,1952,not found,Fisher Rare Book Library,,COLOUR,paper,plans,7,
Haileybury,1952,,MDL B2,,COLOUR,paper,plans,7,
Haliburton,1938,,MDL G 3401 G475 1878-,9464,BW,microfiche,,,
Halifax,1889,,MDL G 3401 G475 1878-,31767,BW,microfiche,,,
Halifax,1952,1971,Fisher Rare Book Library,,COLOUR,paper,plans,125,Vol.1
Halifax,1952,1971,MDL B2,,COLOUR,paper,plans,1-116,Vol. 1 (complete set)
Halifax,1967,,Fisher Rare Book Library,,COLOUR,paper,plans,26,Vol.2
Halifax,1967,,MDL B2,,COLOUR,paper,plans,200-224,Vol. 2 (complete set)
Hamilton,1927,1933,MDL G 3401 G475 1878-,10742,BW,microfiche,,,
Hamilton,1941,,MDL G 3401 G475 1878-,10590,BW,microfiche,,,
Hamilton,1960,,Fisher Rare Book Library,,COLOUR,paper,plans,28,Vol.3
Hamilton,1960,,Fisher Rare Book Library,,COLOUR,paper,plans,47,Vol.4
Hamilton,1960,,Fisher Rare Book Library,,COLOUR,paper,plans,46,Vol.5
Hamilton,1961,,MDL B2,,BW,paper,plans,,streets and blocks
Hamilton,1962,,Fisher Rare Book Library,,COLOUR,paper,plans,78,Vol.2
Hamilton,1964,,Fisher Rare Book Library,,COLOUR,paper,plans,97,Vol.1
Hamilton,[1878],,MDL G 3401 G475 1878-,88304,BW,microfiche,,,
Hamilton,[1878],,MDL G 3401 G475 1878-,88305,BW,microfiche,,,
Hamilton,[1878],,MDL G 3401 G475 1878-,16617,BW,microfiche,,,
Hampton,1938,,Fisher Rare Book Library,,COLOUR,paper,plans,3,
Hampton,1938,,MDL B2,,COLOUR,paper,plans (large),1-3,complete set
Hanover,1885,,MDL G 3401 G475 1878-,9465,BW,microfiche,,,
Hanover,1925,,Fisher Rare Book Library,,COLOUR,paper,plans,6,
Hanover,1925,,MDL B2,,COLOUR,paper,plans (large),1-6,complete set
Hantsport,1964,,Fisher Rare Book Library,,COLOUR,paper,plans,6,
Hantsport,1964,,MDL B2,,COLOUR,paper,plans,1-4,complete set
Harbour Grace,1893,,MDL G 3401 G475 1878-,51384,BW,microfiche,,,
Harbour Grace,1946,,MDL B2,,BW,paper,plans (large),2,incomplete set. Printed on back of sh. 21 Owen Sound plan (large)
Harbour Grace,1963,,Fisher Rare Book Library,,COLOUR,paper,plans,9,
Harbour Grace,1963,,MDL B2,,COLOUR,paper,plans,1-4,complete set
Harriston,1894,1920,MDL G 3401 G475 1878-,9467,BW,microfiche,,,
Harrow,1896,,MDL G 3401 G475 1878-,9468,BW,microfiche,,,
Harrow,1896,1906,MDL G 3401 G475 1878-,9469,BW,microfiche,,,
Harrowsmith,1898,,MDL G 3401 G475 1878-,9470,BW,microfiche,,,
Hartland,1939,,Fisher Rare Book Library,,COLOUR,paper,plans,3,
Hartland,1939,,MDL B2,,COLOUR,paper,plans (large),1-3,complete set
Hastings,1882,,MDL G 3401 G475 1878-,3299,BW,microfiche,,,
Hastings,1911,,MDL G 3401 G475 1878-,9471,BW,microfiche,,,
Havelock,1896,,MDL G 3401 G475 1878-,9472,BW,microfiche,,,
Havelock,1896,1911,MDL G 3401 G475 1878-,9473,BW,microfiche,,,
Hawkesbury,1960,,Fisher Rare Book Library,,COLOUR,paper,plans,26,
Hawkesbury,1962,,MDL B2,,BW,paper,index,,renumbering
Hawkesbury Mills,1895,,MDL G 3401 G475 1878-,10558,BW,microfiche,,,
Hearst,1957,,Fisher Rare Book Library,,COLOUR,paper,plans,14,
Hearst,1957,,MDL B2,,COLOUR,paper,plans,1-14,complete set
Hemmingford,1909,,Fisher Rare Book Library,,COLOUR,paper,plans,1,
Hensall,1896,,MDL G 3401 G475 1878-,9474,BW,microfiche,,,
Hensall,1896,1902,MDL G 3401 G475 1878-,13957,BW,microfiche,,,
Hepworth,1899,,MDL G 3401 G475 1878-,9475,BW,microfiche,,,
Hepworth,1899,1904,MDL G 3401 G475 1878-,9476,BW,microfiche,,,
Hespeler,1910,1917,MDL G 3401 G475 1878-,11916,BW,microfiche,,,
Hespeler,1947,,Fisher Rare Book Library,,COLOUR,paper,plans,10,
Hespeler,1947,,MDL B2,,COLOUR,paper,plans (large),1-10,complete set. Toronto slips + plans printed on backs.
Hespeler,1956,,MDL B2,,BW,paper,index,,streets
Hespeler,N.D.,,MDL G 3401 G475 1878-,10318,BW,microfiche,,,
Highgate,1906,,Fisher Rare Book Library,,COLOUR,paper,plans,1,
High River,1960,,Fisher Rare Book Library,,COLOUR,paper,plans,10,
High River,1960,,MDL B2,,COLOUR,paper,plans,1-10,
Hillsboro,1906,1930,Fisher Rare Book Library,,COLOUR,paper,plans,2,
Hillsboro,1906,1930,MDL B2,,COLOUR,paper,plans (large),1-2,complete set
Hillsburg,1907,,MDL G 3401 G475 1878-,9480,BW,microfiche,,,
Holstein,1899,,MDL G 3401 G475 1878-,9481,BW,microfiche,,,
Holstein,1899,1904,MDL G 3401 G475 1878-,9482,BW,microfiche,,,
Hope,1959,,Fisher Rare Book Library,,COLOUR,paper,plans,7,
Hope,1959,,MDL B2,,COLOUR,paper,plans,1-6,complete set
Howick,1896,,Fisher Rare Book Library,,COLOUR,paper,plans,1,
Hull,1968,,Fisher Rare Book Library,,COLOUR,paper,plans,74,
Hull,[1908]1903,,MDL G 3401 G475 1878-,16352,BW,microfiche,,,
Humber Bay,1933,,MDL B2,,BW,paper,plans (large),5,
Humboldt,1960,,Fisher Rare Book Library,,COLOUR,paper,plans,9,
Hunter River,1956,,Fisher Rare Book Library,,COLOUR,paper,plans,5,
Huntingdon,1903,1926,Fisher Rare Book Library,,COLOUR,paper,plans,6,
Huntsville,1885,,MDL G 3401 G475 1878-,9483,BW,microfiche,,,
Huntsville,1954,,Fisher Rare Book Library,,COLOUR,paper,plans,16,
Huntsville,1954,,MDL B2,,COLOUR,paper,plans,1-12,complete set
Iberville,1954,,Fisher Rare Book Library,,COLOUR,paper,plans,19,
Ile Verte,1906,,Fisher Rare Book Library,,COLOUR,paper,plans,1,
Indian Head,1957,,Fisher Rare Book Library,,COLOUR,paper,plans,6,
Ingersoll,1913,1928,Fisher Rare Book Library,,COLOUR,paper,plans,21,
Ingersoll,1913,1928,MDL G 3401 G475 1878-,9484,BW,microfiche,,,
Ingersoll,1913,1928,MDL B2,,COLOUR,paper,plans (large),"1, 6, 7, 18, 21",incomplete set
Ingersoll,1913,1932,MDL G 3401 G475 1878-,9485,BW,microfiche,,,
Ingersoll,1924,,MDL G 3401 G475 1878-,10678,BW,microfiche,,,
Ingersoll,1924,,MDL B2,,COLOUR,paper,slips,Trans. 1-8,
Ingersoll,1928,,MDL B2,,COLOUR,paper,slips,Trans. 1-9,
Inverness,1924,1940,MDL B2,,COLOUR,paper,slips,,
Inverness,1959,,MDL B2,,COLOUR,paper,plans,1-6,complete set
Inverness C.B.,1959,,Fisher Rare Book Library,,COLOUR,paper,plans,8,
Iroquois,1917,1928,MDL G 3401 G475 1878-,9495,BW,microfiche,,,
Iroquois Falls,1952,,Fisher Rare Book Library,,COLOUR,paper,plans,6,
Iroquois Falls,1952,,MDL B2,,COLOUR,paper,plans,1-6,complete set
Jarvis,1909,,MDL G 3401 G475 1878-,9498,BW,microfiche,,,
Jasper,1897,,MDL G 3401 G475 1878-,9499,BW,microfiche,,,
Jasper,1897,1905,MDL G 3401 G475 1878-,9500,BW,microfiche,,,
John Island,1905,,MDL G 3401 G475 1878-,9501,BW,microfiche,,,
Joliette,1967,,Fisher Rare Book Library,,COLOUR,paper,plans,49,
Jonquiere-kenogmi,1953,,Fisher Rare Book Library,,COLOUR,paper,plans,38,
Kamloops,1960,,Fisher Rare Book Library,,COLOUR,paper,plans,29,
Kamsack,1960,,Fisher Rare Book Library,,COLOUR,paper,plans,11,
Kapuskasing,1953,,Fisher Rare Book Library,,COLOUR,paper,plans,12,
Kapuskasing,1953,,MDL B2,,COLOUR,paper,plans,1-10,complete set
Kearney,1905,,MDL G 3401 G475 1878-,9502,BW,microfiche,,,
Keewatin,1909,,MDL G 3401 G475 1878-,10579,BW,microfiche,,,
Keewatin,1931,1949,Fisher Rare Book Library,,COLOUR,paper,plans,5,2
Keewatin,1931,1949,MDL B2,,COLOUR,paper,plans (large),"5, 7",
Keewatin,1961,,Fisher Rare Book Library,,COLOUR,paper,plans,8,
Keewatin,1931-49,,MDL G 3401 G475 1878-,9503,BW,microfiche,,,
Kelowna,1952,1970,Fisher Rare Book Library,,COLOUR,paper,plans,35,
Kelowna,1952,1970,MDL B2,,COLOUR,paper,plans,"1-5, 15-17, 20-24",incomplete set
Kemptville,1917,,MDL G 3401 G475 1878-,9504,BW,microfiche,,,
Kemptville,1917,1928,MDL G 3401 G475 1878-,9505,BW,microfiche,,,
Kemptville,1928,,MDL G 3401 G475 1878-,98373,BW,microfiche,,,
Kemptville,1928,,MDL B2,,COLOUR,paper,plans (large),8,
Kemptville,1928,,MDL B2,,COLOUR,paper,slips,Trans. 1-4,
Kenora,1924,,MDL G 3401 G475 1878-,10734,BW,microfiche,,,
Kenora,1949,,MDL G 3401 G475 1878-,9486,BW,microfiche,,,
Kenora,1961,,MDL B2,,COLOUR,paper,plans,1-19 plus index,complete set
Kensington,1956,,Fisher Rare Book Library,,COLOUR,paper,plans,6,
Kentville & New Minas,1951,,Fisher Rare Book Library,,COLOUR,paper,plans,12,
Kerwood,1898,,MDL G 3401 G475 1878-,9487,BW,microfiche,,,
Killaloe Station,1908,,MDL G 3401 G475 1878-,9488,BW,microfiche,,,
Killarney,1905,,MDL G 3401 G475 1878-,9489,BW,microfiche,,,
Kimberley,1953,,MDL B2,,COLOUR,paper,plans,1-12,complete set
Kimberly,1953,1959,Fisher Rare Book Library,,COLOUR,paper,plans,14,
Kincardine,1914,,MDL G 3401 G475 1878-,9490,BW,microfiche,,,
Kincardine,1939,,MDL G 3401 G475 1878-,9491,BW,microfiche,,,
Kincardine,1939,,MDL B2,,COLOUR,paper,index (large),1,
King,1884,1894,MDL G 3401 G475 1878-,13958,BW,microfiche,,,
King City,1910,,MDL G 3401 G475 1878-,9492,BW,microfiche,,,
Kingston,1900,,MDL G 3401 G475 1878-,10568,BW,microfiche,,,
Kingston,1900,,MDL G 3401 G475 1878-,10569,BW,microfiche,,,
Kingston,1908,1911,MDL G 3401 G475 1878-,10707,BW,microfiche,,,
Kingston,1951,,Fisher Rare Book Library,,COLOUR,paper,plans,3,
Kingston,1963,,Fisher Rare Book Library,,COLOUR,paper,plans,101,2 of 5 sh.
"Kingston, Ns",1951,,MDL B2,,COLOUR,paper,plans,1-3,
"Kingston, On",1963,,MDL B2,,COLOUR,paper,plans,"1-38, 40-47, 50-53",incomplete set
Kingsville,1890,1898,MDL G 3401 G475 1878-,13959,BW,microfiche,,,
Kingsville,1950,,Fisher Rare Book Library,,COLOUR,paper,plans,9,
Kingsville,1950,,MDL B2,,COLOUR,paper,plans (large),"1, 4, 7",incomplete set. Printed on backs of (large) Ottawa plans.
Kingsville,1950,,MDL B2,,COLOUR,paper,plans (large),"1-3, 6, 8",incomplete set. (large) Pembroke plans printed on back.
Kingsville,1950,,MDL B2,,COLOUR,paper,plans (large),9,printed on back of (large) Drummondville plans.
Kirkfield,1898,1910,MDL G 3401 G475 1878-,9494,BW,microfiche,,,
Kirkland Lake,1952,,Fisher Rare Book Library,,COLOUR,paper,plans,28,
Kirkland Lake,1952,,MDL B2,,COLOUR,paper,plans,1-27,
Kitchener,1908,1947,Fisher Rare Book Library,,COLOUR,paper,plans,55,
Kitchener,1908,1947,MDL B2,,COLOUR,paper,plans (large),36,
Kitchener,1951,,MDL B2,,BW,paper,index,,streets
Knowlton,1926,,Fisher Rare Book Library,,COLOUR,paper,plans,4,
L,1954,,MDL G 3401 G475 1878-,14593,BW,microfiche,,,
L'ange Gardien,1906,,Fisher Rare Book Library,,COLOUR,paper,plans,1,
L'annonciation,1908,,Fisher Rare Book Library,,COLOUR,paper,plans,1,
L'assomption,1952,,Fisher Rare Book Library,,COLOUR,paper,plans,6,
L'orignal,1908,,MDL G 3401 G475 1878-,9526,BW,microfiche,,,
Lachine,1959,1972,Fisher Rare Book Library,,COLOUR,paper,plans,87,
Lachute,1955,,Fisher Rare Book Library,,COLOUR,paper,plans,28,
Lacombe,1960,,Fisher Rare Book Library,,COLOUR,paper,plans,15,
Lacombe,1960,,MDL B2,,COLOUR,paper,plans,1-15,
Ladysmith,1954,1957,Fisher Rare Book Library,,COLOUR,paper,plans,9,
Lake Edward,1906,,Fisher Rare Book Library,,COLOUR,paper,plans,1,
Lakefield,1911,,MDL G 3401 G475 1878-,9507,BW,microfiche,,,
Lakeport,1904,,MDL G 3401 G475 1878-,9508,BW,microfiche,,,
Lambton Mills,1898,,Map and Data Library,,BW,Digital; DVD-[238],plans,1,
Lanark,1885,1896,MDL G 3401 G475 1878-,9511,BW,microfiche,,,
Lanark,1900,,MDL G 3401 G475 1878-,9509,BW,microfiche,,,
Lanark,1900,1908,MDL G 3401 G475 1878-,9510,BW,microfiche,,,
Lancaster,1889,,MDL G 3401 G475 1878-,9512,BW,microfiche,,,
Lansdowne,1897,,MDL G 3401 G475 1878-,9514,BW,microfiche,,,
Lansdowne,1897,1908,MDL G 3401 G475 1878-,9515,BW,microfiche,,,
La Prairie,1956,,Fisher Rare Book Library,,COLOUR,paper,plans,20,
Larder Lake,1945,,Fisher Rare Book Library,,COLOUR,paper,plans,5,
Latchford,1908,,MDL G 3401 G475 1878-,9517,BW,microfiche,,,
Latchford,1908,1909,MDL G 3401 G475 1878-,9518,BW,microfiche,,,
La Tuque,1955,1960,Fisher Rare Book Library,,COLOUR,paper,plans,19,
Laurentides,1960,,Fisher Rare Book Library,,COLOUR,paper,plans,13,
Lauzon,1960,,Fisher Rare Book Library,,COLOUR,paper,plans,24,
Laval,1972,,Fisher Rare Book Library,,COLOUR,paper,plans,101,Vol.1
Lawrencetown,1951,,Fisher Rare Book Library,,COLOUR,paper,plans,2,
Lawrencetown,1951,,MDL B2,,COLOUR,paper,plans,1-3,complete set
Leamington,1924,1935,Fisher Rare Book Library,,COLOUR,paper,plans,13,
Leamington,1924,1935,MDL B2,,COLOUR,paper,plans (large),"1, 2, 5, 10, 12, 13",incomplete set
Leamington,1924,1935,MDL B2,,COLOUR,paper,plans (large),1-13,complete set
Leamington,1924,,MDL B2,,COLOUR,paper,plans (large),1-11,incomplete set
Leamington,1935,,MDL B2,,COLOUR,paper,slips,Trans. 2-4,
Lennoxville,1954,,Fisher Rare Book Library,,COLOUR,paper,plans,15,
Les Eboulements,1906,,Fisher Rare Book Library,,COLOUR,paper,plans,1,
Les Ecureuils,1897,,Fisher Rare Book Library,,COLOUR,paper,plans,1,
Lethbridge,1910,,MDL G 3401 G475 1878-,10203,BW,microfiche,,,
Lethbridge,1910,1913,MDL G 3401 G475 1878-,10204,BW,microfiche,,,
Lethbridge,1955,1966,Fisher Rare Book Library,,COLOUR,paper,plans,48,
Lethbridge,1955,,Fisher Rare Book Library,,COLOUR,paper,plans,48,
Lethbridge,1966,,MDL B2,,COLOUR,paper,plans,2,Incomplete set (odds)
Levis,1960,,Fisher Rare Book Library,,COLOUR,paper,plans,51,
Lewisporte,1962,,Fisher Rare Book Library,,COLOUR,paper,plans,13,
Lewisporte,1962,,MDL B2,,COLOUR,paper,plans,1-11,complete set
Lindsay,1898,1911,MDL G 3401 G475 1878-,9521,BW,microfiche,,,
Lindsay,1949,,Fisher Rare Book Library,,COLOUR,paper,plans,26,
Lindsay,1949,,MDL B2,,COLOUR,paper,plans (large),25,
Listowel,1894,1913,MDL G 3401 G475 1878-,9523,BW,microfiche,,,
Little Britain,1910,,MDL G 3401 G475 1878-,9524,BW,microfiche,,,
Little Current,1922,1940,MDL G 3401 G475 1878-,9525,BW,microfiche,,,
Liverpool,1955,,Fisher Rare Book Library,,COLOUR,paper,plans,16,
Liverpool,1955,,MDL B2,,COLOUR,paper,plans,1-14,complete set
Lloydminster,1972,,Fisher Rare Book Library,,COLOUR,paper,plans,25,
Lockeport,1906,1940,Fisher Rare Book Library,,COLOUR,paper,plans,3,
London,1842,,MDL G 3401 G475 1878-,3040,BW,microfiche,,,
London,1912,1940,MDL G 3401 G475 1878-,10743,BW,microfiche,,,
London,1958,1970,Fisher Rare Book Library,,COLOUR,paper,plans,132,Vol.1
London,1958,,Fisher Rare Book Library,,COLOUR,paper,plans,100,Vol.2
London,1958,,MDL B2,,BW,paper,index,,streets and blocks
London (uk),1886,,Map and Data Library,14976-14977,BW,microfiche,,,Vol. 1-2
London (uk),1887,,Map and Data Library,14962; 14975; 14978,BW,microfiche,,,Vol. 4-5; 7
London (uk),1888,,Map and Data Library,30086,BW,microfiche,,,Vol. 8
London (uk),1889,,Map and Data Library,14980; 15150-15151,BW,microfiche,,,Vol. C; 9-10
London (uk),1890,,Map and Data Library,14979,BW,microfiche,,,Vol. 4
London (uk),1891,,Map and Data Library,14981; 14984,BW,microfiche,,,Vol. A; 12
London (uk),1892,,Map and Data Library,14991,BW,microfiche,,,Vol. D
London (uk),1893,,Map and Data Library,14992,BW,microfiche,,,Vol. F
London (uk),1894,,Map and Data Library,30027,BW,microfiche,,,Vol. G
London (uk),1897,,Map and Data Library,14993-14994; 15152,BW,microfiche,,,Vol. H; J; K
London (uk),1899,,Map and Data Library,14995-14996,BW,microfiche,,,Vol. E; 11
London (uk),1900,,Map and Data Library,30031; 30085; 65076,BW,microfiche,,,Vol. A; C; 7
London (uk),1901,,Map and Data Library,30087; 44819,BW,microfiche,,,Vol. A
London (uk),1902,,Map and Data Library,30032,BW,microfiche,,,Vol. B
London (uk),1904,,Map and Data Library,30001,BW,microfiche,,,Vol. 1
Londonderry,1914,,Fisher Rare Book Library,,COLOUR,paper,plans,3,
Londonderry,1914,,MDL B2,,COLOUR,paper,plans (large),1-3,complete set
Longueil,1953,1971,Fisher Rare Book Library,,COLOUR,paper,plans,97,
Loretteville,1954,,Fisher Rare Book Library,,COLOUR,paper,plans,22,
Lotbiniere,1897,,Fisher Rare Book Library,,COLOUR,paper,plans,1,2 cops.
Louisburg,1952,,MDL B2,,COLOUR,paper,plans,1-7,complete set
Louisburg C.B.,1952,,Fisher Rare Book Library,,COLOUR,paper,plans,7,
Lucknow,1890,,MDL G 3401 G475 1878-,9527,BW,microfiche,,,
Lunenburg,1959,,Fisher Rare Book Library,,COLOUR,paper,plans,12,
Lunenburg,1959,,MDL B2,,COLOUR,paper,plans,1-11,complete set
Lyn,1900,,MDL G 3401 G475 1878-,9528,BW,microfiche,,,
Lyn,1900,1908,MDL G 3401 G475 1878-,9529,BW,microfiche,,,
Mabou,1926,,Fisher Rare Book Library,,COLOUR,paper,plans,1,
Mabou,1926,,MDL B2,,COLOUR,paper,plans (large),1,complete set
Mabou,1931,,MDL B2,,COLOUR,paper,slips,Trans. 1-3,
Madoc,1900,1911,MDL G 3401 G475 1878-,9531,BW,microfiche,,,
Madoc,1900,,MDL G 3401 G475 1878-,9530,BW,microfiche,,,
Magog,1951,,Fisher Rare Book Library,,COLOUR,paper,plans,15,
Mahone Bay,1962,,Fisher Rare Book Library,,COLOUR,paper,plans,11,
Mahone Bay,1962,,MDL B2,,COLOUR,paper,plans,1-6,complete set
Mallorytown,1897,,MDL G 3401 G475 1878-,9532,BW,microfiche,,,
Manilla,1885,,MDL G 3401 G475 1878-,9533,BW,microfiche,,,
Manilla,1885,1910,MDL G 3401 G475 1878-,9534,BW,microfiche,,,
Manitowaning,1925,,Fisher Rare Book Library,,COLOUR,paper,plans,1,
Manitowaning,1925,,MDL B2,,COLOUR,paper,index (large),1,
Maniwaki,1954,,Fisher Rare Book Library,,COLOUR,paper,plans,19,
Manotick,1897,,MDL G 3401 G475 1878-,9536,BW,microfiche,,,
Marieville,1955-56,,Fisher Rare Book Library,,COLOUR,paper,plans,16,
Markdale,1885,1904,MDL G 3401 G475 1878-,9537,BW,microfiche,,,
Markham,1910,,MDL G 3401 G475 1878-,9538,BW,microfiche,,,
Markham,1910,1927,MDL G 3401 G475 1878-,9539,BW,microfiche,,,
Markham,1910,1927,MDL B2,,COLOUR,paper,plans (large),"1, 2, 6",incomplete set
Markham,1927,,MDL B2,,COLOUR,paper,slips,"Trans. 1, 2",
Marlbank,1904,,MDL G 3401 C5 1878-,9540,BW,microfiche,,,
Marmora,1893,1904,MDL G 3401 C5 1878-,9541,BW,microfiche,,,
Martintown,1885,,MDL G 3401 G475 1878-,9542,BW,microfiche,,,
Martintown,1885,1908,MDL G 3401 G475 1878-,9543,BW,microfiche,,,
Marysville,1943,,Fisher Rare Book Library,,COLOUR,paper,plans,8,7 sh.
Marysville,1948,,MDL B2,,COLOUR,paper,plans (large),"1-2, 4-8",incomplete set
Marysville,1949,,MDL B2,,COLOUR,paper,slips,,
Maskinonge,1905,,Fisher Rare Book Library,,COLOUR,paper,plans,1,
Massey,1922,,Fisher Rare Book Library,,COLOUR,paper,plans,2,
Massey,1922,,MDL B2,,COLOUR,paper,plans (large),1-2,complete set
Matachewan,1945,,Fisher Rare Book Library,,COLOUR,paper,plans,4,
Matachewan,1945,,MDL B2,,COLOUR,paper,plans (large),1-4,complete set. Toronto slips printed on backs.
Matane,1951,,MDL B2,,COLOUR,paper,slips,Trans. 10,includes key
Matheson,1909,,MDL G 3401 G475 1878-,9546,BW,microfiche,,,
Mattawa,1952,,Fisher Rare Book Library,,COLOUR,paper,plans,6,
Mattawa,1952,,MDL B2,,COLOUR,paper,plans,1-6,complete set
Maxville,1905,1925,Fisher Rare Book Library,,COLOUR,paper,plans,2,2 copies sect.1
Maxville,1905,1925,MDL B2,,COLOUR,paper,plans (large),1-2,complete set
Mcadam Junction,1947,,Fisher Rare Book Library,,COLOUR,paper,plans,4,
Meadow Lake,1960,,Fisher Rare Book Library,,COLOUR,paper,plans,11,
Meaford,1925,,Fisher Rare Book Library,,COLOUR,paper,plans,9,
Meaford,1925,,MDL B2,,COLOUR,paper,plans (large),1-9,complete set
Medicine Hat,1955,1964,Fisher Rare Book Library,,COLOUR,paper,plans,37,
Medicine Hat,1955,1964,MDL B2,,COLOUR,paper,plans,odds,Incomplete set
Melfort,1960,,Fisher Rare Book Library,,COLOUR,paper,plans,13,
Melville,1960,,Fisher Rare Book Library,,COLOUR,paper,plans,13,
Merrickville,1900,,MDL G 3401 G475 1878-,9549,BW,microfiche,,,
Merrickville,1900,1912,MDL G 3401 G475 1878-,9550,BW,microfiche,,,
Merritt,1954,,Fisher Rare Book Library,,COLOUR,paper,plans,8,
Merritton,1897,,MDL G 3401 G475 1878-,9551,BW,microfiche,,,
Merritton,1927,1941,MDL G 3401 G475 1878-,9552,BW,microfiche,,,
Merritton,1927,1945,MDL G 3401 G475 1878-,9553,BW,microfiche,,,
Metcalfe,1889,,MDL G 3401 G475 1878-,9554,BW,microfiche,,,
Metcalfe,1889,1908,MDL G 3401 G475 1878-,9555,BW,microfiche,,,
Meteghan,1906,,Fisher Rare Book Library,,COLOUR,paper,plans,2,
Meteghan,1906,,MDL B2,,COLOUR,paper,plans (large),1-2,complete set
Middleton,1962,,Fisher Rare Book Library,,COLOUR,paper,plans,12,
Middleton,1962,,MDL B2,,COLOUR,paper,plans,1-10,complete set
Midland,1901,,MDL G 3401 G475 1878-,10575,BW,microfiche,,,
Midland,1901,,MDL G 3401 G475 1878-,10574,BW,microfiche,,,
Midland,1904,1911,MDL G 3401 G475 1878-,9556,BW,microfiche,,,
Midland,1921,1946,Fisher Rare Book Library,,COLOUR,paper,plans,16,15 sh.
Mildmay,1925,,Fisher Rare Book Library,,COLOUR,paper,plans,3,
Mildmay,1925,,MDL B2,,COLOUR,paper,plans (large),1-3,complete set
Millbrook,1890,,MDL G 3401 G475 1878-,9559,BW,microfiche,,,
Mille Roches,1908,,MDL G 3401 G475 1878-,9560,BW,microfiche,,,
Milton,1922,1940,Fisher Rare Book Library,,COLOUR,paper,plans,1,
Milton,1922,1940,MDL B2,,COLOUR,paper,plans (large),1,complete set
Milton,1927,1932,Fisher Rare Book Library,,COLOUR,paper,plans,6,
Milton,1927,1932,MDL B2,,COLOUR,paper,index (large),1,
Milverton,1894,,MDL G 3401 G475 1878-,9562,BW,microfiche,,,
Milverton,1894,1904,MDL G 3401 G475 1878-,13960,BW,microfiche,,,
Milverton,1953,,Fisher Rare Book Library,,COLOUR,paper,plans,6,
Milverton,1953,,MDL B2,,COLOUR,paper,plans,1-6,complete set
Mimico,1910,,MDL B2,,COLOUR,paper,slips,,
Mimico,1913,,MDL G 3401 G475 1878-,9563,BW,microfiche; Digital; DVD-[238],plans,15,
Mimico,1922,1932,MDL G 3401 G475 1878-,13961,BW,microfiche,,,
Minto,1957,,Fisher Rare Book Library,,COLOUR,paper,plans,11,
Minto,1957,,MDL B2,,COLOUR,paper,plans,1-9,complete set
Mission,1957,,Fisher Rare Book Library,,COLOUR,paper,plans,10,
Mistassini,1953,,Fisher Rare Book Library,,COLOUR,paper,plans,8,
Mitchell,1925,,Fisher Rare Book Library,,COLOUR,paper,plans,5,
Mitchell,1925,,MDL B2,,COLOUR,paper,plans (large),1-5,complete set
Moncton,1907,1914,MDL G 3401 G475 1878-,9057,BW,microfiche,,,
Moncton,1921,,MDL G 3401 G475 1878-,9058,BW,microfiche,,,
Moncton,1953,1960,Fisher Rare Book Library,,COLOUR,paper,plans,80,
Moncton,1953,1960,MDL B2,,COLOUR,paper,plans,"1-40, 101-104",complete set
Moncton,1953,1971,MDL B2,,COLOUR,paper,plans,"1-50, 101-104",complete set
Moncton,1953,1971,MDL B2,,COLOUR,paper,plans,1-50,complete sset
Moncton,1960,,MDL B2,,BW,paper,index & addendums,,
Montague,1956,,Fisher Rare Book Library,,COLOUR,paper,plans,6,
Montebello,1931,,MDL B2,,COLOUR,paper,slips,,
Mont Joli,1959,,Fisher Rare Book Library,,COLOUR,paper,plans,32,Includes Price
Mont Laurier,1954,,Fisher Rare Book Library,,COLOUR,paper,plans,24,
Montreal,1880,,MDL G 3401 G475 1878-,10549,BW,microfiche,,,
Montreal,1881,,MDL G 3401 G475 1878-,10564,BW,microfiche,,,
Montreal,1881,,MDL G 3401 G475 1878-,51395,BW,microfiche,,,
Montreal,1881,,MDL G 3401 G475 1878-,31799,BW,microfiche,,,
Montreal,1881,1890,MDL G 3401 G475 1878-,14003,BW,microfiche,,,
Montreal,1882,,MDL G 3401 G475 1878,10602,BW,microfiche,,,
Montreal,1883,,MDL G 3401 G475 1878-,10752,BW,microfiche,,,
Montreal,1885,,MDL G 3401 G475 1878-,10762,BW,microfiche,,,
Montreal,1888,,MDL G 3401 G475 1878-,10764,BW,microfiche,,,
Montreal,1888,,MDL G 3401 G475 1878-,10552,BW,microfiche,,,
Montreal,1890,,MDL G 3401 G475 1878-,10763,BW,microfiche,,,
Montreal,1890,,MDL G 3401 G475 1878-,10634,BW,microfiche,,,
Montreal,1892,,MDL G 3401 G475 1878-,16283,BW,microfiche,,,
Montreal,1892,,MDL G 3401 G475 1878-,10606,BW,microfiche,,,
Montreal,1892,,MDL G 3401 G475 1878-,10603,BW,microfiche,,,
Montreal,1892,,MDL G 3401 G475 1878-,51126,BW,microfiche,,,
Montreal,1893,,MDL G 3401 G475 1878-,10756,BW,microfiche,,,
Montreal,1893,,MDL G 3401 G475 1878-,10757,BW,microfiche,,,
Montreal,1894,,MDL G 3401 G475 1878-,10555,BW,microfiche,,,
Montreal,1894,,MDL G 3401 G475 1878-,10556,BW,microfiche,,,
Montreal,1894,1907,MDL G 3401 G475 1878-,51392,BW,microfiche,,,
Montreal,1896,,MDL G 3401 G475 1878-,10758,BW,microfiche,,,
Montreal,1897,,MDL G 3401 G475 1878-,10635,BW,microfiche,,,
Montreal,1897,,MDL G 3401 G475 1878-,51394,BW,microfiche,,,
Montreal,1897,1900,MDL G 3401 G475 1878-,10604,BW,microfiche,,,
Montreal,1900,,MDL G 3401 G475 1878-,10550,BW,microfiche,,,
Montreal,1900,,MDL G 3401 G475 1878-,10571,BW,microfiche,,,
Montreal,1900,,MDL G 3401 G475 1878-,10572,BW,microfiche,,,
Montreal,1901,,MDL G 3401 G475 1878-,32967,BW,microfiche,,,
Montreal,1903,,MDL G 3401 G475 1878-,10582,BW,microfiche,,,
Montreal,1903,,MDL G 3401 G475 1878-,51386,BW,microfiche,,,
Montreal,1905,,MDL G 3401 G475 1878-,51387,BW,microfiche,,,
Montreal,1906,,MDL G 3401 G475 1878-,51390,BW,microfiche,,,
Montreal,1906,,MDL G 3401 G475 1878-,51391,BW,microfiche,,,
Montreal,1906,,MDL G 3401 G475 1878-,10585,BW,microfiche,,,
Montreal,1907,,MDL G 3401 G475 1878-,51443,BW,microfiche,,,
Montreal,1911,1920,MDL G 3401 G475 1878-,31798,BW,microfiche,,,
Montreal,1912,,MDL G 3401 G475 1878-,10605,BW,microfiche,,,
Montreal,1912,1948,MDL G 3401 G475 1878-,10740,BW,microfiche,,,
Montreal,1914,,MDL G 3401 G475 1878-,51393,BW,microfiche,,,
Montreal,1914,,MDL G 3401 G475 1878-,14014,BW,microfiche,,,
Montreal,1914,,MDL G 3401 G475 1878-,10284,BW,microfiche,,,
Montreal,1914,1938,MDL G 3401 G475 1878-,10739,BW,microfiche,,,
Montreal,1918,1940,MDL G 3401 G475 1878-,10281,BW,microfiche,,,
Montreal,1926,,MDL G 3401 G475 1878-,44797,BW,microfiche,,,
Montreal,1926,,MDL G 3401 G475 1878-,32966,BW,microfiche,,,
Montreal,1926,1937,MDL G 3401 G475 1878-,10738,BW,microfiche,,,
Montreal,1929,,MDL G 3401 G475 1878-,10735,BW,microfiche,,,
Montreal,1930,,MDL G 3401 G475 1878-,10736,BW,microfiche,,,
Montreal,1935,,MDL G 3401 G475 1878-,10737,BW,microfiche,,,
Montreal,1953,1972,Fisher Rare Book Library,,COLOUR,paper,plans,48,Vol.9
Montreal,1953,1964,Fisher Rare Book Library,,COLOUR,paper,plans,25,Vol.13
Montreal,1953,1964,Fisher Rare Book Library,,COLOUR,paper,plans,30,Vol.14
Montreal,1954,,Fisher Rare Book Library,,COLOUR,paper,plans,59,Vol.3
Montreal,1955,,MDL B2,,COLOUR,paper,slips,,from Vol. 3
Montreal,1955,,Fisher Rare Book Library,,COLOUR,paper,plans,90,Vol.5
Montreal,1955,1961,Fisher Rare Book Library,,COLOUR,paper,plans,270,Vol.7 3 parts
Montreal,1955,,MDL B2,,COLOUR,paper,plans,263-349,Vol. 5
Montreal,1957,,Fisher Rare Book Library,,COLOUR,paper,plans,58,Vol.2
Montreal,1957,1961,Fisher Rare Book Library,,COLOUR,paper,plans,43,Vol.15
Montreal,1957,,MDL B2,,COLOUR,paper,plans,1505-1540,Vol. 15
Montreal,1959,1966,MDL B2,,COLOUR,paper,slips,,from Vol. 2. Title page slips.
Montreal,1959,,Fisher Rare Book Library,,COLOUR,paper,plans,109,Vol.6
Montreal,1959,,Fisher Rare Book Library,,COLOUR,paper,plans,97,Vol.11 can?t read
Montreal,1959,,MDL B2,,COLOUR,paper,plans,odds,Vol. 6
Montreal,1959,,MDL G 3401 G475 1878-,134278,BW,microfiche,,,
Montreal,1961,,Fisher Rare Book Library,,COLOUR,paper,plans,99,Vol.4
Montreal,1961,,MDL B2,,COLOUR,paper,slips,,from Vol. 14
Montreal,1962,,Fisher Rare Book Library,,COLOUR,paper,plans,102,Vol.10
Montreal,1963,,Fisher Rare Book Library,,COLOUR,paper,plans,67,Vol.17
Montreal,1964,1967,Fisher Rare Book Library,,COLOUR,paper,plans,60,Vol.12
Montreal,1966,,Fisher Rare Book Library,,COLOUR,paper,plans,68,Vol.16
Montreal,1966,,Fisher Rare Book Library,,COLOUR,paper,plans,33,Vol.19
Montreal,1967,,Fisher Rare Book Library,,COLOUR,paper,plans,20,Vol.20
Montreal,1971,,Fisher Rare Book Library,,COLOUR,paper,plans,72,Vol.8
Montreal,1972,,Fisher Rare Book Library,,COLOUR,paper,plans,19,Vol.18
Montreal,1972,,Fisher Rare Book Library,,COLOUR,paper,plans,62,Vol.21
Montreal,1972,,MDL B2,,COLOUR,paper,plans,2100-2160,Vol. 21
Montreal,[1906-07],,MDL G 3401 G475 1878-,16305,BW,microfiche,,,
Montreal-est,1951,,MDL G 3401 G475 1878-,10607,BW,microfiche,,,
Montreal North,1923,,MDL G 3401 G475 1878-,32963,BW,microfiche,,,
Montreal-sud,1928,,MDL G 3401 G475 1878-,10608,BW,microfiche,,,
Moose Creek,1908,,MDL G 3401 G475 1878-,9565,BW,microfiche,,,
Moose Jaw,1956,1966,Fisher Rare Book Library,,COLOUR,paper,plans,50,
Moosomin,1957,,Fisher Rare Book Library,,COLOUR,paper,plans,5,
Morden,1964,,Fisher Rare Book Library,,COLOUR,paper,plans,11,
Morden,1964,,MDL B2,,COLOUR,paper,plans,1-11,complete set
Morell,1956,,Fisher Rare Book Library,,COLOUR,paper,plans,6,
Morrisburg,1889,,MDL G 3401 G475 1878-,9566,BW,microfiche,,,
Morrisburg,1889,1902,MDL G 3401 G475 1878-,13962,BW,microfiche,,,
Mount Albert,1894,,MDL G 3401 G475 1878-,9567,BW,microfiche,,,
Mount Brydges,1896,,MDL G 3401 G475 1878-,9568,BW,microfiche,,,
Mount Brydges,1896,[191?],MDL G 3401 G475 1878-,13963,BW,microfiche,,,
Mount Forest,1904,1926,Fisher Rare Book Library,,COLOUR,paper,plans,5,1 sh.
Mount Forest,1904,1926,MDL B2,,COLOUR,paper,index (large),1,
Mount Forest,1913,,MDL B2,,COLOUR,paper,slips,,
Mount Forest,1926,,MDL B2,,COLOUR,paper,slips,Trans. 1-3,
Mount Stewart,1956,,Fisher Rare Book Library,,COLOUR,paper,plans,5,
Mulgrave,1926,,Fisher Rare Book Library,,COLOUR,paper,plans,3,
Mulgrave,1926,,MDL B2,,COLOUR,paper,plans (large),1,incomplete set
Mulgrave,1941,,MDL B2,,COLOUR,paper,slips,Trans. 1,
Murray Harbour,1956,,Fisher Rare Book Library,,COLOUR,paper,plans,4,
Murray River,1956,,Fisher Rare Book Library,,COLOUR,paper,plans,6,
Nanaimo,1954,1957,Fisher Rare Book Library,,COLOUR,paper,plans,43,
Napanee,1885,,MDL G 3401 G475 1878-,10751,BW,microfiche,,,
Napanee,1931,,Fisher Rare Book Library,,COLOUR,paper,plans,13,
Napanee,1931,,MDL B2,,COLOUR,paper,plans (large),1-13,complete set
Napanee,1963,,MDL B2,,BW,paper,index,,streets and blocks
Napierville,1897,,Fisher Rare Book Library,,COLOUR,paper,plans,1,
Neepawa,1964,,Fisher Rare Book Library,,COLOUR,paper,plans,13,
Neepawa,1964,,MDL B2,,COLOUR,paper,plans,1-11,complete set
Nelson,1953,1959,Fisher Rare Book Library,,COLOUR,paper,plans,20,
Nelson,1959,,MDL B2,,COLOUR,paper,plans,1-18,complete set
Neustadt,1896,1907,MDL G 3401 G475 1878-,9572,BW,microfiche,,,
Neustadt,1896,,Fisher Rare Book Library,,COLOUR,paper,plans,2,
Newburg,1885,,MDL G 3401 G475 1878-,9574,BW,microfiche,,,
Newburg,1885,1904,MDL G 3401 G475 1878-,9575,BW,microfiche,,,
Newbury,1884,,MDL B2,,COLOUR,paper,plans (large),,no sheet number
Newbury,1884,,MDL G 3401 G475 1878-,9576,BW,microfiche,,,
Newcastle,1880,1904,MDL G 3401 G475 1878-,9577,BW,microfiche,,,
Newcastle,1965,,Fisher Rare Book Library,,COLOUR,paper,plans,44,
New Glasgow,1908,,Fisher Rare Book Library,,COLOUR,paper,plans,1,
New Glasgow,1955,,Fisher Rare Book Library,,COLOUR,paper,plans,42,
New Glasgow,1955,,MDL B2,,COLOUR,paper,plans,1-40,complete set
New Hamburg,1885,,MDL G 3401 G475 1878-,9578,BW,microfiche,,,
New Hamburg,1885,1904,MDL G 3401 G475 1878-,9579,BW,microfiche,,,
New Liskeard,1952,,Fisher Rare Book Library,,COLOUR,paper,plans,11,
New Liskeard,1952,,MDL B2,,COLOUR,paper,plans,1-8,incomplete set
Newmarket,1904,1924,MDL G 3401 G475 1878-,9580,BW,microfiche,,,
Newmarket,1959,,Fisher Rare Book Library,,COLOUR,paper,plans,21,
Newmarket,1959,,MDL B2,,COLOUR,paper,plans,1-16,complete set
Newscastle,1965,,MDL B2,,COLOUR,paper,plans,1-41,complete set
New Waterford,1952,,MDL B2,,COLOUR,paper,plans,1-16,incomplete set
New Waterford C.B,1952,,Fisher Rare Book Library,,COLOUR,paper,plans,17,
New Westminster,1957,,Fisher Rare Book Library,,COLOUR,paper,plans,70,
New Westminster,1957,,MDL B2,,COLOUR,paper,plans,"3-16, 18-21, 24-31, 33-51, 54-56, 58-69, 100-101, 104-107",incomplete set
Niagara Falls,1913,,MDL G 3401 G475 1878-,31781,BW,microfiche,,,
Niagara Falls,1913,,MDL B2,,COLOUR,paper,plans (large),36,
Niagara Falls,1913,1920,MDL G 3401 G475 1878-,9582,BW,microfiche,,,
Niagara Falls,1916,,MDL G 3401 G475 1878-,9581,BW,microfiche,,,
Niagara Falls,1949,,Fisher Rare Book Library,,COLOUR,paper,plans,,Vol.1 12 sh.
Niagara Falls,1965,,Fisher Rare Book Library,,COLOUR,paper,plans,60,Vol.1
Niagara Falls,1965,,Fisher Rare Book Library,,COLOUR,paper,plans,47,Vol.2
Niagara Falls,1965,,MDL B2,,COLOUR,paper,plans,103-163,Vol. 1 (incomplete)
Niagara Falls,1965,,MDL B2,,COLOUR,paper,plans,201-264,Vol. 2 (incomplete)
Niagara Falls,1965,,MDL B2,,BW,paper,index,,streets and blocks
Niagara On The Lake,1925,,MDL G 3401 G475 1878-,9583,BW,microfiche,,,
Niagara On The Lake,1949,,MDL G 3401 G475 1878-,9584,BW,microfiche,,,
Nicolet,1954,,Fisher Rare Book Library,,COLOUR,paper,plans,17,
Nicolet,1954,,MDL B2,,COLOUR,paper,plans,1-14,complete set
Nipawin,1960,,Fisher Rare Book Library,,COLOUR,paper,plans,12,
Noranda,1951,,Fisher Rare Book Library,,COLOUR,paper,plans,13 + index,
Noranda,1952,,MDL B2,,COLOUR,paper,slips,Trans. 10,includes key + index
Noranda,1954,,MDL B2,,COLOUR,paper,plans,1-16,complete set
Noranda,1970,,Fisher Rare Book Library,,COLOUR,paper,plans,18,
North Augusta,1905,1908,MDL G 3401 G475 1878-,9586,BW,microfiche,,,
North Augusta,1905,,Fisher Rare Book Library,,COLOUR,paper,plans,2,
North Batley,1903,,Fisher Rare Book Library,,COLOUR,paper,plans,2,
North Battleford,1960,,Fisher Rare Book Library,,COLOUR,paper,plans,29,
North Bay,1905,1915,MDL G 3401 G475 1878-,9792,BW,microfiche,,,
North Bay,1915,1946,Fisher Rare Book Library,,COLOUR,paper,plans,30,1 sheet
North Bay,1959,,Fisher Rare Book Library,,COLOUR,paper,plans,58,
North Bay,1959,,MDL B2,,COLOUR,paper,plans,"1-36, 41-57",incomplete set
North Bay,1959,,MDL B2,,COLOUR,paper,plans,,streets and blocks
North Gower,1897,,Fisher Rare Book Library,,COLOUR,paper,plans,1,
North Sydney,1957,,MDL B2,,COLOUR,paper,plans,1-14,complete set
North Sydney C.B.,1957,,Fisher Rare Book Library,,COLOUR,paper,plans,18,
North Vancouver,1964,,MDL B2,,COLOUR,paper,plans,pg. 35-36 only,odds
North Vancouver,1965,,Fisher Rare Book Library,,COLOUR,paper,plans,76,
Norton,1938,,Fisher Rare Book Library,,COLOUR,paper,plans,2,
Norton,1938,,MDL B2,,COLOUR,paper,plans (large),1-2,complete set
Norwich,1928,,Fisher Rare Book Library,,COLOUR,paper,plans,5,
Norwich,1928,,MDL B2,,COLOUR,paper,plans (large),1-5,complete set
Norwood,1900,1904,MDL G 3401 G475 1878-,10709,BW,microfiche,,,
Norwood,1900,1911,MDL G 3401 G475 1878-,13964,BW,microfiche,,,
Norwood,1900,1911,MDL G 3401 G475 1878-,9590,BW,microfiche,,,
Norwood,1900,,Fisher Rare Book Library,,COLOUR,paper,plans,4,
Not Defined,1744,,MDL G 3401 G475 1878-,7451,BW,microfiche,,,
Not Defined,1887,,MDL G 1174 V5G475 S9,9961,BW,microfiche,,,
Not Defined,1901,,MDL G 1149 O8G475 G62,13793,COLOUR,microfiche,,,
Not Defined,[1761],,MDL G 3401 G475 1878-,9803,BW,microfiche,,,
O'leary,1956,,Fisher Rare Book Library,,COLOUR,paper,plans,9,
Oak Bay,1968,,Fisher Rare Book Library,,COLOUR,paper,plans,11,
Oakville,1910,1932,MDL G 3401 G475 1878-,9591,BW,microfiche,,,
Oakville,1910,1932,MDL B2,,COLOUR,paper,plans (large),2,(large) Penetanguishene index printed on back.
Oakville,1967,,Fisher Rare Book Library,,COLOUR,paper,plans,71,
Oakville,1967,,MDL B2,,COLOUR,paper,plans,"1-6, 9-12, 15-46, 50-86",incomplete set
Oakville,1967,,MDL B2,,BW,paper,index,,streets and blocks
Oakwood,1910,,Fisher Rare Book Library,,COLOUR,paper,plans,2,
Odessa,1893,,MDL G 3401 G475 1878-,9593,BW,microfiche,,,
Odessa,1893,,MDL B2,,COLOUR,paper,plans (large),1-2,complete set
Oil City,1896,,MDL G 3401 G475 1878-,9594,BW,microfiche,,,
Oil Springs,1894,,Fisher Rare Book Library,,COLOUR,paper,plans,2,
Oil Springs,1894,1906,MDL G 3401 G475 1878-,13965,BW,microfiche,,,
Olds,1960,,Fisher Rare Book Library,,COLOUR,paper,plans,12,
Olds,1960,,MDL B2,,COLOUR,paper,plans,1-9,
Oliver,1952,1953,Fisher Rare Book Library,,COLOUR,paper,plans,6,
Oliver,1952,,MDL B2,,COLOUR,paper,plans,1-5,complete set
Omemee,1881,,MDL G 3401 G475 1878-,9596,BW,microfiche,,,
Omemee,1881,1904,MDL G 3401 G475 1878-,9597,BW,microfiche,,,
Orangeville,1907,1935,Fisher Rare Book Library,,COLOUR,paper,plans,14,
Orangeville,1907,1935,MDL B2,,COLOUR,paper,plans (large),"1, 2",incomplete set
Orangeville,1907,1914,MDL G 3401 G475 1878-,9599,BW,microfiche,,,
Orangeville,1907,1924,MDL G 3401 G475 1878-,9600,BW,microfiche,,,
Orangeville,1924,,MDL B2,,COLOUR,paper,slips,Trans. 1-5,
Orangeville,1924,,MDL G 3401 G475 1878-,98385,BW,microfiche,,,
Orillia,1928,1941,Fisher Rare Book Library,,COLOUR,paper,plans,19,
Orillia,1928,1941,MDL B2,,COLOUR,paper,plans (large),1-18,complete set
Ormstown,1949,,Fisher Rare Book Library,,COLOUR,paper,plans,6,
Ormstown,1949,,MDL B2,,COLOUR,paper,slips,"Trans. 5, 6",
Orocmocto,1960,,Fisher Rare Book Library,,COLOUR,paper,plans,13,
Oromocto,1960,,MDL B2,,COLOUR,paper,plans,1-10,complete set
Oshawa,1921,,MDL G 3401 G475 1878-,9603,BW,microfiche,,,
Oshawa,1921,,MDL G 3401 G475 1878-,31782,BW,microfiche,,,
Oshawa,1948,,MDL G 3401 G475 1878-,9604,BW,microfiche,,,
Oshawa,1966,,Fisher Rare Book Library,,COLOUR,paper,plans,89,
Oshawa,1966,,MDL B2,,COLOUR,paper,plans,"1-64, 75-97",
Osnabruck Centre,1896,,MDL G 3401 G475 1878-,9605,BW,microfiche,,,
Osoyoos,1952,,Fisher Rare Book Library,,COLOUR,paper,plans,4,
Ottawa,1875,,MDL G 3401 G475 1878-,32988,BW,microfiche,,,
Ottawa,1878,,MDL G 3401 G475 1878-,10731,COLOUR,microfiche,,,
Ottawa,1880,,MDL G 3401 G475 1878-,10628,BW,microfiche,,,
Ottawa,1885,,MDL G 3401 G475 1878-,13966,COLOUR,microfiche,,,
Ottawa,1888,,MDL G 3401 G475 1878-,33000,COLOUR,microfiche,,,
Ottawa,1888,,MDL G 3401 G475 1878-,32998,COLOUR,microfiche,,,
Ottawa,1892,,MDL G 3401 G475 1878-,18164,BW,microfiche,,,
Ottawa,1892,[1898],MDL G 3401 G475 1878-,10627,BW,microfiche,,,
Ottawa,1895,,MDL G 3401 G475 1878-,33001,COLOUR,microfiche,,,
Ottawa,1895,1898,MDL G 3401 G475 1878-,33002,COLOUR,microfiche,,,
Ottawa,1896,,MDL G 3401 G475 1878-,10760,BW,microfiche,,,
Ottawa,1901,,MDL G 3401 G475 1878-,33003,COLOUR,microfiche,,,
Ottawa,1912,,MDL G 3401 G475 1878-,33004,COLOUR,microfiche,,,
Ottawa,1912,,MDL G 3401 G475 1878-,9882,COLOUR,microfiche,,,
Ottawa,1912,,MDL G 3401 G475 1878-,9883,COLOUR,microfiche,,,
Ottawa,1912,1922,MDL G 3401 G475 1878-,33005,COLOUR,microfiche,,,
Ottawa,1915,,MDL G 3401 G475 1878-,9606,COLOUR,microfiche,,,
Ottawa,1922,,MDL G 3401 G475 1878-,10837,COLOUR,microfiche,,,
Ottawa,1922,,MDL G 3401 G475 1878-,10838,COLOUR,microfiche,,,
Ottawa,1925,,MDL G 3401 G475 1878-,33006,BW,microfiche,,,
Ottawa,1926,1938,MDL G 3401 G475 1878-,10744,BW,microfiche,,,
Ottawa,1926,1938,MDL B2,,COLOUR,paper,plans (large),"312, 325, 326, 328, 336",incomplete set
Ottawa,1956,,Fisher Rare Book Library,,COLOUR,paper,plans,133,Vol.2 2 parts
Ottawa,1956,1965,Fisher Rare Book Library,,COLOUR,paper,plans,71,Vol.3
Ottawa,1956,1963,MDL B2,,COLOUR,paper,plans,101-146,Vol. 1 (incomplete)
Ottawa,1956,,MDL B2,,COLOUR,paper,plans,"201-211, 214-235, 237-269",Vol. 2 (incomplete)
Ottawa,1956,1965,MDL B2,,COLOUR,paper,plans,"300, 303-324, 327-342, 345-346",Vol. 3 (incomplete)
Ottawa,1957,1965,Fisher Rare Book Library,,COLOUR,paper,plans,44,Vol.4
Ottawa,1957,1963,Fisher Rare Book Library,,COLOUR,paper,plans,44,Vol.6
Ottawa,1957,1965,MDL B2,,COLOUR,paper,plans,400-442,Vol. 4 (complete)
Ottawa,1957,1963,MDL B2,,COLOUR,paper,plans,500-517,Vol. 5 (complete)
Ottawa,1957,1963,MDL B2,,COLOUR,paper,plans,600-641,Vol. 6 (complete)
Ottawa,1957,1965-,MDL G 3401 G475 1878-,104181,BW,microfiche,,,
Ottawa,1965,,MDL B2,,BW,paper,index,,streets and blocks
Ottawa,[1878],,MDL G 3401 G475 1878-,13968,COLOUR,microfiche,,,
Ottawa,[1878],,MDL G 3401 G475 1878-,13967,COLOUR,microfiche,,,
Ottawa & Vicinity,,,MDL G 3401 G475 1878-,104187,BW,microfiche,,,
Ottawa-hull,1900,,MDL G 3401 G475 1878-,51401,COLOUR,microfiche,,,
Otterville,1897,,MDL G 3401 G475 1878-,9607,COLOUR,microfiche,,,
Otterville,1897,1904,MDL G 3401 G475 1878-,13969,COLOUR,microfiche,,,
Owen Sound,1901,,MDL G 3401 G475 1878-,9608,COLOUR,microfiche,,,
Owen Sound,1921,1931,MDL B2,,COLOUR,paper,plans (large),11,
Owen Sound,1923,1946,Fisher Rare Book Library,,COLOUR,paper,plans,25,24 sh.
Owen Sound,1923,,MDL B2,,COLOUR,paper,plans (large),21,incomplete set. Printed on back of Harbour Grace plan (large)
Owen Sound,1923,1946,MDL B2,,COLOUR,paper,plans (large),"2, 4-6, 9, 12, 16, 18-20","incomplete set. Toronto, Montreal, Ottawa slips printed on backs."
Owen Sound,1946,,MDL B2,,COLOUR,paper,slips,Trans. 1-10,
Oxford,1962,,Fisher Rare Book Library,,COLOUR,paper,plans,12,
Oxford,1962,,MDL B2,,COLOUR,paper,plans,1-10,complete set
Paisley,1904,,Fisher Rare Book Library,,COLOUR,paper,plans,3,
Pakenham,1897,,Fisher Rare Book Library,,COLOUR,paper,plans,2,
Pakenham,1897,1902,MDL G 3401 G475 1878-,9614,COLOUR,microfiche,,,
Palmerston,1890,,MDL G 3401 G475 1878-,9616,COLOUR,microfiche,,,
Palmerston,1914,,MDL G 3401 G475 1878-,9617,COLOUR,microfiche,,,
Paris,1882,,MDL G 3401 G475 1878-,9618,COLOUR,microfiche,,,
Paris,1888,,MDL G 3401 G475 1878-,10765,BW,microfiche,,,
Paris,1913,,MDL G 3401 G475 1878-,9619,COLOUR,microfiche,,,
Paris,1913,1924,MDL G 3401 G475 1878-,9620,COLOUR,microfiche,,,
Paris,1924,,MDL B2,,COLOUR,paper,slips,Trans. 1-8,
Paris,1948,,MDL B2,,BW,paper,index,,streets
Parkhill,1926,,Fisher Rare Book Library,,COLOUR,paper,plans,4,
Park Hill,1926,,MDL B2,,COLOUR,paper,index (large),,
Parrsboro,1962,,Fisher Rare Book Library,,COLOUR,paper,plans,13,
Parrsboro,1962,,MDL B2,,COLOUR,paper,plans,1-7,complete set
Parry Sound,1949,,Fisher Rare Book Library,,COLOUR,paper,plans,20,
Parry Sound,1949,,MDL B2,,COLOUR,paper,plans (large),1-20,complete set
Pembroke,1908,[1911],MDL G 3401 G475 1878-,9623,COLOUR,microfiche,,,
Pembroke,1935,,MDL B2,,COLOUR,paper,slips,"Trans. 1-3, 5, 7",
Pembroke,1950,,MDL G 3401 G475 1878-,9624,COLOUR,microfiche,,,
Pembroke,1950,,MDL B2,,COLOUR,paper,plans (large),1-19,complete set
Penetanguishene,1912,,MDL G 3401 G475 1878-,9625,COLOUR,microfiche,,,
Penetanguishene,1946,,Fisher Rare Book Library,,COLOUR,paper,plans,13,
Penetanguishene,1946,,MDL B2,,COLOUR,paper,plans (large),2,incomplete set. Printed on back of sh. 2 Carbonear plan (large)
Penetanguishene,1946,,MDL B2,,COLOUR,paper,plans (large),"1-11, 13","incomplete set. Toronto, Montreal plans (large) + slips printed on backs."
Penobsquis,1938,,Fisher Rare Book Library,,COLOUR,paper,plans,1,
Penobsquis,1938,,MDL B2,,COLOUR,paper,plans (large),1,complete set (?)
Penticton,1952,1958,Fisher Rare Book Library,,COLOUR,paper,plans,26,
Penticton,1952,,MDL B2,,COLOUR,paper,plans,1-27 ,complete set
Perth,1952,,MDL B2,,COLOUR,paper,plans,1-16,complete set
Perth,1952,,MDL G 3401 G475 1878-,104185,BW,microfiche,,,
Peterborough,1929,1948,MDL G 3401 G475 1878-,9627,COLOUR,microfiche,,,
Peterborough,1948,,MDL B2,,COLOUR,paper,slips,Trans. 1-5,
Peterborough,1968,,Fisher Rare Book Library,,COLOUR,paper,plans,96,
Peterborough,1968,,MDL B2,,COLOUR,paper,plans,1-98,complete set
Petitcodiac,1921,1938,Fisher Rare Book Library,,COLOUR,paper,plans,4,
Petrolia,1925,,Fisher Rare Book Library,,COLOUR,paper,plans,10,
Petrolia,1925,,MDL B2,,COLOUR,paper,plans (large),"1, 6",
Pickle Lake,1937,1941,MDL G 3401 G475 1878-,9659,BW,microfiche,,,
Picton,1924,,Fisher Rare Book Library,,COLOUR,paper,plans,13,
Picton,1924,,MDL B2,,COLOUR,paper,plans (large),1A-12,complete set
Picton,1963,,MDL B2,,BW,paper,index,,streets and blocks
Pictou,1952,1963,Fisher Rare Book Library,,COLOUR,paper,plans,13,
Pictou,1962,1963,MDL B2,,COLOUR,paper,plans,1-9,complete set
Pierreville,1955,,Fisher Rare Book Library,,COLOUR,paper,plans,7,
Pierreville,1955,,MDL B2,,COLOUR,paper,plans,1-5,complete set
Pierreville Mills,1894,,Fisher Rare Book Library,,COLOUR,paper,plans,1,
Pittsburgh,1853,,MDL G 3401 G475 1878-,22176,BW,microfiche,,,
Plantagenet,1897,,MDL B2,,COLOUR,paper,plans (large),2-9,incomplete set. All printed on 1 sheet.
Plaster Rock,1957,,Fisher Rare Book Library,,COLOUR,paper,plans,12,
Plaster Rock,1957,,MDL B2,,COLOUR,paper,plans,1-10,complete set
Plattsville,1894,,Fisher Rare Book Library,,COLOUR,paper,plans,1,
Plessisville,1953,,Fisher Rare Book Library,,COLOUR,paper,plans,19,
Plessisville,1953,,MDL B2,,COLOUR,paper,plans,1-16,complete set
Pointe Aux Trembles,1959,,Fisher Rare Book Library,,COLOUR,paper,plans,47,
Pointe Claire,1969,,Fisher Rare Book Library,,COLOUR,paper,plans,61,
Pointe Claire,1969,,MDL B2,,COLOUR,paper,plans,1-56,complete set
Point Edward,1900,,MDL G 3401 G475 1878-,10567,BW,microfiche,,,
Pointe Gatineau,1954,,Fisher Rare Book Library,,COLOUR,paper,plans,14,
Pointe Gatineau,1954,,MDL B2,,COLOUR,paper,plans,1-12,complete set
Ponoka,1960,,Fisher Rare Book Library,,COLOUR,paper,plans,15,
Ponoka,1960,,MDL B2,,COLOUR,paper,plans,1-15,
Pont Rouge,1914,,Fisher Rare Book Library,,COLOUR,paper,plans,2,
Pontypool,1904,,MDL G 3401 G475 1878-,9664,COLOUR,microfiche,,,
Portage La Prairie,1959,,Fisher Rare Book Library,,COLOUR,paper,plans,28,
Port Albernie,1957,,MDL B2,,COLOUR,paper,plans,odds,pg. 18 only
Port Alfred,1955,,Fisher Rare Book Library,,COLOUR,paper,plans,23,
Port Alfred,1955,,MDL B2,,COLOUR,paper,plans,1-21,complete set
Port Arthur,1905,,MDL G 3401 G475 1878-,10548,BW,microfiche,,,
Port Arthur,1911,,MDL G 3401 G475 1878-,10539,BW,microfiche,,,
Port Arthur,1911,,MDL G 3401 G475 1878-,51402,BW,microfiche,,,
Port Arthur,1913,1925,MDL G 3401 G475 1878-,9665,COLOUR,microfiche,,,
Port Burwell,1896,,Fisher Rare Book Library,,COLOUR,paper,plans,1,
Port Burwell,1896,1906,MDL G 3401 G475 1878-,9667,COLOUR,microfiche,,,
Port Colborne,1914,,MDL G 3401 G475 1878-,9628,COLOUR,microfiche,,,
Port Colborne,1953,,Fisher Rare Book Library,,COLOUR,paper,plans,40,
Port Colborne,1953,,MDL B2,,COLOUR,paper,plans,1-36,complete set
Port Credit,1928,,Fisher Rare Book Library,,COLOUR,paper,plans,,See Toronto Vol. 19
Port Credit,1928,,MDL G 3401 G475 1878-,9629,COLOUR,microfiche,,,
Port Dalhousie,1909,1922,MDL G 3401 G475 1878-,9630,COLOUR,microfiche,,,
Port Dover,1928,1936,Fisher Rare Book Library,,COLOUR,paper,plans,6,
Port Dover,1962,,MDL B2,,BW,paper,index,,streets and blocks
Port Elgin,1928,,Fisher Rare Book Library,,COLOUR,paper,plans,5,
Port Elgin,1928,,MDL B2,,COLOUR,paper,plans (large),1-5,complete set
Port Elgin,1934,,Fisher Rare Book Library,,COLOUR,paper,plans,3,
Port Hastings,1926,,Fisher Rare Book Library,,COLOUR,paper,plans,1,
Port Hastings,1926,,MDL B2,,COLOUR,paper,plans (large),1,complete set
Port Hawkesbury,1922,1941,Fisher Rare Book Library,,COLOUR,paper,plans,2,1 sh. 2 copies
Port Hawkesbury,1922,1941,MDL B2,,COLOUR,paper,plans (large),2,incomplete set
Port Hawkesbury,1972,,Fisher Rare Book Library,,COLOUR,paper,plans,15,
Port Hawkesbury,1972,,MDL B2,,COLOUR,paper,plans,1-13,complete set
Port Hood,1926,,Fisher Rare Book Library,,COLOUR,paper,plans,1,
Port Hood,1926,,MDL B2,,COLOUR,paper,plans (large),1,complete set
Port Hope,1892,,MDL G 3401 G475 1878-,10755,BW,microfiche,,,
Port Hope,1900,,MDL G 3401 G475 1878-,10580,BW,microfiche,,,
Port Hope,1901,1904,MDL G 3401 G475 1878-,9793,BW,microfiche,,,
Port Hope,1901,1911,MDL G 3401 G475 1878-,9648,BW,microfiche,,,
Port Hope,1955,,Fisher Rare Book Library,,COLOUR,paper,plans,31,
Port Hope,1955,,MDL B2,,COLOUR,paper,plans,1-28,complete set
Port La Joye,1733,,MDL G 3401 G475 1878-,902,BW,microfiche,,,
Port Lambton,1900,,Fisher Rare Book Library,,COLOUR,paper,plans,1,
Port Maitland,1941,,Fisher Rare Book Library,,COLOUR,paper,plans,2,
Port Perry,1923,,Fisher Rare Book Library,,COLOUR,paper,plans,4,
Port Perry,1923,,MDL B2,,COLOUR,paper,plans (large),1-4,complete set
Port Rowan,1894,,MDL G 3401 G475 1878-,9638,BW,microfiche,,,
Port Stanley,1925,,Fisher Rare Book Library,,COLOUR,paper,plans,3,
Port Williams,1934,1944,Fisher Rare Book Library,,COLOUR,paper,plans,1,
Powasson,1908,,Fisher Rare Book Library,,COLOUR,paper,plans,3,can?t read
Powell River,1961,,Fisher Rare Book Library,,COLOUR,paper,plans,16,
Powell River,1961,,MDL B2,,COLOUR,paper,plans,"1,5-13",
Prescott,1963,,Fisher Rare Book Library,,COLOUR,paper,plans,16,
Prescott,1963,,MDL B2,,COLOUR,paper,plans,1-14,complete set
Preston,1884,,MDL G 3401 G475 1878-,9641,BW,microfiche,,,
Preston,1910,1924,Fisher Rare Book Library,,COLOUR,paper,plans,16,
Preston,1910,1924,MDL B2,,COLOUR,paper,plans (large),"1, 10, 12, 13, 15, 16",incomplete set
Prince Albert,1958,1965,Fisher Rare Book Library,,COLOUR,paper,plans,37,
Prince George,1966,,Fisher Rare Book Library,,COLOUR,paper,plans,41,
Prince Rupert,1954,1959,Fisher Rare Book Library,,COLOUR,paper,plans,23,
Prince Rupert,1959,,MDL B2,,COLOUR,paper,plans,1-41,
Princeton,1954,,Fisher Rare Book Library,,COLOUR,paper,plans,1-4,
Princeton,1954,,MDL B2,,COLOUR,paper,plans,1-5,
Princeville,1927,,MDL G 3401 G475 1878-,9183,BW,microfiche,,,
Princeville,1956,,Fisher Rare Book Library,,COLOUR,paper,plans,17,
Princeville,1956,,MDL B2,,COLOUR,paper,plans,1-15,complete set
Pugwash,1941,,Fisher Rare Book Library,,COLOUR,paper,plans,3,
Pugwash,1941,,MDL B2,,COLOUR,paper,plans (large),1-3,complete set
Quebec,1900,,MDL G 3401 G475 1878-,10570,BW,microfiche,,,
Quebec,1951,,MDL G 3401 G475 1878-,79962,BW,microfiche,,,
Quebec City,1957,,Fisher Rare Book Library,,COLOUR,paper,plans,199,Vol.1 2 Parts
Quebec City,1957,,MDL B2,,COLOUR,paper,plans,1-103,"Vol. 1, Pt. 1"
Quebec City,1957,,MDL B2,,COLOUR,paper,plans,104-170,"Vol. 1, Pt. 2"
Quebec City,1964,1968,Fisher Rare Book Library,,COLOUR,paper,plans,65,Vol.4 Quebec West & Charlesbourg
Quebec City,1964,,MDL B2,,COLOUR,paper,plans,400-473,Vol. 4
Queensborough,1904,,MDL G 3401 G475 1878-,9643,BW,microfiche,,,
Queenston,1819,,MDL G 3401 G475 1878-,4349,BW,microfiche,,,
Quesnel,1959,,Fisher Rare Book Library,,COLOUR,paper,plans,7,
Rainy River,1922,,MDL G 3401 G475 1878-,31790,BW,microfiche,,,
Rainy River,1950,,Fisher Rare Book Library,,COLOUR,paper,plans,4,
Rainy River,1950,,MDL B2,,COLOUR,paper,plans (large),1-4,complete set
Rat Portage,1897,1901,MDL G 3401 G475 1878-,9645,BW,microfiche,,,
Redcliff,1913,,MDL B2,,COLOUR,paper,slips,,
Redcliff,1915,,MDL B2,,COLOUR,paper,slips,,
Redcliff,1920,,MDL B2,,COLOUR,paper,slips,,
Red Deer,1955,1964,Fisher Rare Book Library,,COLOUR,paper,plans,28,
Regina,1907,1913,MDL G 3401 G475 1878-,10161,BW,microfiche,,,
Regina,1915,1919,MDL G 3401 G475 1878-,10162,BW,microfiche,,,
Regina,1923,,MDL G 3401 G475 1878-,10179,BW,microfiche,,,
Regina,1957,1963,Fisher Rare Book Library,,COLOUR,paper,plans,79,Vol.1
Regina,1957,1963,Fisher Rare Book Library,,COLOUR,paper,plans,19,Vol.2
Regina,1957,1963,Fisher Rare Book Library,,COLOUR,paper,plans,14,Vol.4
Regina,1957,1963,Fisher Rare Book Library,,COLOUR,paper,plans,16,Vol.5
Regina,1963,,Fisher Rare Book Library,,COLOUR,paper,plans,22,Vol.3
Renfrew,1908,1916,MDL G 3401 G475 1878-,9646,BW,microfiche,,,
Renfrew,1950,,Fisher Rare Book Library,,COLOUR,paper,plans,18,
Renfrew,1950,,MDL B2,,COLOUR,paper,plans (large),1-17,complete set. Includes index
Revelstoke,1955,,Fisher Rare Book Library,,COLOUR,paper,plans,15,
Rexton,1957,,Fisher Rare Book Library,,COLOUR,paper,plans,8,
Rexton,1957,,MDL B2,,COLOUR,paper,plans,1-6,complete set
Richard,1896,1908,MDL G 3401 G475 1878-,9650,BW,microfiche,,,
Richards Landing,1896,,Fisher Rare Book Library,,COLOUR,paper,plans,1,
Richards Landing,1896,,MDL B2,,COLOUR,paper,plans (large),1,complete set
Richibucto,1957,,Fisher Rare Book Library,,COLOUR,paper,plans,11,
Richibucto,1957,,MDL B2,,COLOUR,paper,plans,1-9,complete set
Richmond,1889,1902,MDL G 3401 G475 1878-,9652,BW,microfiche,,,
Richmond,1960,,Fisher Rare Book Library,,COLOUR,paper,plans,38,
Richmond Hill,1910,,Map and Data Library,,BW,Digital; DVD-[238],plans,3,
Richmond Hill,1960,,Fisher Rare Book Library,,COLOUR,paper,plans,26,
Richmond Hill,1960,,MDL B2,,COLOUR,paper,plans,1-21,complete set
Ridgetown,1906,1926,MDL B2,,COLOUR,paper,plans (large),"1, 5, 7",incomoplete set
Ridgetown,1926,,MDL B2,,COLOUR,paper,slips,Trans. 1-2,
Ridgeway,1905,1909,MDL G 3401 G475 1878-,9656,BW,microfiche,,,
Rimouski,1952,,MDL B2,,COLOUR,paper,slips,Trans. 1-4,
Rimouski,1968,,Fisher Rare Book Library,,COLOUR,paper,plans,47,
Rimouski,1968,,MDL B2,,COLOUR,paper,plans,1-42,complete set
Ripley,1894,,Fisher Rare Book Library,,COLOUR,paper,plans,1,
Ripley,1894,1904,MDL G 3401 G475 1878-,9670,BW,microfiche,,,
Riviere Du Loup,1954,,Fisher Rare Book Library,,COLOUR,paper,plans,26,
Riviere Du Loup,1954,,MDL B2,,COLOUR,paper,plans,1-19,complete set
Roberval,1955,,Fisher Rare Book Library,,COLOUR,paper,plans,18,
Roberval,1955,,MDL B2,,COLOUR,paper,plans,1-16,complete set
Rockland,1933,,MDL G 3401 G475 1878-,9671,BW,microfiche,,,
Rockland,1933,,MDL B2,,COLOUR,paper,plans (large),1,incomplepte set
Rockwood,1904,,MDL G 3401 G475 1878-,9672,BW,microfiche,,,
Rodney,1926,,Fisher Rare Book Library,,COLOUR,paper,plans,4,
Rodney,1926,,MDL B2,,COLOUR,paper,plans (large),1-4,complete set
Rodney,1926,,MDL G 3401 G475 1878-,9673,BW,microfiche,,,
Rogersville,1906,1936,Fisher Rare Book Library,,COLOUR,paper,plans,1,
Rogersville,1906,1936,MDL B2,,COLOUR,paper,plans (large),1,complete set
Rossland,1953,1959,Fisher Rare Book Library,,COLOUR,paper,plans,15,
Rougemont,1931,,Fisher Rare Book Library,,COLOUR,paper,plans,3,
Rouyn,1952,,MDL B2,,COLOUR,paper,slips,,includes index
Rouyn,1970,,Fisher Rare Book Library,,COLOUR,paper,plans,27,
Rouyn,1970,,MDL B2,,COLOUR,paper,plans,1-24,complete set
Roxton Falls,1926,,Fisher Rare Book Library,,COLOUR,paper,plans,1,
Russell,1908,,MDL G 3401 G475 1878-,9674,BW,microfiche,,,
Saanich,1968,,Fisher Rare Book Library,,COLOUR,paper,plans,54,
Sackville,1966,,Fisher Rare Book Library,,COLOUR,paper,plans,14,
Sackville,1966,,MDL B2,,COLOUR,paper,plans,1-12,complete set
Saint John,1900,,MDL G 3401 G475 1878-,10561,BW,microfiche,,,
Saint John,1911,,MDL G 3401 G475 1878-,9072,BW,microfiche,,,
Salaberry De Valleyfield,1953,,MDL B2,,COLOUR,paper,plans,1-34,complete set
Salmon Arm,1970,,Fisher Rare Book Library,,COLOUR,paper,plans,8,
Sarnia,1958,,Fisher Rare Book Library,,COLOUR,paper,plans,101,
Sarnia,1958,,MDL B2,,COLOUR,paper,plans,1-100,complete set
Sarnia,1958,,MDL B2,,BW,paper,index,,streets
Sarnia,1958,,MDL B2,,BW,paper,index,,streets
Saskatoon,1913,1917,MDL G 3401 G475 1878-,10164,BW,microfiche,,,
Saskatoon,1923,,MDL G 3401 G475 1878-,10165,BW,microfiche,,,
Saskatoon,1923,,MDL G 3401 G475 1878-,10166,BW,microfiche,,,
Saskatoon,1923,,MDL G 3401 G475 1878-,10167,BW,microfiche,,,
Saskatoon,1923,,MDL G 3401 G475 1878-,10168,BW,microfiche,,,
Saskatoon,1958,1963,Fisher Rare Book Library,,COLOUR,paper,plans,45,Vol.1
Saskatoon,1958,,Fisher Rare Book Library,,COLOUR,paper,plans,27,Vol.2
Saskatoon,1958,1963,Fisher Rare Book Library,,COLOUR,paper,plans,24,Vol.3
Saskatoon,1958,1963,Fisher Rare Book Library,,COLOUR,paper,plans,27,Vol.4
Saskatoon,1964,,MDL B2,,COLOUR,paper,slips,,from Vol. 1
Sault Ste. Marie,1953,,Fisher Rare Book Library,,COLOUR,paper,plans,66,
Sault Ste. Marie,1953,,MDL B2,,COLOUR,paper,plans,"5-18, 21-26, 29-42, 47-50",incomplete set
Schomberg,1904,,MDL B2,,COLOUR,paper,plans (large),1,complete set
Schomberg,1904,,MDL G 3401 G475 1878-,9683,BW,microfiche,,,
Schomberg,1904,1910,MDL G 3401 G475 1878-,31792,BW,microfiche,,,
Schomberg,1904,1910,MDL G 3401 G475 1878-,9684,BW,microfiche,,,
Schomberg,1910,,MDL B2,,COLOUR,paper,slips,,
Schreiber,1950,,Fisher Rare Book Library,,COLOUR,paper,plans,4,
Schreiber,1950,,MDL B2,,COLOUR,paper,plans (large),1-4,complete set
Schumacher,1933,1937,MDL G 3401 G475 1878-,11912,BW,microfiche,,,
Schumacher,1952,,Fisher Rare Book Library,,COLOUR,paper,plans,6,
Schumacher,1952,,MDL B2,,COLOUR,paper,plans,1-6,complete set
Seaforth,1923,,Fisher Rare Book Library,,COLOUR,paper,plans,6,
Seaforth,1923,,MDL B2,,COLOUR,paper,plans (large),1-6,complete set
Sebringville,1901,,Fisher Rare Book Library,,COLOUR,paper,plans,2,
Seeley's Bay,1908,,Fisher Rare Book Library,,COLOUR,paper,plans,2,
Selkirk,1905,,MDL G 3401 G475 1878-,9689,BW,microfiche,,,
Sept Iles,1956,,Fisher Rare Book Library,,COLOUR,paper,plans,29,
Sept Iles,1956,,MDL B2,,COLOUR,paper,plans,1-27,incomplete set
Shakespeare,1901,,MDL G 3401 G475 1878-,9690,BW,microfiche,,,
Shannonville,1881,,MDL G 3401 G475 1878-,9691,BW,microfiche,,,
Shannonville,1881,1885,MDL G 3401 G475 1878-,9692,BW,microfiche,,,
Shannonville,1881,1898,MDL G 3401 G475 1878-,9693,BW,microfiche,,,
Shawinigan,1955,,Fisher Rare Book Library,,COLOUR,paper,plans,45,
Shawinigan Falls,1955,,MDL B2,,COLOUR,paper,plans,1-40,complete set
Shawville,1936,,MDL B2,,COLOUR,paper,slips,,
Shedden,1896,,Fisher Rare Book Library,,COLOUR,paper,plans,1,
Shediac,1950,,MDL B2,,COLOUR,paper,plans (large),"1-3, 6-8, 10-12",incomplete set
Shediac,1950,1954,Fisher Rare Book Library,,COLOUR,paper,plans,10,6 sh.
Shelburne,1924,,MDL G 3401 G475 1878-,9695,BW,microfiche,,,
Shelburne,1962,,Fisher Rare Book Library,,COLOUR,paper,plans,16,
Shelburne,1962,,MDL B2,,COLOUR,paper,plans,1-14,complete set
Sherbrooke,1953,,Fisher Rare Book Library,,COLOUR,paper,plans,93,
Shippagan,1959,,MDL B2,,COLOUR,paper,plans,1-16,complete set
Shippagan,1959,,Fisher Rare Book Library,,COLOUR,paper,plans,18,
Shubenacadie,1941,,Fisher Rare Book Library,,COLOUR,paper,plans,2,
Shubenacadie,1941,1947,Fisher Rare Book Library,,COLOUR,paper,plans,2,
Simcoe,1919,1929,MDL G 3401 G475 1878-,10711,BW,microfiche,,,
Simcoe,1949,,Fisher Rare Book Library,,COLOUR,paper,plans,18,
Simcoe,1949,,MDL B2,,COLOUR,paper,plans (large),1-18,complete set
Sioux Lookout,1950,,Fisher Rare Book Library,,COLOUR,paper,plans,7,
Sioux Lookout,1950,,MDL B2,,COLOUR,paper,plans (large),1-7,complete set
Smithers,1954,1959,Fisher Rare Book Library,,COLOUR,paper,plans,8,
Smiths Falls,1929,,MDL G 3401 G475 1878-,9698,BW,microfiche,,,
Smiths Falls,1959,,Fisher Rare Book Library,,COLOUR,paper,plans,30,
Smiths Falls,1959,,MDL B2,,COLOUR,paper,plans,1-24,complete set
Smithville,1885,1909,MDL G 3401 G475 1878-,13971,BW,microfiche,,,
Sorel,1947,,MDL G 3401 G475 1878-,9232,BW,microfiche,,,
Sorel,1947,,MDL B2,,COLOUR,paper,plans (large),"5, 11",incomplete set. Includes index
Souris,1962,,Fisher Rare Book Library,,COLOUR,paper,plans,7,
Souris,1962,,MDL B2,,COLOUR,paper,plans,1-5,complete set
Souris East,1956,1962,Fisher Rare Book Library,,COLOUR,paper,plans,10,
Southampton,1890,1904,MDL G 3401 G475 1878-,13972,BW,microfiche,,,
Southampton,1928,,MDL B2,,COLOUR,paper,plans (large),1,incomplete set
Southampton,1928,,Fisher Rare Book Library,,COLOUR,paper,plans,5,
South Indian,1902,,MDL G 3401 G475 1878-,9701,BW,microfiche,,,
South Porcupine,1952,,Fisher Rare Book Library,,COLOUR,paper,plans,8,
South Porcupine,1952,,MDL B2,,COLOUR,paper,plans,1-7,complete set
South River,1908,,Fisher Rare Book Library,,COLOUR,paper,plans,4,
Spanish River,1896,,Fisher Rare Book Library,,COLOUR,paper,plans,1,
Spanish River,1896,,MDL B2,,COLOUR,paper,plans (large),1,complete set
Spanish River,1896,1901,MDL G 3401 G475 1878-,9704,BW,microfiche,,,
Spanish River,1896,1905,MDL G 3401 G475 1878-,9705,BW,microfiche,,,
Spragge,1896,,Fisher Rare Book Library,,COLOUR,paper,plans,1,
Spragge,1896,,MDL B2,,COLOUR,paper,plans (large),1,complete set
Spragge,1896,,MDL G 3401 G475 1878-,9706,BW,microfiche,,,
Spragge,1896,1905,MDL G 3401 G475 1878-,9707,BW,microfiche,,,
Springfield,1906,,Fisher Rare Book Library,,COLOUR,paper,plans,3,
Springfield,1906,,MDL B2,,COLOUR,paper,plans (large),1-3,complete set
Springhill,1955,,Fisher Rare Book Library,,COLOUR,paper,plans,20,
Springhill,1955,,MDL B2,,COLOUR,paper,plans,1-18,complete set
Squamish,1957,,Fisher Rare Book Library,,COLOUR,paper,plans,5,
St. Aime,1906,,Fisher Rare Book Library,,COLOUR,paper,plans,4,
St. Andre Avelin,1908,,Fisher Rare Book Library,,COLOUR,paper,plans,2,
St. Andrews,1897,,Fisher Rare Book Library,,COLOUR,paper,plans,1,2 sh.
St. Andrews,1949,,Fisher Rare Book Library,,COLOUR,paper,plans,9,
St. Andrews,1949,,MDL B2,,COLOUR,paper,plans (large),1-9,complete set
St. Armand,1885,,Fisher Rare Book Library,,COLOUR,paper,plans,1,
St. Boniface,1959,,Fisher Rare Book Library,,COLOUR,paper,plans,63,
St. Boniface,1959,,MDL B2,,COLOUR,paper,plans,1900-1995,complete set
St. Casimir,1921,,Fisher Rare Book Library,,COLOUR,paper,plans,1,
St. Catharines,1916,,MDL G 3401 G475 1878-,9676,BW,microfiche,,,
St. Catharines,1963,,Fisher Rare Book Library,,COLOUR,paper,plans,58,Vol.1
St. Catharines,1963,,Fisher Rare Book Library,,COLOUR,paper,plans,80,Vol.2
St. Catharines,1963,,MDL B2,,COLOUR,paper,plans,100-156,Vol. 1 (complete set)
St. Catharines,1963,,MDL B2,,COLOUR,paper,plans,200-275,Vol. 2 (complete set)
St. Catharines,1963,,MDL B2,,BW,paper,index,,streets and blocks
St. Charles De Bellechasse,1906,,Fisher Rare Book Library,,COLOUR,paper,plans,3,
St. Chrysostome,1894,,Fisher Rare Book Library,,COLOUR,paper,plans,1,
St. Constant,1913,,Fisher Rare Book Library,,COLOUR,paper,plans,1,
St. Constant,1923,,MDL B2,,COLOUR,paper,slips,Trans. 23,
St. Cuthbert,1905,,Fisher Rare Book Library,,COLOUR,paper,plans,1,
St. Denis,1896,1909,MDL G 3401 G475 1878-,9236,BW,microfiche,,,
St. Etienne De La Malbaie,1953,,MDL B2,,COLOUR,paper,plans,1-17,complete set
St. Etienne De La Malbaie (Murray Bay),1953,,Fisher Rare Book Library,,COLOUR,paper,plans,20,
St. Eugene,1897,,Fisher Rare Book Library,,COLOUR,paper,plans,1,
St. Eustache,1960,,Fisher Rare Book Library,,COLOUR,paper,plans,16,
St. Eustache,1960,,MDL B2,,COLOUR,paper,plans,1-13,complete set
St. Felicien,1951,,MDL B2,,COLOUR,paper,slips,"Trans. 1, 2",
St. Francois Du.Lac,1905,,Fisher Rare Book Library,,COLOUR,paper,plans,1,
St. Gabriel De Brandon,1955,,Fisher Rare Book Library,,COLOUR,paper,plans,15,
St. Gabriel De Brandon,1955,,MDL B2,,COLOUR,paper,plans,1-13,complete set
St. George,1950,,Fisher Rare Book Library,,COLOUR,paper,plans,5,
St. George,1894,,Fisher Rare Book Library,,COLOUR,paper,plans,1,
St. George,1894,1904,MDL G 3401 G475 1878-,9678,BW,microfiche,,,
St. George,1950,,MDL B2,,COLOUR,paper,plans (large),2,incomplete set
St. George,1950,,MDL B2,,COLOUR,paper,slips,,
St. George & St. George Ouest,1960,,MDL B2,,COLOUR,paper,plans,1-21,complete set
St. Georges De Beauce,1960,,Fisher Rare Book Library,,COLOUR,paper,plans,26,
St. Germain De Grantham,1897,,Fisher Rare Book Library,,COLOUR,paper,plans,1,
St. Guillaume D'upton,1906,,Fisher Rare Book Library,,COLOUR,paper,plans,2,
St. Henri De Mascouche,1906,,Fisher Rare Book Library,,COLOUR,paper,plans,1,
St. Hilaire,1896,,Fisher Rare Book Library,,COLOUR,paper,plans,1,
St. Hyacinthe,1968,,Fisher Rare Book Library,,COLOUR,paper,plans,67,
St. Hyacinthe,1950,,MDL B2,,COLOUR,paper,slips,,
St. Hyacinthe,1951,,MDL B2,,COLOUR,paper,slips,,
St. Hyacinthe,1968,,MDL B2,,COLOUR,paper,plans,1-60,complete set
St. Irenee Les Bains,1906,,Fisher Rare Book Library,,COLOUR,paper,plans,1,
St. James,1958,1961,Fisher Rare Book Library,,COLOUR,paper,plans,64,
St. James,1958,1961,MDL B2,,COLOUR,paper,plans,pg. 6001-6177,complete set
St. Jean,1952,1969,MDL B2,,COLOUR,paper,plans,1-36,complete set
St.Jean (st. John),1952,1969,Fisher Rare Book Library,,COLOUR,paper,plans,47,
St. Jean Des Chaillons,1897,,Fisher Rare Book Library,,COLOUR,paper,plans,1,
St. Jerome,1966,,Fisher Rare Book Library,,COLOUR,paper,plans,53,
St. Jerome,1948,,MDL B2,,COLOUR,paper,slips,"Trans. 6, 19",
St. Jerome,1949,,MDL B2,,COLOUR,paper,slips,Trans. 15-18,
St. Jerome,1966,,MDL B2,,COLOUR,paper,plans,1-49,complete set
St. John,1953,1967,Fisher Rare Book Library,,COLOUR,paper,plans,132,
St. John,1893,1902,MDL G 3401 G475 1878-1911,51385,BW,microfiche,,,
St. John,1952,1957,MDL B2,,COLOUR,paper,plans,"1, 33-12, 17-20, 35-50, 53-69, 73-75, 81-85, 87-94, 97-112",incomplete set
St. John,1953,1967,MDL B2,,COLOUR,paper,plans,1-113,complete set
St. John,1967,,MDL B2,,BW,paper,addendum,,
St. John's,1957,1968,Fisher Rare Book Library,,COLOUR,paper,plans,110,
St. John's,1967,1968,MDL B2,,COLOUR,paper,plans,1-76,complete set
St. Joseph D'alma,1953,,MDL B2,,COLOUR,paper,plans,odds only,
St. Joseph De Sorel,1957,,Fisher Rare Book Library,,COLOUR,paper,plans,10,
St. Joseph De Sorel,1957,,MDL B2,,COLOUR,paper,plans,1-8,complete set
St. Lambert,1953,1956,Fisher Rare Book Library,,COLOUR,paper,plans,39,Includes Greenfield Park
St. Lambert,1953,1956,MDL B2,,COLOUR,paper,plans,1-21,incomplete set
St. Lambert,1956,,MDL B2,,COLOUR,paper,slips,Trans. 20,
St. Laurent,1954,,Fisher Rare Book Library,,COLOUR,paper,plans,105,
St. Laurent,1954,1961,MDL B2,,COLOUR,paper,plans,65-78,complete set
St. Laurent,1954,1972,MDL B2,,COLOUR,paper,plans,79-115,complete set
St. Laurent,1961,,MDL B2,,COLOUR,paper,slips,,
St. Lawrence,1956,,Fisher Rare Book Library,,COLOUR,paper,plans,14,
St. Lawrence,1956,,MDL B2,,COLOUR,paper,plans,1-11,complete set
St. Leonard,1957,,Fisher Rare Book Library,,COLOUR,paper,plans,13,
St. Leonard,1957,,MDL B2,,COLOUR,paper,plans,1-11,complete set
St. Lin,1926,,Fisher Rare Book Library,,COLOUR,paper,plans,3,
St. Martin's,1941,,Fisher Rare Book Library,,COLOUR,paper,plans,3,
St. Martin's,1941,,MDL B2,,COLOUR,paper,plans (large),1-3,complete set
St. Mary's,1919,1922,Fisher Rare Book Library,,COLOUR,paper,plans,7,
St. Mary's,1922,1929,MDL B2,,COLOUR,paper,slips,Trans. 1-4,
St. Ours,1896,,Fisher Rare Book Library,,COLOUR,paper,plans,1,
St. Peter's Bay,1956,,Fisher Rare Book Library,,COLOUR,paper,plans,4,
St. Peters C.B.,1926,1941,Fisher Rare Book Library,,COLOUR,paper,plans,1,
St. Philippe,1909,,Fisher Rare Book Library,,COLOUR,paper,plans,1,
St. Pie,1906,,Fisher Rare Book Library,,COLOUR,paper,plans,3,
St. Quentin,1950,,Fisher Rare Book Library,,COLOUR,paper,plans,3,
St. Quentin's,1950,,MDL B2,,COLOUR,paper,plans (large),1-3,complete set
St. Raymond,1926,,Fisher Rare Book Library,,COLOUR,paper,plans,4,
St. Remi,1909,1928,Fisher Rare Book Library,,COLOUR,paper,plans,4,
St. Romauld D'etchemin,1960,,Fisher Rare Book Library,,COLOUR,paper,plans,21,
St. Romauld D'etchemin,1960,,MDL B2,,COLOUR,paper,plans,1-18,complete set
St. Rose,1951,,Fisher Rare Book Library,,COLOUR,paper,plans,7,
St. Scholastique,1908,,Fisher Rare Book Library,,COLOUR,paper,plans,3,
St. Stephen,1950,,Fisher Rare Book Library,,COLOUR,paper,plans,16,
St. Stephen,1905,,MDL G 3401 G475 1878-,9076,BW,microfiche,,,
St. Stephen,1941,,MDL B2,,COLOUR,paper,slips,,
St. Stephen,1950,,MDL B2,,COLOUR,paper,plans (large),1-16,complete set
Ste. Therese,1955,1971,MDL B2,,COLOUR,paper,plans,1-26,complete set
St. Thomas,1922,1929,Fisher Rare Book Library,,COLOUR,paper,plans,18,index in dup.
St. Thomas,1922,1929,MDL B2,,COLOUR,paper,plans (large),1-17,complete set. Includes index
St. Timothee,1909,,Fisher Rare Book Library,,COLOUR,paper,plans,1,
St. Tite,1956,,Fisher Rare Book Library,,COLOUR,paper,plans,16,
St. Tite,1956,,MDL B2,,COLOUR,paper,plans,1-14,complete set
St. Vital,1961,,Fisher Rare Book Library,,COLOUR,paper,plans,34,
St. Vital,1961,,MDL B2,,COLOUR,paper,plans,1-24,
Stanbridge East,1897,,Fisher Rare Book Library,,COLOUR,paper,plans,1,
Stanley,1941,,MDL B2,,COLOUR,paper,plans (large),1-19,incomplete set (?)
Stanley,1941,,Fisher Rare Book Library,,COLOUR,paper,plans,1,
Stanstead Plain,1960,,Fisher Rare Book Library,,COLOUR,paper,plans,3,
Stanstead Plain,1960,,MDL B2,,COLOUR,paper,plans,1-6,complete set
Staples,1906,,Fisher Rare Book Library,,COLOUR,paper,plans,1,
Stayner,1924,,MDL B2,,COLOUR,paper,plans (large),1-3,complete set
Stayner,1924,,Fisher Rare Book Library,,COLOUR,paper,plans,3,
Ste. Adele,1956,,Fisher Rare Book Library,,COLOUR,paper,plans,17,
Ste. Adele,1956,,MDL B2,,COLOUR,paper,plans,1-15,complete set
Ste. Agathe Des Monts,1952,,Fisher Rare Book Library,,COLOUR,paper,plans,16,
Ste. Agathe Des Monts,1952,,MDL B2,,COLOUR,paper,plans,1-15,complete set
Ste. Anne De Beaupre,1964,,Fisher Rare Book Library,,COLOUR,paper,plans,11,
Ste. Anne De Beaupre,1964,,MDL B2,,COLOUR,paper,plans,1-7,complete set
Ste. Anne De Bellevue,1959,,MDL B2,,COLOUR,paper,plans,1-13,complete set
Ste. Anne De Bellevue??,1959,,Fisher Rare Book Library,,COLOUR,paper,plans,15,
Ste. Genevieve,1918,,Fisher Rare Book Library,,COLOUR,paper,plans,3,
Ste. Helene De Breakeyville,1960,,Fisher Rare Book Library,,COLOUR,paper,plans,8,
Ste. Helene De Breakeyville,1960,,MDL B2,,COLOUR,paper,plans,1-6,complete set
Ste. Julie De Somerset,1906,,Fisher Rare Book Library,,COLOUR,paper,plans,1,
Ste. Marie De Beauce,1932,,Fisher Rare Book Library,,COLOUR,paper,plans,7,
Ste. Thecle,1908,,Fisher Rare Book Library,,COLOUR,paper,plans,1,
Ste. Therese,1955,1971,Fisher Rare Book Library,,COLOUR,paper,plans,33,
Ste. Therese,1956,,MDL B2,,COLOUR,paper,slips,,
Stellarton,1962,,Fisher Rare Book Library,,COLOUR,paper,plans,14,
Stellarton,1962,,MDL B2,,COLOUR,paper,plans,1-11,complete set
Stephenville,1964,1969,Fisher Rare Book Library,,COLOUR,paper,plans,19,
Stephenville,1964,1969,MDL B2,,COLOUR,paper,plans,1-16,complete set
Stettler,1959,,Fisher Rare Book Library,,COLOUR,paper,plans,9,
Stevensville,1897,,Fisher Rare Book Library,,COLOUR,paper,plans,1,
Stevensville,1897,1909,MDL G 3401 G475 1878-,9713,BW,microfiche,,,
Stirling,1890,,MDL G 3401 G475 1878-,9714,BW,microfiche,,,
Stirling,1911,,Fisher Rare Book Library,,COLOUR,paper,plans,3,
Stony Creek,1939,,MDL G 3401 G475 1878-,9716,BW,microfiche,,,
Stouffville,1910,,Fisher Rare Book Library,,COLOUR,paper,plans,4,
Stouffville,1910,1924,MDL G 3401 G475 1878-,9718,BW,microfiche,,,
Stouffville,1924,,MDL B2,,COLOUR,paper,slips,Trans. 1-3,
Stratford,1908,1925,MDL G 3401 G475 1878-,16292,BW,microfiche,,,
Stratford,1908,1928,MDL G 3401 G475 1878-,9719,BW,microfiche,,,
Stratford,1949,,Fisher Rare Book Library,,COLOUR,paper,plans,31,
Strathroy,1929,,MDL B2,,COLOUR,paper,plans (large),1,incomplete set
Strathroy,1929,,Fisher Rare Book Library,,COLOUR,paper,atlas,7,
Streetsville,1884,[190?],MDL G 3401 G475 1878-,13973,BW,microfiche,,,
Streetsville,1939,,Fisher Rare Book Library,,COLOUR,paper,plans,3,
Sturgeon Falls,1949,,MDL B2,,COLOUR,paper,plans (large),1-9,complete set
Sturgeon Falls,1949,,Fisher Rare Book Library,,COLOUR,paper,plans,9,
Sturgeon Point,1938,,MDL G 3401 G475 1878-,7851,BW,microfiche,,,
Sudbury,1915-19,,MDL G 3401 G475 1878-,7858,BW,microfiche,,,
Sudbury & District,1957,,MDL B2,,COLOUR,paper,plans,1-75,complete set
Sudbury & District,1957,,Fisher Rare Book Library,,COLOUR,paper,plans,135,
Summerside,1937,,MDL B2,,COLOUR,paper,slips,,
Summerside,1949,,MDL B2,,BW,paper,slips,,index slip
Summerside,1956,1963,Fisher Rare Book Library,,COLOUR,paper,plans,1,
Sunderland,1885,[190?],MDL G 3401 G475 1878-,13974,BW,microfiche,,,
Sunderland,1910,,Fisher Rare Book Library,,COLOUR,paper,plans,2,
Sundridge,1896,,Fisher Rare Book Library,,COLOUR,paper,plans,1,
Sundridge,1896,,MDL B2,,COLOUR,paper,plans (large),1,complete set
Sussex,1955,,Fisher Rare Book Library,,COLOUR,paper,plans,22,
Sussex,1955,,MDL B2,,COLOUR,paper,plans,1-20,complete set
Sutton,1885,,MDL G 3401 G475 1878-,7854,BW,microfiche,,,
Sutton,1926,,Fisher Rare Book Library,,COLOUR,paper,plans,2,
Sutton,1929,,MDL B2,,COLOUR,paper,plans (large),1,incomplete set
Sutton,1929,,MDL B2,,COLOUR,paper,slips,Trans. 2,
Sutton,1939,,MDL G 3401 G475 1878-,7855,BW,microfiche,,,
Swastika,1928,1937,MDL G 3401 G475 1878-,7856,BW,microfiche,,,
Swastika,1952,,Fisher Rare Book Library,,COLOUR,paper,plans,4,
Swastika,1952,,MDL B2,,COLOUR,paper,plans,1-4,complete set
Swift Current,1957,1966,Fisher Rare Book Library,,COLOUR,paper,plans,26,
Sydenham,1898,,MDL G 3401 G475 1878-,7857,BW,microfiche,,,
Sydney,1957,1969,Fisher Rare Book Library,,COLOUR,paper,plans,58,
Sydney,1957,1969,MDL B2,,COLOUR,paper,plans,1-52,complete set
Sydney Mines,1958,,Fisher Rare Book Library,,COLOUR,paper,plans,18,
Sydney Mines,1958,,MDL B2,,COLOUR,paper,plans,1-18,complete set
Tadoussac,1906,,Fisher Rare Book Library,,COLOUR,paper,plans,2,
Tagenet,1897,,MDL G 3401 G475 1878-,9662,COLOUR,microfiche,,,
Tamworth,1885,1904,MDL G 3401 G475 1878-,13975,BW,microfiche,,,
Tara,1926,,Fisher Rare Book Library,,COLOUR,paper,plans,2,
Tara,1926,,MDL B2,,COLOUR,paper,plans (large),1-2,complete set
Tatamagouche,1900,1897,Fisher Rare Book Library,,COLOUR,paper,plans,1,
Tavistock,1894,1904,MDL G 3401 G475 1878-,9723,BW,microfiche,,,
Tavistock,1926,,Fisher Rare Book Library,,COLOUR,paper,plans,3,
Tavistock,1926,,MDL B2,,COLOUR,paper,plans (large),1-3,complete set
Teeswater,1904,,MDL G 3401 G475 1878-,13976,BW,microfiche,,,
"Tenton, On",1959,,MDL B2,,BW,paper,index,,streets
Terrace,1959,,Fisher Rare Book Library,,COLOUR,paper,plans,5,
Terrebonne,1956,,Fisher Rare Book Library,,COLOUR,paper,plans,16,
Terrebonne,1956,,MDL B2,,COLOUR,paper,plans,1-14,complete set
Thamesford,1899,1904,MDL G 3401 G475 1878-,10624,BW,microfiche,,,
Thamesville,1925,,Fisher Rare Book Library,,COLOUR,paper,plans,3,
Thamesville,1925,,MDL B2,,COLOUR,paper,plans (large),1-3,complete set
Thedford,1884,1900,MDL G 3401 G475 1878-,13977,BW,microfiche,,,
Thedford,1906,,MDL G 3401 G475 1878-,9726,BW,microfiche,,,
The Pas,1962,,Fisher Rare Book Library,,COLOUR,paper,plans,12,
The Pas,1962,,MDL B2,,COLOUR,paper,plans,1-8,complete set
Thessalon,1922,,Fisher Rare Book Library,,COLOUR,paper,plans,8,
Thessalon,1922,,MDL B2,,COLOUR,paper,plans (large),1-7,complete set
Thetford Mines,1959,,Fisher Rare Book Library,,COLOUR,paper,plans,53,
Thetford Mines,1959,,MDL B2,,COLOUR,paper,plans,"1-38, 41-46",incomplete set
Thompson,1961,,Fisher Rare Book Library,,COLOUR,paper,plans,11,
Thompson,1961,,MDL B2,,COLOUR,paper,plans,1-4,incomplete set
Thornbury,1890,,MDL G 3401 G475 1878-,51404,BW,microfiche,,,
Thornbury,1890,,MDL G 3401 G475 1878-,9730,BW,microfiche,,,
Thornbury,1925,,Fisher Rare Book Library,,COLOUR,paper,plans,4,
Thornbury,1925,,MDL B2,,COLOUR,paper,plans (large),1-4,complete set
Thornhill,1910,,Map and Data Library,,BW,Digital; DVD-[238],plans,1,
Thorold,1897,,MDL G 3401 G475 1878-,9732,BW,microfiche,,1-3,complete set
Thorold,1914,,MDL G 3401 G475 1878-,9733,BW,microfiche,,,
Thorold,1922,,MDL G 3401 G475 1878-,31793,BW,microfiche,,Only sheet 10,incomplete set
Thorold,1943,1945,MDL G 3401 G475 1878-,33007,BW,microfiche,,,
Thunder Bay,1961,,Fisher Rare Book Library,,COLOUR,paper,plans,89,Vol.1
Thunder Bay,1961,,Fisher Rare Book Library,,COLOUR,paper,plans,80,Vol.2
Thunder Bay,1961,,MDL B2,,COLOUR,paper,plans,1-87,Vol. 1 (complete set)
Thunder Bay,1961,,MDL B2,,COLOUR,paper,plans,1-78,Vol. 2 (complete set)
Thunder Bay,1970,,MDL B2,,BW,paper,index,,streets and blocks
Tignish,1956,,Fisher Rare Book Library,,COLOUR,paper,plans,4,
Tilbury,1890,1906,MDL G 3401 G475 1878-,9731,BW,microfiche,,,
Tilbury,1921,,Fisher Rare Book Library,,COLOUR,paper,plans,3,
Tilbury,1921,,MDL B2,,COLOUR,paper,plans (large),1-3,complete set
Tilbury,1954,,MDL B2,,BW,paper,index,,streets
Tillsonburg,1954,,Fisher Rare Book Library,,COLOUR,paper,plans,30,
Timmins,1955,,MDL B2,,COLOUR,paper,plans,1-38,complete set
Tiverton,1894,,MDL G 3401 G475 1878-,9735,BW,microfiche,,,
Tiverton,1894,1904,MDL G 3401 G475 1878-,9736,BW,microfiche,,,
Toledo,1897,,MDL G 3401 G475 1878-,9737,BW,microfiche,,,
Toronto,1880,1890,MDL G 1149 T7G6 1984 MAPL,,BW/COLOUR,paper,atlas,,
Toronto,1880,,Map and Data Library,,COLOUR,Digital,atlas,,Atlas Index
Toronto,1880,1884,MDL G 3524 T6 G475 1880-1924,,BW,microfilm,plans and atlases,,
Toronto,1884,,MDL G 3401 G475 1878-,,COLOUR,Digital; CD-ROM[043]; DVD-[100],atlas,,Atlas Index
Toronto,1889,,CIHM mfe 25002-4 (Media Commons),,BW,microfiche,plans,,3 parts
Toronto,1889,,Map and Data Library,,COLOUR,Digital,plans,,Vol 1
Toronto,1890,1904,Map and Data Library,,BW,Digital,plans,,Vol 5
Toronto,1890,1903,MDL G 1149 T7G6 1903a MAPL Fo,,BW,,atlas,,
Toronto,1890,,MDL G 3401 G475 1878-,,COLOUR,Digital; CD-ROM[044]; DVD-[100],atlas,,
Toronto,1892,,Map and Data Library,,COLOUR,Digital,plans,,Vol 1
Toronto,1892,,MDL G 3401 G475 1878-,,COLOUR,Digital; CD-ROM[045],atlas,,
Toronto,1893,,MDL G 3401 G475 1878-,,COLOUR,Digital; CD-ROM[046],atlas,,Atlas Index
Toronto,1897,1916,Map and Data Library,,BW,Digital; DVD-[239],plans,,Vol 9
Toronto,1899,,MDL G 3401 G475 1878-,,COLOUR,Digital; CD-ROM[047]; DVD-[100],atlas,,Atlas Index
Toronto,1902,,Map and Data Library,,BW,Digital,atlas,,Atlas Index
Toronto,1903,,Map and Data Library,,BW,Digital,plans,,Vol 12 (Junction)
Toronto,1903,1914,Map and Data Library,,COLOUR,Digital; DVD-[239],plans,,Vol 12 (Junction)
Toronto,1904,,MDL G 3524 T61 G475 (6) -1 1904-52,52973,BW,microfiche,,,
Toronto,1906,,Map and Data Library,,BW,Digital,plans,,Vol 12 (Junction)
Toronto,1907,1914,Map and Data Library,,BW,Digital; DVD-[239],plans,,Vol 5
Toronto,1907,1934,MDL G 3524 T61G475 (6) -1 1904-52,13992,BW,microfiche,,,
Toronto,1909,1915,Map and Data Library,,BW,Digital; DVD-[238],plans,,Vol 1
Toronto,1909,,Map and Data Library,,BW,Digital,plans,,Vol 12 (Junction)
Toronto,1909,,MDL G 3524 T61 G475 (6) -1 1904-52,31775,BW,microfiche,,,
Toronto,1909,1918,MDL G 3524 T61G475 (6)-1 1904-1952,13996,BW,microfiche,,,
Toronto,1910,1914,Map and Data Library,,BW,Digital; DVD-[238],plans,,Vol 2
Toronto,1910,1914,Map and Data Library,,BW,Digital; DVD-[239],plans,,Vol 4
Toronto,1910,,FO-1/27 v.1 only RBSC: G1149 T7 G6 1910 ARCH,,COLOUR,,atlas,,
Toronto,1910,,MDL G 3401 G475 1878-,,COLOUR,Digital; CD-ROM[048]; DVD-[100],atlas,,Atlas Index
Toronto,1910,1923,MDL G 1149 T7G6 1923 MAPL Fo,,COLOUR,Digital,atlas,,Atlas Index
Toronto,1911,1914,Map and Data Library,,BW,Digital; DVD-[238],plans,,Vol 3
Toronto,1912,1915,Map and Data Library,,BW,Digital; DVD-[239],plans,,Vol 7
Toronto,1912,1918,Map and Data Library,,BW,Digital,plans,,Vol 12 (Junction)
Toronto,1912,1913,MDL G 1149 T7G6 1912-13,,BW,microfiche,atlas,,
Toronto,1913,1916,Map and Data Library,,BW,Digital; DVD-[239],plans,,Vol 6
Toronto,1916,,Map and Data Library,21101,BW,Digital,plans,,Vol 7
Toronto,1916,,Map and Data Library,9942,COLOUR,Digital; DVD-[239],plans,,Vol 8
Toronto,1916,1934,Map and Data Library,,BW,Digital; DVD-[290],plans,,Vol. 7
Toronto,1916,1944,Map and Data Library,,BW,Digital; DVD-[290],plans,,Vol. 8
Toronto,1916,,MDL G 3524 T61 G475 (6) -1 1904-52,45575,BW,microfiche,,,
Toronto,1918,,Map and Data Library,,BW,Digital,plans,,Vol 1
Toronto,1918,,Map and Data Library,,BW,Digital; DVD-[294],plans,,Vol 12 (Junction)
Toronto,1921,1943,Map and Data Library,,COLOUR,Digital; DVD-[233-234],plans,,Vol. 1
Toronto,1921,1943,Map and Data Library,,BW,Digital; DVD-[294],plans,,Vol. 5
Toronto,1922,,Map and Data Library,,BW,Digital,plans,,Vol 7
Toronto,1924,1934,MDL G 3524 T61G475 (6)-1 1904-52,13994,BW,microfiche,,,
Toronto,1926,,MDL B2,,COLOUR,paper,slips,"Trans. 1, 16, 27, 30, 32",from Vol 4
Toronto,1926,1941,Map and Data Library,,BW,Digital; DVD-[294],plans,,Vol. 4
Toronto,1926,1941,Fisher Rare Book Library,,COLOUR,paper,plans,,Vol.4 41 sh.
Toronto,1926,1933,MDL G 3524 T61G475 (6)-1 1904-1952,14000,BW,microfiche,,,
Toronto,1928,1934,MDL B2,,COLOUR,paper,slips,"Trans. 18, 19, 22",from Vol 8 (includes index)
Toronto,1928,1944,Fisher Rare Book Library,,COLOUR,paper,plans,,Vol.8
Toronto,1928,,MDL G 3524 T61 G475 (6) -1 1904-52,31779,BW,microfiche,,Vol.7,
Toronto,1928,1934,MDL G 3524 T61G475 (6)-1 1904-52,13993,BW,microfiche,,,
Toronto,1929,1934,MDL G 3524 T61G475 (6)-1 1904-52,13991,BW,microfiche,,,
Toronto,1930,1935,Map and Data Library,,BW,Digital; DVD-[294],plans,,Vol. 2
Toronto,1930,1945,Fisher Rare Book Library,,COLOUR,paper,plans,,Vol.2
Toronto,1931,,MDL B2,,COLOUR,paper,slips,,(provincial parliament) from Vol 2
Toronto,1931,1951,Map and Data Library,,BW,Digital; DVD-[294],plans,,Vol. 3
Toronto,1931,1951,Fisher Rare Book Library,,COLOUR,paper,plans,,Vol.3
Toronto,1931,1935,MDL G 3524 T61G475 (6)-1 1904-52,13999,BW,microfiche,,,
Toronto,1932,,MDL B2,,COLOUR,paper,slips,,from Vol 1 B
Toronto,1932,,MDL B2,,COLOUR,paper,slips,,from Vol 8
Toronto,1933,,MDL B2,,COLOUR,paper,slips,Trans. 2,Vol 2
Toronto,1934,,MDL B2,,COLOUR,paper,slips,"Trans. 1-25, 28",from Vol 6
Toronto,1936,,MDL B2,,COLOUR,paper,slips,Trans. 1,from Vol 8
Toronto,1940,,MDL G 3524 T61 G475 (6) -1 1904-52,9943,BW,microfiche,,,
Toronto,1940,,MDL G 3524 T61 G475 (6) -1 1904-52,9946,BW,microfiche,,,
Toronto,1940,1944,MDL G 3524 T61 G475 (6) -1 1904-52,9942,BW,microfiche,,Vol.8,
Toronto,1940,,MDL G 3524 T61 G475 (6)-1 1904-52,9944,BW,microfiche,,,
Toronto,1950,,MDL B2,,COLOUR,paper,slips,Trans. 1,from Vol 8
Toronto,1951,,MDL B2,,COLOUR,paper,slips,,(Mount Pleasant) from Vol 7
Toronto,1952,1973,Map and Data Library,,COLOUR,Digital; DVD-[244-247]; DVD-[260],plans,,Vol. 1
Toronto,1952,1962,MDL B2,,COLOUR,paper,plans,1400-1461,Vol. 14 (complete)
Toronto,1952,,MDL B2,,COLOUR,paper,plans,"1900-1922, 1925-1944",Vol. 19 (incomplete)
Toronto,1952,1962,Fisher Rare Book Library,,COLOUR,paper,plans,74,Vol.14
Toronto,1952,,Fisher Rare Book Library,,COLOUR,paper,plans,48,Vol.19
Toronto,1953,,MDL B2,,COLOUR,paper,plans,"1600-1619, 1622-1624, 1651-1660, 1667-1676, 1678-1680, 1683-1684",Vol. 16 (incomplete)
Toronto,1953,,Fisher Rare Book Library,,COLOUR,paper,plans,49,Vol.16
Toronto,1954,1964,MDL B2,,COLOUR,paper,plans,"1-8, 17-18, 20-26, 31-60, 63-74, 76-79",Vol. 1 (incomplete)
Toronto,1954,,MDL B2,,COLOUR,paper,plans,"1500-1530, 1533-1534, 1541-1545, 1547-1577",Vol. 15 (incomplete)
Toronto,1954,,Fisher Rare Book Library,,COLOUR,paper,plans,99,Vol.1
Toronto,1954,,Fisher Rare Book Library,,COLOUR,paper,plans,92,Vol.15
Toronto,1955,1961,MDL B2,,COLOUR,paper,plans,94/124 sheets,Vol. 17 (incomplete)
Toronto,1955,1961,MDL B2,,COLOUR,paper,plans,1700-1799,Vol. 17 - 1961 update only (complete)
Toronto,1955,1961,MDL B2,,COLOUR,paper,plans,2039-2050,Vol. 20 - 1961 update only (complete) 
Toronto,1955,,MDL B2,,BW,paper,index,,streets and blocks Vol. 1-21
Toronto,1955,1961,Fisher Rare Book Library,,COLOUR,paper,plans,124,Vol.17
Toronto,1955,1961,Fisher Rare Book Library,,COLOUR,paper,plans,55,Vol.20
Toronto,1956,,MDL B2,,COLOUR,paper,plans,900-947,Vol. 9.1 (complete)
Toronto,1956,,MDL B2,,COLOUR,paper,plans,948-978,Vol. 9.2 (complete)
Toronto,1956,,MDL B2,,COLOUR,paper,plans,979-999,Vol. 9.3 (complete but missing title page)
Toronto,1956,,Fisher Rare Book Library,,COLOUR,paper,plans,222,Vol.9
Toronto,1957,,MDL B2,,COLOUR,paper,plans,"701-708, 711-769",Vol. 7.1 (incomplete)
Toronto,1958,,MDL B2,,COLOUR,paper,plans,775-798,Vol. 7.2 (incomplete)
Toronto,1959,,MDL B2,,COLOUR,paper,plans,1000-1056,Vol. 10 (complete)
Toronto,1959,,MDL B2,,COLOUR,paper,plans,1100-1191,Vol. 11 (complete)
Toronto,1959,,Fisher Rare Book Library,,COLOUR,paper,plans,45,Vol.10
Toronto,1959,,Fisher Rare Book Library,,COLOUR,paper,plans,78,Vol.11
Toronto,1962,,MDL B2,,COLOUR,paper,plans,1300-1364,Vol. 13 (complete)
Toronto,1962,,MDL B2,,BW,paper,index,,blocks and streets
Toronto,1962,,Fisher Rare Book Library,,COLOUR,paper,plans,65,Vol.13
Toronto,1964,,MDL B2,,COLOUR,paper,plans,1800-1880,Vol. 18 (complete)
Toronto,1964,,Fisher Rare Book Library,,COLOUR,paper,plans,65,Vol.12
Toronto,1964,,Fisher Rare Book Library,,COLOUR,paper,plans,85,Vol.18
Toronto,1965,,MDL B2,,COLOUR,paper,plans,501-560,Vol. 5 (incomplete)
Toronto,1965,,MDL B2,,COLOUR,paper,plans,600-644,Vol. 6 (complete)
Toronto,1965,,Fisher Rare Book Library,,COLOUR,paper,plans,58,Vol.5
Toronto,1969,,MDL B2,,COLOUR,paper,plans,400-445,Vol. 4 (complete)
Toronto,1969,,MDL B2,,COLOUR,paper,plans,2100-2170,Vol. 21 (incomplete)
Toronto,1969,,Fisher Rare Book Library,,COLOUR,paper,plans,47,Vol.4
Toronto,1969,,Fisher Rare Book Library,,COLOUR,paper,atlas,64,Vol.21
Toronto,1973,,MDL B2,,COLOUR,paper,plans,2217-2229, Vol. 22 (incomplete)
Toronto,1973,,Fisher Rare Book Library,,COLOUR,paper,plans,31,Vol.22 wanting
Toronto,1957-59,1965,Fisher Rare Book Library,,COLOUR,paper,plans,43,Vol.6
Toronto,1957-59,1961,Fisher Rare Book Library,,COLOUR,paper,plans,203,Vol.7
Toronto,1941-1960,,MDL G 3524 T6 G475/�U5/Maps/ins RBSC,,COLOUR,,plans,,
Toronto,1915[1916],,MDL G 3524 T61 G475 (6) -1 1904-52,21101,BW,microfiche,,,
Toronto,1952-1973,,MDL G 3524 T6G475/1/1952-1973 behind reference desk,,COLOUR,paper,plans,,
Toronto,1914 � 1918,,MDL G G636 1914,,BW,microfiche,plans,,
Toronto Junction,1930,1912,MDL G 3524 T61G475 (60-1 1904-52,13995,BW,microfiche,,,
Toronto Junction,1903?,1930?,MDL G 3524 T61 G475 (6)-1 1904-52,32968,BW,microfiche,,Vol 12-13,
Tottenham,1890,,MDL G 3401 G475 1878-,9738,BW,microfiche,,,
Tottenham,1923,,MDL G 3401 G475 1878-,9739,BW,microfiche,,,
Tottenham,1928,,Fisher Rare Book Library,,COLOUR,paper,plans,3,
Tracadie,1963,,Fisher Rare Book Library,,COLOUR,paper,plans,6,
Tracadie,1963,,MDL B2,,COLOUR,paper,plans,1-5,complete set
Tracy,1957,,Fisher Rare Book Library,,COLOUR,paper,plans,26,
Tracy,1957,,MDL B2,,COLOUR,paper,plans,1-23,complete set
Trail,1953,1959,Fisher Rare Book Library,,COLOUR,paper,plans,26,
Trail,1959,,Fisher Rare Book Library,,COLOUR,paper,plans,26,
Trail,1959,,MDL B2,,COLOUR,paper,plans,"1-12,15,18-19, 24, 26-27",Incomplete set
Transcona,1953,,Fisher Rare Book Library,,COLOUR,paper,plans,19,
Trenton,1949,,Fisher Rare Book Library,,COLOUR,paper,plans,27,
Trenton,1949,,MDL B2,,COLOUR,paper,plans (large),"11, 5, 10, 11, 14-19",incomplete set
Trenton,1962,,Fisher Rare Book Library,,COLOUR,paper,plans,12,
"Trenton, Ns",1962,,MDL B2,,COLOUR,paper,plans,1-9,complete set
Trois Pistoles,1954,,Fisher Rare Book Library,,COLOUR,paper,plans,14,
Trois Pistoles,1954,,MDL B2,,COLOUR,paper,plans,1-12,complete set
Trois Rivieres,1879,,MDL G 3401 G475 1878-,16303,BW,microfiche,,,
Trois Rivieres,1955,,Fisher Rare Book Library,,COLOUR,paper,plans,73,
Trois Rivieres,1955,,MDL B2,,COLOUR,paper,plans,1-65,complete set
Truro,1955,1966,Fisher Rare Book Library,,COLOUR,paper,plans,40,
Truro,1955,1966,MDL B2,,COLOUR,paper,plans,1-37,complete set
Tweed,1932,,MDL G 3401 G475 1878-,9741,BW,microfiche,,,
Tweed,1932,,MDL B2,,COLOUR,paper,plans (large),1-6,complete set
Unionville,1891,,MDL G 3401 G475 1878-,9742,BW,microfiche,,,
Uxbridge,1890,,MDL G 3401 G475 1878-,13978,BW,microfiche,,,
Uxbridge,1910,,Fisher Rare Book Library,,COLOUR,paper,plans,7,
Uxbridge,1910,,MDL G 3401 G475 1878-,9743,BW,microfiche,,,
Uxbridge,1910,1927,MDL G 3401 G475 1878-,9744,BW,microfiche,,,
Uxbridge,1927,,MDL B2,,COLOUR,paper,slips,Trans. 1-4,
Val D'or,1952,,Fisher Rare Book Library,,COLOUR,paper,plans,24,
Val D'or,1952,,MDL B2,,COLOUR,paper,plans,1-21,complete set
Valleyfield Salaberry De Valleyfield,1953,,Fisher Rare Book Library,,COLOUR,paper,plans,41,
Vancouver,1897,1901,MDL G 3401 G475 1878-,11188,BW,microfiche,,,
Vancouver,1904,,MDL G 3401 G475 1878-,10676,BW,microfiche,,,
Vancouver,1912,,MDL G 3401 G475 1878-,10484,BW,microfiche,,,
Vancouver,1913,,MDL G 3401 G475 1878-,14015,BW,microfiche,,,
Vancouver,1913,,MDL G 3401 G475 1878-,14016,BW,microfiche,,,
Vancouver,1914,,MDL G 3401 G475 1878-,10483,BW,microfiche,,,
Vancouver,1914,,MDL G 3401 G475 1878-,32975,BW,microfiche,,,
Vancouver,1927,,MDL G 3401 G475 1878-,10516,BW,microfiche,,,
Vancouver,1927,,MDL G 3401 G475 1878-,10513,BW,microfiche,,,
Vancouver,1927,1940,MDL G 3401 G475 1878-,10512,BW,microfiche,,,
Vancouver,1927,1950,MDL G 3401 G475 1878-,10515,BW,microfiche,,,
Vancouver,1927,1950,MDL G 3401 G475 1878-,10514,BW,microfiche,,,
Vancouver,1930,,MDL G 3401 G475 1878-,10519,BW,microfiche,,,
Vancouver,1930,1950,MDL G 3401 G475 1878-,10520,BW,microfiche,,,
Vancouver,1930,1950,MDL G 3401 G475 1878-,10517,BW,microfiche,,,
Vancouver,1930,1951,MDL G 3401 G475 1878-,10518,BW,microfiche,,,
Vancouver,1953,,Fisher Rare Book Library,,COLOUR,paper,plans,27,Vol.8
Vancouver,1954,,Fisher Rare Book Library,,COLOUR,paper,plans,,Vol.1
Vancouver,1955,,Fisher Rare Book Library,,COLOUR,paper,plans,81,Vol.1
Vancouver,1955,,Fisher Rare Book Library,,COLOUR,paper,plans,88,Vol.2
Vancouver,1956,,Fisher Rare Book Library,,COLOUR,paper,plans,90,Vol.3
Vancouver,1956,,MDL B2,,COLOUR,paper,plans,301-385,Vol. 3 - Incomplete set (missing sheets 386-390)
Vancouver,1958,,Fisher Rare Book Library,,COLOUR,paper,plans,22,Vol.4
Vancouver,1959,,Fisher Rare Book Library,,COLOUR,paper,plans,22,Vol.5
Vancouver,1960,,Fisher Rare Book Library,,COLOUR,paper,plans,27,Vol.A
Vancouver,1960,,Fisher Rare Book Library,,COLOUR,paper,plans,17,Vol.6
Vancouver,1961,,MDL B2,,COLOUR,paper,index,,index only
Vancouver,1962,,Fisher Rare Book Library,,COLOUR,paper,plans,26,Vol.7
Vancouver,1962,,Fisher Rare Book Library,,COLOUR,paper,plans,14,Vol.10
Vancouver,1962,,Fisher Rare Book Library,,COLOUR,paper,plans,25,Vol.11
Vancouver,1962,,Fisher Rare Book Library,,COLOUR,paper,plans,9,Vol.12
Vancouver,1962,,Fisher Rare Book Library,,COLOUR,paper,plans,14,Vol.13
Vancouver,1962,,Fisher Rare Book Library,,COLOUR,paper,plans,10,Vol.14
Vanderhoof,1954,,Fisher Rare Book Library,,COLOUR,paper,plans,5,
Vankleek Hill,1900,,Fisher Rare Book Library,,COLOUR,paper,plans,6,
Vankleek Hill,1900,1912,MDL G 3401 G475 1878-,9746,BW,microfiche,,,
Vankleek Hill,1908,,MDL B2,,COLOUR,paper,slips,Trans. 16,
Vankleek Hill,1912,,MDL B2,,COLOUR,paper,slips,,
Vankleek Hill,1936,,MDL G 3401 G475 1878-,13979,BW,microfiche,,,
Varennes,1894,,Fisher Rare Book Library,,COLOUR,paper,plans,1,
Vaudreuil,1913,,Fisher Rare Book Library,,COLOUR,paper,plans,1,
Vaudreuil,1923,,MDL B2,,COLOUR,paper,slips,"Trans. 23, 24",
Vegreville,1960,,Fisher Rare Book Library,,COLOUR,paper,plans,13,
Vegreville,1960,,MDL B2,,COLOUR,paper,plans,13,
Vercheres,1959,,Fisher Rare Book Library,,COLOUR,paper,plans,10,
Vercheres,1959,,MDL B2,,COLOUR,paper,plans,1-8,complete set
Verdun,1950,,MDL B2,,COLOUR,paper,slips,Trans. 39,
Verdun,1959,,Fisher Rare Book Library,,COLOUR,paper,plans,61,
Vernon,1955,1970,Fisher Rare Book Library,,COLOUR,paper,plans,18,
Victoria,1907,,MDL G 3401 G475 1878-,10486,BW,microfiche,,,
Victoria,1925,1939,MDL G 3401 G475 1878-,10525,BW,microfiche,,,
Victoria,1925,1940,MDL G 3401 G475 1878-,10532,BW,microfiche,,,
Victoria,1925,1950,MDL G 3401 G475 1878-,10487,BW,microfiche,,,
Victoria,1931,1950,MDL G 3401 G475 1878-,10485,BW,microfiche,,,
Victoria,1956,,Fisher Rare Book Library,,COLOUR,paper,plans,3,
Victoria,1957,1967,Fisher Rare Book Library,,COLOUR,paper,plans,77,Vol.1
Victoria,1959,,Fisher Rare Book Library,,COLOUR,paper,plans,26,Vol.2
Victoria,1967,,MDL B2,,COLOUR,paper,index,,index only
Victoria Harbour,1890,1913,Fisher Rare Book Library,,COLOUR,paper,plans,2,1 sh.
Victoria Harbour,1890,1900,MDL G 3401 G475 1878-,16289,BW,microfiche,,,
Victoria Harbour,1890,1904,MDL G 3401 G475 1878-,16290,BW,microfiche,,,
Victoria Harbour,1913,,MDL B2,,COLOUR,paper,plans (large),2,incomplete set
Victoria Road,1898,,Fisher Rare Book Library,,COLOUR,paper,plans,1,
Victoriaville,1962,,Fisher Rare Book Library,,COLOUR,paper,plans,48,
Victoriaville,1962,,MDL B2,,COLOUR,paper,plans,1-41,complete set
Vienna,1896,,Fisher Rare Book Library,,COLOUR,paper,plans,2,
Virden,1962,,Fisher Rare Book Library,,COLOUR,paper,plans,11,
Virden,1962,,MDL B2,,COLOUR,paper,plans,1-8,complete set
Vittoria,1899,,Fisher Rare Book Library,,COLOUR,paper,plans,1,
Wabana,1954,,Fisher Rare Book Library,,COLOUR,paper,plans,26,
Wabana,1954,,MDL B2,,COLOUR,paper,plans,1-23,
Wainwright,1960,,Fisher Rare Book Library,,COLOUR,paper,plans,12,
Wainwright,1960,,MDL B2,,COLOUR,paper,plans,12,
Wales,1896,,Fisher Rare Book Library,,COLOUR,paper,plans,1,
Walkerton,1928,,MDL G 3401 G475 1878-,9753,BW,microfiche,,,
Wallaceburg,1926,1936,MDL B2,,COLOUR,paper,plans (large),1-15,complete set
Wallaceburg,1926,1936,Fisher Rare Book Library,,COLOUR,paper,plans,15,
Wardsville,1880,,MDL G 3401 G475 1878-,9755,BW,microfiche,,,
Wardsville,1880,1906,MDL G 3401 G475 1878-,32976,BW,microfiche,,,
Warkworth,1890,,MDL G 3401 G475 1878-,9756,BW,microfiche,,,
Warkworth,1890,1900,MDL G 3401 G475 1878-,9757,BW,microfiche,,,
Warkworth,1890,1904,MDL G 3401 G475 1878-,13980,BW,microfiche,,,
Warwick,1953,,Fisher Rare Book Library,,COLOUR,paper,plans,7,
Wasaga Beach,1936,,MDL G 3401 G475 1878-,9758,BW,microfiche,,,
Waterdown,1885,1909,MDL G 3401 G475 1878-,13981,BW,microfiche,,,
Waterdown,1939,,MDL G 3401 G475 1878-,9759,BW,microfiche,,,
Waterford,1926,,Fisher Rare Book Library,,COLOUR,paper,plans,4,
Waterloo,1920,1946,Fisher Rare Book Library,,COLOUR,paper,plans,19,
Waterloo,1920,1946,MDL G 3401 G475 1878-,9761,BW,microfiche,,,
Waterloo,1955,,Fisher Rare Book Library,,COLOUR,paper,plans,20,
Watford,1925,,Fisher Rare Book Library,,COLOUR,paper,plans,4,
Waubashene,1890,,MDL G 3401 G475 1878-,9763,BW,microfiche,,,
Waubashene,1890,1904,MDL G 3401 G475 1878-,9764,BW,microfiche,,,
Webbwood,1922,,Fisher Rare Book Library,,COLOUR,paper,plans,2,
Welland,1909,1935,MDL G 3401 G475 1878-,13983,BW,microfiche,,,
Welland,1909,1948,MDL G 3401 G475 1878-,32980,BW,microfiche,,,
Welland,1916,,MDL G 3401 G475 1878-,9766,BW,microfiche,,,
Welland,1924,,MDL G 3401 G475 1878-,10591,BW,microfiche,,,
Welland,1924,1936,MDL B2,,COLOUR,paper,slips,Trans. 1-2,includes index
Welland,1935,,MDL B2,,COLOUR,paper,slips,,
Welland,1936,,MDL G 3401 G475 1878-,10592,BW,microfiche,,,
Welland,1948,,MDL G 3401 G475 1878-,10593,BW,microfiche,,,
Welland,1948,,MDL B2,,COLOUR,paper,slips,Trans. 1-3,
Welland,1965,,Fisher Rare Book Library,,COLOUR,paper,plans,68,
Welland,1965,,MDL B2,,COLOUR,paper,plans,1-68,complete set
Wellesley,1894,1904,MDL G 3401 G475 1878,9768,BW,microfiche,,,
Wellesley,1894,,MDL G 3401 G475 1878-,9767,BW,microfiche,,,
Wellington,1892,,MDL G 3401 G475 1878-,9769,BW,microfiche,,,
Wellington,1892,1900,MDL G 3401 G475 1878-,9770,BW,microfiche,,,
Westemeath,1908,,MDL B2,,COLOUR,paper,plans (large),1-2,
West Kildonan,1961,,Fisher Rare Book Library,,COLOUR,paper,plans,22,
West Kildonan,1961,,MDL B2,,COLOUR,paper,plans,1-16,complete set
West Lorne,1906,,MDL G 3401 G475 1878-,9771,BW,microfiche,,,
West Lorne,1940,,MDL G 3401 G475 1878-,9772,BW,microfiche,,,
Westmeath,1908,,Fisher Rare Book Library,,COLOUR,paper,plans,2,
Weston,1910,1919,MDL G 3401 G475 1878-,13989,BW,microfiche; Digital; DVD-[238],plans,11,
Westport,1897,,Fisher Rare Book Library,,COLOUR,paper,plans,4,
Westport,1897,1908,MDL G 3401 G475 1878-,9775,BW,microfiche,,,
West Shefford,1906,,Fisher Rare Book Library,,COLOUR,paper,plans,1,
West Vancouver,1966,,Fisher Rare Book Library,,COLOUR,paper,plans,25,
West Vancouver,1966,,MDL B2,,COLOUR,paper,plans,1-21,
Westville,1962,,Fisher Rare Book Library,,COLOUR,paper,plans,9,
Westville,1962,,MDL B2,,COLOUR,paper,plans,1-7,complete set
Wetaskiwin,1959,,Fisher Rare Book Library,,COLOUR,paper,plans,10,
Weyburn,1957,1966,Fisher Rare Book Library,,COLOUR,paper,plans,15,
Weymouth,1927,1944,Fisher Rare Book Library,,COLOUR,paper,plans,2,
Wheatley,1931,,Fisher Rare Book Library,,COLOUR,paper,plans,4,
Wheatley,1931,,MDL B2,,COLOUR,paper,plans (large),1-4,complete set
Whitby,1911,,MDL G 3401 G475 1878-,9777,BW,microfiche,,,
Whitby,1911,1923,MDL G 3401 G475 1878-,9778,BW,microfiche,,,
Whitby,1911,1934,MDL G 3401 G475 1878-,9779,BW,microfiche,,,
Whitby,1923,,MDL G 3401 G475 1878-,10677,BW,microfiche,,,
Whitby,1934,,MDL B2,,COLOUR,paper,slips,"Trans. 2, 5",
Whitehorse,1959,,Fisher Rare Book Library,,COLOUR,paper,plans,8,
White Rock,1959,,Fisher Rare Book Library,,COLOUR,paper,plans,18,
White Rock,1959,,MDL B2,,COLOUR,paper,plans,1-16,
Whitney,1896,,MDL G 3401 G475 1878-,10563,BW,microfiche,,,
Wiarton,1890,1899,MDL G 3401 G475 1878-,13984,BW,microfiche,,,
Wiarton,1923,,MDL B2,,COLOUR,paper,addendums,,attached to Leamington plans (large)
Williamsburg,1936,,MDL G 3401 G475 1878,13987,BW,microfiche,,,
Williams Lake,1959,,Fisher Rare Book Library,,COLOUR,paper,plans,4,
Williamstown,1897,,MDL G 3401 G475 1878-,9781,BW,microfiche,,,
Winchester,1900,1905,MDL G 3401 G475 1878-,32981,BW,microfiche,,,
Winchester,1900,1908,MDL G 3401 G475 1878-,10710,BW,microfiche,,,
Winchester,1900,1905,MDL G 3401 G475 1878-,13988,BW,microfiche,,,
Winchester,1905,,MDL B2,,COLOUR,paper,slips,,
Winchester,1908,,MDL G 3401 G475 1878-,98386,BW,microfiche,,,
Windsor,1920,1937,MDL B2,,BW,paper,plans (large),75,"Vol. 1. Printed on back of Woodstock, NB plans (large)"
Windsor,1920,1937,MDL G 3401 G475 1878-,95882,BW,microfiche,,,
Windsor,1920,1937,MDL G 3401 G475 1878-,95883,BW,microfiche,,,
Windsor,1920,1937,MDL G 3401 G475 1878-,95880,BW,microfiche,,,
Windsor,1952,,Fisher Rare Book Library,,COLOUR,paper,plans,82,Vol.1
Windsor,1953,,Fisher Rare Book Library,,COLOUR,paper,plans,86,Vol.2
Windsor,1953,,Fisher Rare Book Library,,COLOUR,paper,plans,49,Vol.3
Windsor,1953,,Fisher Rare Book Library,,COLOUR,paper,plans,52,Vol.4
Windsor,1953,,Fisher Rare Book Library,,COLOUR,paper,plans,15,Vol.5
Windsor,1956,,Fisher Rare Book Library,,COLOUR,paper,plans,9,
Windsor,1959,,Fisher Rare Book Library,,COLOUR,paper,plans,20,
"Windsor, Nf",1956,,MDL B2,,COLOUR,paper,plans,1-7,complete set
"Windsor, Ns",1959,,MDL B2,,COLOUR,paper,plans,1-19,complete set
Windsor Mills,1926,,Fisher Rare Book Library,,COLOUR,paper,plans,10,
Wingham,1928,,Fisher Rare Book Library,,COLOUR,paper,plans,8,1904
Wingham,1930,,MDL B2,,COLOUR,paper,slips,,
Winnipeg,1880,,MDL G 3401 G475 1878-,17781,BW,microfiche,,,
Winnipeg,1891,,MDL G 3401 G475 1878-,13990,BW,microfiche,,,
Winnipeg,1901,,MDL G 3401 G475 1878-,10578,BW,microfiche,,,
Winnipeg,1906,,MDL G 3401 G475 1878-,10708,BW,microfiche,,,
Winnipeg,1906,1915,MDL G 3401 G475 1878-,48290,BW,microfiche,,,
Winnipeg,1909,,MDL G 3401 G475 1878-,10577,COLOUR,microfiche,,,
Winnipeg,1912,,MDL G 3401 G475 1878-,48289,BW,microfiche,,,
Winnipeg,1917,,MDL G 3401 G475 1878-,10177,BW,microfiche,,,
Winnipeg,1917,,MDL G 3401 G475 1878-,10174,BW,microfiche,,,
Winnipeg,1917,,MDL G 3401 G475 1878-,10176,BW,microfiche,,,
Winnipeg,1918,,MDL G 3401 G475 1878-,10175,BW,microfiche,,,
Winnipeg,1919,,MDL G 3401 G475 1878-,10178,BW,microfiche,,,
Winnipeg,1920,,MDL G 3401 G475 1878-,10159,BW,microfiche,,,
Winnipeg,1926,,MDL G 3401 G475 1878-,32983,BW,microfiche,,,
Winnipeg,1928,,MDL G 3401 G475 1878-,32984,BW,microfiche,,,
Winnipeg,1955,1963,Fisher Rare Book Library,,COLOUR,paper,plans,99,Vol.1
Winnipeg,1956,1964,Fisher Rare Book Library,,COLOUR,paper,plans,96,Vol.2
Winnipeg,1957,1965,Fisher Rare Book Library,,COLOUR,paper,plans,67,Vol.3
Winnipeg,1957,1963,Fisher Rare Book Library,,COLOUR,paper,plans,58,Vol.4
Winnipeg,1958,,Fisher Rare Book Library,,COLOUR,paper,plans,22,Vol.5
Winnipeg,1958,1969,Fisher Rare Book Library,,COLOUR,paper,plans,36,Vol.6
Winnipeg,1958,1969,Fisher Rare Book Library,,COLOUR,paper,plans,32,Vol.7
Wolfeville,1962,,Fisher Rare Book Library,,COLOUR,paper,plans,17,
Wolfville,1962,,MDL B2,,COLOUR,paper,plans,1-8,complete set
Woodbridge,1926,,Fisher Rare Book Library,,COLOUR,paper,plans,4,
Woodstock,1913,1949,Fisher Rare Book Library,,COLOUR,paper,plans,34,18 sh. 22 sections
Woodstock,1913,1932,MDL B2,,COLOUR,paper,plans (large),"5-7, 9, 10, 25, 26",incomplete set
Woodstock,1913,1928,MDL G 3401 G475 1878-,29826,BW,microfiche,,,
Woodstock,1913,1932,MDL G 3401 G475 1878-,29825,BW,microfiche,,,
Woodstock,1919,,MDL B2,,COLOUR,paper,slips,"Trans. 12-14, 17",
Woodstock,1947,,Fisher Rare Book Library,,COLOUR,paper,plans,18,
Woodstock,1947,,MDL B2,,COLOUR,paper,plans (large),12,printed on back of Humber Bay plans (large)
"Woodstock, Nb",1947,,MDL B2,,COLOUR,paper,plans (large),"1-5, 7, 13-15, 17, 18","incomplete set. Shelburne, Joliette, and Toronto slips, Windsor and Humber Bay plans (large) printed on backs"
Woodville,1910,,Fisher Rare Book Library,,COLOUR,paper,plans,2,
Wooler,1904,,Fisher Rare Book Library,,COLOUR,paper,plans,1,
Wroxeter,1894,,Fisher Rare Book Library,,COLOUR,paper,plans,1,
Wroxeter,1894,1904,MDL G 3401 G475 1878-,9788,BW,microfiche,,,
Wyoming,1906,,Fisher Rare Book Library,,COLOUR,paper,plans,1,3 sh.
Yarmouth,1955,,Fisher Rare Book Library,,COLOUR,paper,plans,37,
Yarmouth,1955,,MDL B2,,COLOUR,paper,plans,1-37,complete set
Yellowknife,1948,,MDL G 3401 G475 1878-,7859,BW,microfiche,,,
Yorkton,1957,1965,Fisher Rare Book Library,,COLOUR,paper,plans,22,
Yorkville,[1884],,MDL G 3401 G475 1878-,13985,BW,microfiche,,,
Zurich,1886,1904,MDL G 3401 G475 1878-,13986,BW,microfiche,,,
Zurich,1896,,MDL G 3401 G475 1878-,9791,BW,microfiche,,,
