CD Number,Title,Description (Summary),Notes,Links,Terms of Use,Data creator,Date of collection,Date of creation,Geography,Subjects,Year of creation (start),Year of creation (end),Cartographer,Copyright Holder,Date edited,Data Type,Datum,Edition,Formal Metadata,Place of publication,Projection,Publisher,Require acknowledgement to use,Require Permission to Use,Scale,Temporal extent
001,Geological Map of Canada,"This CD-ROM has been created as a companion to the 1996 printed Geological Map of Canada (Map 1860A). The CD-ROM is not just a digital version of Map 1860A: it contains a complete bilingual GIS spatial database from which a variety of thematic geological maps can be created. Map 1860A is just one of those themes. Included on the CD-ROM are all of the Arc/Info files used in the production of the printed map, including a bilingual database. In addition, the data is provided in several common interchange formats (*.E00, *.SHP). This CD-ROM also includes a limited edition of SurView, a viewing application for Microsoft Windows, developed at the Geological Survey of Canada and originally released as GSC Open File 2661. Surview can display, print, and query the *.SHP files. This provides an opportunity for those without specialized GIS software to delve into the realm of digital geoscience data and explore the new Geological Map of Canada on their own PC",,,"Restricted to U of T faculty, staff, and students.","Douglas, Robert John Wilson, Geological Survey of Canada",,1997,CANADA (ENTITY),GEOLOGY,1997,,"Douglas, Robert John Wilson, Geological Survey of Canada",Natural Resources Canada,,Raster; Vector,,,,Ottawa,,Natural Resources Canada,Citation,None,,1997
002,Digital Soil Map of the World and Derived Soil Properties,Consists of ten map sheets,,,Publicly accessible,FAO and UNESCO,,1995,WORLD (ENTITY),SOILS,1995,,FAO and UNESCO,FAO and UNESCO,,Raster; Vector,Spherical,,,,Geographic,FAO,None,None,1:5000000,1995
003,Global GIS Database: Digital Atlas of Africa,"The Digital Data Series encompasses a broad range of digital data, including computer programs, interpreted results of investigations, comprehensive reviewed data bases, spatial data sets, digital images and animation, and multimedia presentations that are not intended for printed release. Scientific reports in this series cover a wide variety of subjects on all facets of U.S. Geological Survey investigations and research that are of lasting scientific interest and value. Releases in the Digital Data Series offer access to scientific information that is available in digital form; the information is primarily for viewing, processing, and (or) analyzing by comput",,,"Restricted to U of T faculty, staff, and students.",United States Geological Survey,,2001,AFRICA,BASE MAPS; BOUNDARIES - POLITICAL; CENSUS; CLIMATE; CULTURAL; HIGHWAYS; HYDROGRAPHY; HYPSOGRAPHY; LAND USE; PLACENAMES; TOPOGRAPHY; TRANSPORTATION; VEGETATION,2001,,United States Geological Survey,United States Geological Survey,,SHAPEFILE,,Digital Data Series DDS-62-B,,,,United States Geological Survey,Citation,None,1:1000000,2001
004,Digital Cartographic Reference Base Ver 2.0,"Description of Data Set: Intergraph Microstation Graphic Design Files of Southern Ontario (no topology): single line roads; drainage; text - city/towns, etc.; administrative boundaries. Current Applications of the Data Set: To create medium and small scale cartographic products (road maps, etc.). To be used as an electronic index map to link various transportation related data bases within the ministry. Part of the integrated Highway Information System. Part of a larger data set or linked to other geographical or non-geographical information or relevant legislation: To create medium and small scale cartographic products (road maps, etc.). To be used as an electronic index map to link various transportation related data bases within the ministry. Part of the integrated Highway Information System. Variables and Attributes or Group of Attributes: Type of roads; Classification of populated entities; Railway/Airport Service; Ontario Provincial Police (OPP) Stations; Park Types. NAD DCRB:",,,"Restricted to U of T faculty, staff, and students.","Geomatics Office, Ontario Ministry of Transportation",,2001,ONTARIO,BASE MAPS; BOUNDARIES - POLITICAL; HIGHWAYS; PARKS; PLACENAMES; POLICE; POLITICAL; RAILROADS; RECREATION,,,,Ontario Ministry of Transportation,,Vector,,2,,,,Ontario Ministry of Transportation,Citation,None,,2001
005,Digital Cartographic Reference Base Ver 3.0,"Description of Data Set: Intergraph Microstation Graphic Design Files of Southern Ontario (no topology): single line roads; drainage; text - city/towns,etc.; administrative boundaries.

Current Applications of the Data Set: To create medium and small scale cartographic products (road maps, etc.). To be used as an electronic index map to link various transportation related data bases within the ministry. Part of the integrated Highway Information System. Part of a larger data set or linked to other geographical or non-geographical information or relevant legislation: To create medium and small scale cartographic products (road maps,etc.). To be used as an electronic index map to link various transportation related data bases within the ministry. Part of the integrated HighwayInformation System.

Variables and Attributes or Group of Attributes: Type of roads; Classification of populated entities; Railway/Airport Service; Park Types; Ontario Provincial Police (OPP) Stations. ",,,"Restricted to U of T faculty, staff, and students.","Geomatics Office, Ontario Ministry of Transportation",,1993,ONTARIO,BASE MAPS; BOUNDARIES - POLITICAL; HIGHWAYS; PARKS; PLACENAMES; POLICE; POLITICAL; RAILROADS; RECREATION,,,,Ontario Ministry of Transportation,,E00,,3,,,,Ontario Ministry of Transportation,None,None,,2001
006,Global GIS Database: Digital Atlas of South Asia,"The Digital Data Series encompasses a broad range of digital data, including computer programs, interpreted results of investigations, comprehensive reviewed data bases, spatial data sets, digital images and animation, and multimedia presentations that are not intended for printed release. Scientific reports in this series cover a wide variety of subjects on all facets of U.S. Geological Survey investigations and research that are of lasting scientific interest and value. Releases in the Digital Data Series offer access to scientific information that is available in digital form; the information is primarily for viewing, processing, and (or) analyzing by computer",,,"Restricted to U of T faculty, staff, and students.",United States Geological Survey,,2001,ASIA; SOUTH ASIA,BASE MAPS; BOUNDARIES - POLITICAL; CENSUS; CLIMATE; CULTURAL; HIGHWAYS; HYDROGRAPHY; HYPSOGRAPHY; LAND USE; PLACENAMES; TOPOGRAPHY; TRANSPORTATION; VEGETATION,2001,,United States Geological Survey,United States Geological Survey,,SHAPEFILE,,Digital Data Series DDS-62-C,,,,United States Geological Survey,Citation,None,1:1000000,2001
007,Global GIS Database: Digital Atlas of South Pacific,"The Digital Data Series encompasses a broad range of digital data, including computer programs, interpreted results of investigations, comprehensive reviewed data bases, spatial data sets, digital images and animation, and multimedia presentations that are not intended for printed release. Scientific reports in this series cover a wide variety of subjects on all facets of U.S. Geological Survey investigations and research that are of lasting scientific interest and value. Releases in the Digital Data Series offer access to scientific information that is available in digital form; the information is primarily for viewing, processing, and (or) analyzing by computer",,,"Restricted to U of T faculty, staff, and students.",United States Geological Survey,,2001,SOUTH PACIFIC,BASE MAPS; BOUNDARIES - POLITICAL; CENSUS; CLIMATE; CULTURAL; HIGHWAYS; HYDROGRAPHY; HYPSOGRAPHY; LAND USE; PLACENAMES; TOPOGRAPHY; TRANSPORTATION; VEGETATION,2001,,United States Geological Survey,United States Geological Survey,,SHAPEFILE,,Digital Data Series DDS-62-D,https://library.utoronto.ca/dataut/maplib/GGDB_SPacific/,,,United States Geological Survey,Citation,None,1:1000000,2001
008,Global GIS Database: Digital Atlas of Central and South America,"The Digital Data Series encompasses a broad range of digital data, including computer programs, interpreted results of investigations, comprehensive reviewed data bases, spatial data sets, digital images and animation, and multimedia presentations that are not intended for printed release. Scientific reports in this series cover a wide variety of subjects on all facets of U.S. Geological Survey investigations and research that are of lasting scientific interest and value. Releases in the Digital Data Series offer access to scientific information that is available in digital form; the information is primarily for viewing, processing, and (or) analyzing by computer",,,"Restricted to U of T faculty, staff, and students.",United States Geological Survey,,2001,CENTRAL AMERICA; SOUTH AMERICA,BASE MAPS; BOUNDARIES - POLITICAL; CLIMATE; CULTURAL; HIGHWAYS; HYDROGRAPHY; HYPSOGRAPHY; PLACENAMES; RAILROADS; TOPOGRAPHY; TRANSPORTATION; VEGETATION,2001,,United States Geological Survey,United States Geological Survey,,SHAPEFILE,,Digital Data Series DDS-62-A,,,,United States Geological Survey,Citation,None,1:1000000,2001
009,Boulton Atlas of Toronto 1858,,,,,W.S. & H.C. Boulton.,,,,,,,,,,,,,,,,,,,,
010,Mapart Canada Street Locator,"Containing full-colour, detailed maps of more than 100 000 streets, the Canada Street Locator CD-ROM is an excellent resource for people who travel in Canada. Providing street level detail for every community in Canada with a population of 30 000 or more, the CD also indicates points of interest (with address and telephone information) and contains a full database of schools, hotels, shopping centres and more. The CD enables the user to print in colour or black and white, cut and paste maps into documents, e-mail and invitations, draw routes and measure distances, zoom in and out, and even create your own geographical database of friends, businesses and places to visit.",,,"Restricted to U of T faculty, staff, and students.",Mapart,,2000,CANADA (ENTITY); CANADA (INCLUSIVE),GEOGRAPHICAL NAMES; HOSPITALS; ROADS; STREETS; THEMATIC MAPPING; TOURISM,,,,,,Raster,,,,Oshawa,,Mapart,Citation,None,,2000
011,Mapart Ontario Streets on CD-ROM,"The Ontario Streets CD-ROM is a comprehensive mapping program that gives the user great versatility in finding streets and services information anywhere in Ontario. The extensive data base containing the locations of specific streets, public services, schools, and entertainment facilities enables the user to find specific places and plan a travel agenda. There is a detailed map of downtown Toronto, including the underground pedestrian/shopping system. Also, included is a GO Transit system map and a TTC Subway map. Maps may be custom edited, with symbols or points of interest. It is possible to determine distances and determine travel routes by drawing on the map from the point of departure to the final destination. The toolbar makes interaction with the maps easy, allowing the user to query the database, highlight points of interest, measure distances, navigate around the current map and more. A locator map window provides a small scale view of the area being studied.",,,"Restricted to U of T faculty, staff, and students.",Mapart,,,ONTARIO,BOUNDARIES; MAPS; ADDRESSES; PARKS; RAIL TRANSIT; ROADS; STREETS; TOURISM; TRANSIT,,,,Mapart,,Vector,,,,Oshawa,,,Citation,None,,
012,Africa Data Sampler,,With accompanying text,,"Restricted to U of T faculty, staff, and students.",World Conservation Monitoring Centre and Food and Agriculture Organization of the United Nations,,1992 to 1995,AFRICA,AGRICULTURE; BASE MAPS; CENSUS; CLIMATE; CULTURAL; FOOD; HIGHWAYS; RAILROADS; STREETS; TOPOGRAPHY; VEGETATION,1992,1995,World Conservation Monitoring Centre and Food and Agriculture Organization of the United Nations,World Resource Institute,,Vector,,,http://pdf.usaid.gov/pdf_docs/PNACR128.pdf,"Washington, DC, USA",Robinson,World Resources Institute,Citation,None,,1992 to 1995
013,Mapart Toronto & Area CD-ROM Atlas,"MapArt has been producing electronic versions of their printed map products on CD-ROM, with software produced by Dun-Map, since 1996. The first CD, the Toronto & Area atlas, was an innovative product for the Toronto market when introduced, being the first CD to offer full-colour, searchable maps of the GTA.",,,"Restricted to U of T faculty, staff, and students.",Mapart,,1999,GOLDEN HORSESHOE; TORONTO,ADDRESSES; BOUNDARIES; BUS; FINANCIAL INSTITUTIONS; GEOGRAPHICAL NAMES; HIGHWAYS; MAPS; ROADS; STREETS; TRAILS; TRAIN; TRANSIT,,,,Mapart,,Vector,,,,Oshawa,,Mapart,Citation,None,,1999
014,Gas & Power Infrastructure Map of Europe,"Covers an area from Ireland in the west to Finland in the east and from the Norwegian Sea in the north to Malta in the south- Gas/condensate fields and pipelines, plus underground storage facilities and LNG import terminals and export plants- Thermal power stations >200 MW, hydro power stations >50 MW, and IPPs (gas-fired) including those in operation and planned- Power transmission lines above 300 kV, Hvdc overhead lines/cables, power lines and Hvdc lines under construction are also shown and converter stations, both in operation and under construction- Tables providing details of IPPs in operation and under development, gas production and reserves, electricity generation by country, consumption per capita, physical electricity exchanges, trends in brent crude, UK NBP gas and electricity prices.",,,"Restricted to U of T faculty, staff, and students.","Andersen, Arthur",,,EUROPE,GAS; PIPELINES; THEMATIC MAPPING; THERMAL POWER; TRANSMISSION LINES; UTILITIES,,,"Andersen, Arthur",Petroleum Economist,,Vector,,,,London,,Petroleum Economist,Citation,None,,
015,"Digital Elevation Model of the Greater Toronto Area, Southern Ontario Bathymetry",A hydrologically conditioned Digital elevation Model has been developed for the Greater Toronto Area of southern Ontario and for Lake Ontario. The model has been developed from 1:50 000 NTDB data onshore and Canadian Hydrographic Service bathymetric point data for Lake Ontario. Terrain specific interpolation and drainage enforcement techniques within the ARC/INFO TOPOGRID software module were used to interpolate the data to a gred cell of 30m. Verification of the model demonstrates that elevations are correct to plus or minus 3m. This digital elevation model is suitable for the automatic delineation of watersheds. This report documents the development of the model included on this compact disc. The model was developed as part of the Geological Survey of Canada Oak Ridges Moraine National Mapping and Hydrogeology programs in conjunction with the Ontario Ministry of Natural Resources and the Canadian Hydrographic Service. ; 3 metre accuracy,,,"Restricted to U of T faculty, staff, and students.","Natural Resources Canada, Geological Survey of Canada (Paquette, Russell, Moore, and Hinton)",,1999,ONTARIO; TORONTO,BATHYMETRY; DIGITAL ELEVATION MODEL; HYDROLOGY,1999,,"Natural Resources Canada, Geological Survey of Canada (Paquette, Russell, Moore, and Hinton)",Natural Resources Canada,,Raster; Vector,NAD,,,Ottawa,UTM Zone 17,"Natural Resources Canada, Geological Survey of Canada",Citation,None,1:50000 or 30 metre,1999
016,ArcCanada (1999) - Schools & Libraries Edition 2.0,"The ArcCanada Schools & Libraries CD-ROM contains a collection of a wide range of Canadian statistical, political, physical, and cartographic data at three scale levels. National level data includes cartographic layers, the land potential database, ecological zones and regions, earthquakes and fault lines, census divisions and statistical information at a variety of scales. Provincial level data includes cartographic layers, soil landscape information, geological layers, digital elevation models, and statistical information at the census subdivision level.

The CD-ROM also contains continental scale geology information, a local scale example of Kingston, ON as well as other utilities and software.",Disc 1 of 2,,"Restricted to U of T faculty, staff, and students.",ESRI Canada Inc.,,1999,CANADA (INCLUSIVE),AERODROMES; BASE MAPS; BOUNDARIES - POLITICAL; CENSUS; CULTURAL; HIGHWAYS; HYDROGRAPHY; LAND USE; PLACENAMES; PROVINCES - CANADA; RAILROADS; ROADS; SOILS; STREETS; UTILITIES; VEGETATION,,,,ESRI Canada,,SHAPEFILE,,2,,Toronto,,ESRI Canada,Citation,None,,1999
017,ArcCanada (1999) - Schools & Libraries Edition 2.0,"The ArcCanada Schools & Libraries CD-ROM contains a collection of a wide range of Canadian statistical, political, physical, and cartographic data at three scale levels. National level data includes cartographic layers, the land potential database, ecological zones and regions, earthquakes and fault lines, census divisions and statistical information at a variety of scales. Provincial level data includes cartographic layers, soil landscape information, geological layers, digital elevation models, and statistical information at the census subdivision level.

The CD-ROM also contains continental scale geology information, a local scale example of Kingston, ON as well as other utilities and software.",Disc 2 of 2,,"Restricted to U of T faculty, staff, and students.",ESRI Canada Inc.,,1999,CANADA (INCLUSIVE),AERODROMES; BASE MAPS; BOUNDARIES - POLITICAL; CENSUS; CULTURAL; HIGHWAYS; HYDROGRAPHY; LAND USE; PLACENAMES; PROVINCES - CANADA; RAILROADS; ROADS; SOILS; STREETS; UTILITIES; VEGETATION,,,,ESRI Canada,,SHAPEFILE,,2,,Toronto,,ESRI Canada,Citation,None,,1999
018-1,Surficial Geology of Southern Toronto - (including Toronto),"The Surficial Geology of Southern Ontario data set is a GIS based geological map that shows the distribution and characteristics of surficial units across Southern Ontario. It illustrates surficial deposits types, material types, geological features (i.e. drumlins, eskers) and general bedrock types and outcrops. The data used to generate the map was derived from Quaternary maps, primarily at a scale of 1:50,000, complied by the Ontario Geological Survey (OGS) and the Geological Survey of Canada (GSC) over the last 40 years. A total of 124 maps (36 belonging to the GSC) create this seamless coverage. (From: metadata page provided by Ministry of Northern Development and Mines)The data is available on 2 CD-ROMs. CD 1 contains a complete set of data in geographic co-ordinates (decimal degrees, NAD 83); CD 2 contains the same information but in UTM, grid zones 17 and 18; and a pdf file of the Surficial Geology of Ontario map. Both CDs have a raster dataset (hillshade image) in jpeg format.Also available via Land Information Ontario's OGDE server.Also contains soils for Toronto",Disc 1 of 2,,"Restricted to U of T faculty, staff, and students.",Ontario Geological Survey,,2003,ONTARIO; TORONTO,GEOLOGY; SOILS,,,,,,Vector,,Miscellaneous Release Data 128,,,,Ontario Geological Survey,Citation,None,,2003
018-2,Surficial Geology of Southern Toronto - (including Toronto),"The Surficial Geology of Southern Ontario data set is a GIS based geological map that shows the distribution and characteristics of surficial units across Southern Ontario. It illustrates surficial deposits types, material types, geological features (i.e. drumlins, eskers) and general bedrock types and outcrops. The data used to generate the map was derived from Quaternary maps, primarily at a scale of 1:50,000, complied by the Ontario Geological Survey (OGS) and the Geological Survey of Canada (GSC) over the last 40 years. A total of 124 maps (36 belonging to the GSC) create this seamless coverage. (From: metadata page provided by Ministry of Northern Development and Mines)The data is available on 2 CD-ROMs. CD 1 contains a complete set of data in geographic co-ordinates (decimal degrees, NAD 83); CD 2 contains the same information but in UTM, grid zones 17 and 18; and a pdf file of the Surficial Geology of Ontario map. Both CDs have a raster dataset (hillshade image) in jpeg format.Also available via Land Information Ontario's OGDE server.Also contains soils for Toronto",Disc 2 of 2,,"Restricted to U of T faculty, staff, and students.",Ontario Geological Survey,,2003,ONTARIO; TORONTO,GEOLOGY; SOILS,,,,,,Vector,,Miscellaneous Release Data 128,,,,Ontario Geological Survey,Citation,None,,2003
019,Electoral Geography - Digital Boundary File of Federal Electoral Districts,CD-ROM of all Federal Electoral Districts for all the province,,,"Restricted to U of T faculty, staff, and students.",Elections Canada,,1999,CANADA (ENTITY); CANADA (INCLUSIVE),BOUNDARIES - POLITICAL,,,,Elections Canada,,Vector,,,,,,Elections Canada,None,None,,1996 to 2003
020,Toronto Region Conservation Authority,,,https://utoronto.sharepoint.com/sites/UTL-MDL-LicensedDataAndSoftware/TRCA,"Restricted to U of T faculty, staff, and students.",Toronto Region Conservation Authority,,2003,TORONTO,CONSERVATION AUTHORITY; HYDROGRAPHY; MUNICIPALITIES; ROADS; WETLANDS,2003,,Toronto Region Conservation Authority,Toronto Region Conservation Authority,,Vector,,2003,,,,Toronto Region Conservation Authority,Written,None,,2003
021,"Toronto Base Maps, Metro","This series was created to provide hard copy maps for the Ontario Base Mapping OBM program covering the Metro Toronto Region. Each map covers an area of 25 sq. km and shows topographic features with 5 metre contours. Buildings less than 100 sq. m. are symbolized, others are shown in outline, roads are pavement edges. 1 km. grid lines are of the Ontario Modified Transverse Mercator Projection. Original city dataset can be found here: http://prod.library.utoronto.ca/maplib/metro/index.html",,,"Restricted to U of T faculty, staff, and students.",Land Information Toronto,,2002,TORONTO,AIRPORTS; BASE MAPS; BOUNDARIES - POLITICAL; BUILDINGS - FOOTPRINTS; BUILDINGS - POINTS; CONTOURS; HIGHWAYS; HYDROGRAPHY; HYPSOGRAPHY; LAND USE; PLACENAMES; RAILROADS; STREETS; TOPOGRAPHY; TRAILS; TRANSPORTATION; UTILITIES; WETLANDS,2002,,Land Information Toronto,City of Toronto,,SHAPEFILE,NAD27,,,Toronto,MTM Zone 10,Land Information Toronto,Citation,None,1:10000,1982 to 1986
022,Dynmap Canada - ArcView Format,"Street network file of all of Canada and Forward Sortation Areas. Data from CD #022, 024, 028 & 029 are backed up on U drive on April 20th 2010.","See also CD # 024, 028 & 029",,"Restricted to U of T faculty, staff, and students.",Geographic Data Technology (GDT),,2002,CANADA (INCLUSIVE),BOUNDARIES - POLITICAL; CENSUS; STREETS,,,,GDT Canada,,Vector,,v6.2,,,,Geographic Data Technology (GDT),Citation,None,,2002
023,Digital Property Data Maps,"Requests must be made to map library staff at above email address and a licence agreement signed. Combines topography and parcel mapping. The series provides a base for thematic mapping services and other published hardcopy products.Depicts the following features: building envelopes, building outlines, railway lines, major watercourses, municipal addresses, curbs, park names, street names, property lines, right of way, boundaries, etc.",,,"Restricted to U of T faculty, staff, and students.",City of Toronto,,1998,TORONTO,ADDRESSES; BOUNDARIES; BUILDING OUTLINES; GEOGRAPHICAL NAMES; HISTORICAL; LAND OWNERSHIP; MAPS; PARKS; PROPERTY BOUNDARIES; RAIL TRANSIT; RAILROADS; STREETS; WATER,1998,,City of Toronto,,,Vector,,,,,,City of Toronto,Written,None,,1998
024,Dynamap Canada - Forward Sortation Area Boundaries,"Street network file of all of Canada and Forward Sortation Areas. Data from CD #022, 024, 028 & 029 are backed up on U drive on April 20th 2010.","See also CD # 022, 028 & 029",,"Restricted to U of T faculty, staff, and students.",Geographic Data Technology (GDT),,2002,CANADA (INCLUSIVE),BOUNDARIES - POLITICAL; CENSUS; STREETS,,,,GDT Canada,,Vector,,v6.2,,,,Geographic Data Technology (GDT),Citation,None,,2002
025,Montreal Orthophotos,,,,"Restricted to U of T faculty, staff, and students.",Ministere des ressources naturelles du Quebec,,1999,MONTREAL; QUEBEC,AIR PHOTOS; AIR PHOTOS - BLACK AND WHITE - ORTHORECTIFIED,1999,,Ministere des ressources naturelles du Quebec,Ministère des ressources naturelles du Québec,,Raster,NAD83,,,Quebec,CSRS98 MTM8,Ministere des ressources naturelles du Quebec,Citation,None,"1 meter / 1:40,000",1999
026,"Teranet Ontario Parcel Data - Durham, Halton, Peel, Toronto, York","To request access, if you are a current U of T student, staff, or faculty, please contact us.

Contains:
1) Basic property report correlating the ownership PIN to the assessment roll number.2)Digital property ownership parcel polygons, attributed with the 9-digit PIN, comprising the area of the regions in shapefile format.",Disc 1 of 2,https://utoronto.sharepoint.com/sites/UTL-MDL-LicensedDataAndSoftware/Teranet,"Restricted to U of T faculty, staff, and students.",Teranet,,2002,DURHAM COUNTY; HALTON COUNTY; ONTARIO; PEEL COUNTY; TORONTO; WATERLOO COUNTY; YORK COUNTY,LAND USE; PARCELS; PROPERTY BOUNDARIES,,,,Teranet,,Vector,,2002,,Toronto,,Teranet,Citation,None,,2002
027,Teranet Ontario Parcel Data - Basic Reports,"To request access, if you are a current U of T student, staff, or faculty, please contact us.

Contains:
1) Basic property report correlating the ownership PIN to the assessment roll number.2)Digital property ownership parcel polygons, attributed with the 9-digit PIN, comprising the area of the regions in shapefile format.",Disc 2 of 2,https://utoronto.sharepoint.com/sites/UTL-MDL-LicensedDataAndSoftware/Teranet,"Restricted to U of T faculty, staff, and students.",Teranet,,2002,DURHAM COUNTY; HALTON COUNTY; ONTARIO; PEEL COUNTY; TORONTO; WATERLOO COUNTY; YORK COUNTY,LAND USE; PARCELS; PROPERTY BOUNDARIES,,,,Teranet,,Vector,,2002,,Toronto,,Teranet,Citation,None,,2002
028,Dynamap Canada - Documentation,"Street network file of all of Canada and Forward Sortation Areas. Data from CD #022, 024, 028 & 029 are backed up on U drive on April 20th 2010.","See also CD # 022, 024 & 029",,"Restricted to U of T faculty, staff, and students.",Geographic Data Technology (GDT),,2002,CANADA (INCLUSIVE),BOUNDARIES - POLITICAL; CENSUS; STREETS,,,,GDT Canada,,Vector,,v6.2,,,,Geographic Data Technology (GDT),Citation,None,,2002
029,Dynamap Canada - Census Enumeration Areas,"Street network file of all of Canada and Forward Sortation Areas. Data from CD #022, 024, 028 & 029 are backed up on U drive on April 20th 2010.","See also CD # 022, 024 & 028",,"Restricted to U of T faculty, staff, and students.",Geographic Data Technology (GDT),,2002,CANADA (INCLUSIVE),BOUNDARIES - POLITICAL; CENSUS; STREETS,,,,GDT Canada,,Vector,,v6.2,,,,Geographic Data Technology (GDT),Citation,None,,2002
030,"City of London, Ontario, Digital Mapping CD","CD-Rom contains:



1) Assessed Parcel mapping

2) City map - double line

3) City map - single line

4) Orthoimagery

5) Topographic features and 3d data (spot heights and contours)",,,"Restricted to U of T faculty, staff, and students.",City of London,,2000,LONDON (ONTARIO),AIR PHOTOS; AIR PHOTOS - BLACK AND WHITE - ORTHORECTIFIED; CONTOURS; ELEVATION; PARCELS; PROPERTY BOUNDARIES; ROADS; STREETS,2000,,City of London,City of London,,Raster; Vector,,2000,https://london.ca/business/Resources/Consultant-Resources/Pages/GISDataRequest.aspx,"London, Ontario",,City of London,Citation,None,various,2000
031,Historic Parishes of England and Wales - Documentation,"The Electronic Map covers the whole of England and Wales, and is organised by Ordnance Survey Sheet number. The map consists of scanned bitmap images of the Ordnance Survey one inch to the mile (1:63,360) New Popular Edition maps (1945-8) with National Grid. It contains the boundaries of some 18,233 places, and is arranged as three electronic 'layers'. The first is a scan of the Ordnance Survey maps stored as grey tone sheet images. This enables Ordnance Survey physical, cultural and place-name content to be readily visible in the background for orientation and general location purposes, while not obscuring the added boundary and reference number material. The second layer consists of the boundaries, stored as solid red lines; and the third layer contains the reference numbers that link places on the map to the gazetteer/metadata dataset that accompanies the maps.The maps are available on CD-ROM in Adobe Illustrator? v.6 (?45 plus P&P) or Adobe Acrobat PDF? (?15 plus P&P). Adobe Illustrator format is recommended if you already have the software (as it enables you to edit the maps and select the layers to view). However, the Adobe Acrobat PDF format is perfectly suitable for viewing the maps, and the the necessary reader software will be supplied.

",Disc 1 of 9,,"Restricted to U of T faculty, staff, and students.","Kain, R.J. and R.R. Oliver",,2001,ENGLAND; WALES,BASE MAPS; BOUNDARIES; BOUNDARIES - POLITICAL; GAZETTEERS; HISTORICAL; MAPS; METADATA; PHYSIOGRAPHY; PLACENAMES,,,,Historic Data Service,,Vector,,2001,,Colchester,,Historic Data Service,Citation,None,,1945 to 1948
032,Historic Parishes of England and Wales - Sheets 64-90,"The Electronic Map covers the whole of England and Wales, and is organised by Ordnance Survey Sheet number. The map consists of scanned bitmap images of the Ordnance Survey one inch to the mile (1:63,360) New Popular Edition maps (1945-8) with National Grid. It contains the boundaries of some 18,233 places, and is arranged as three electronic 'layers'. The first is a scan of the Ordnance Survey maps stored as grey tone sheet images. This enables Ordnance Survey physical, cultural and place-name content to be readily visible in the background for orientation and general location purposes, while not obscuring the added boundary and reference number material. The second layer consists of the boundaries, stored as solid red lines; and the third layer contains the reference numbers that link places on the map to the gazetteer/metadata dataset that accompanies the maps.The maps are available on CD-ROM in Adobe Illustrator? v.6 (?45 plus P&P) or Adobe Acrobat PDF? (?15 plus P&P). Adobe Illustrator format is recommended if you already have the software (as it enables you to edit the maps and select the layers to view). However, the Adobe Acrobat PDF format is perfectly suitable for viewing the maps, and the the necessary reader software will be supplied.

",Disc 2 of 9,,"Restricted to U of T faculty, staff, and students.","Kain, R.J. and R.R. Oliver",,2001,ENGLAND; WALES,BASE MAPS; BOUNDARIES; BOUNDARIES - POLITICAL; GAZETTEERS; HISTORICAL; MAPS; METADATA; PHYSIOGRAPHY; PLACENAMES,,,,Historic Data Service,,Vector,,2001,,Colchester,,Historic Data Service,Citation,None,,1945 to 1948
033,Historic Parishes of England and Wales - Sheets 91-103,"The Electronic Map covers the whole of England and Wales, and is organised by Ordnance Survey Sheet number. The map consists of scanned bitmap images of the Ordnance Survey one inch to the mile (1:63,360) New Popular Edition maps (1945-8) with National Grid. It contains the boundaries of some 18,233 places, and is arranged as three electronic 'layers'. The first is a scan of the Ordnance Survey maps stored as grey tone sheet images. This enables Ordnance Survey physical, cultural and place-name content to be readily visible in the background for orientation and general location purposes, while not obscuring the added boundary and reference number material. The second layer consists of the boundaries, stored as solid red lines; and the third layer contains the reference numbers that link places on the map to the gazetteer/metadata dataset that accompanies the maps.The maps are available on CD-ROM in Adobe Illustrator? v.6 (?45 plus P&P) or Adobe Acrobat PDF? (?15 plus P&P). Adobe Illustrator format is recommended if you already have the software (as it enables you to edit the maps and select the layers to view). However, the Adobe Acrobat PDF format is perfectly suitable for viewing the maps, and the the necessary reader software will be supplied.

",Disc 3 of 9,,"Restricted to U of T faculty, staff, and students.","Kain, R.J. and R.R. Oliver",,2001,ENGLAND; WALES,BASE MAPS; BOUNDARIES; BOUNDARIES - POLITICAL; GAZETTEERS; HISTORICAL; MAPS; METADATA; PHYSIOGRAPHY; PLACENAMES,,,,Historic Data Service,,Vector,,2001,,Colchester,,Historic Data Service,Citation,None,,1945 to 1948
034,Historic Parishes of England and Wales - Sheets 104-118,"The Electronic Map covers the whole of England and Wales, and is organised by Ordnance Survey Sheet number. The map consists of scanned bitmap images of the Ordnance Survey one inch to the mile (1:63,360) New Popular Edition maps (1945-8) with National Grid. It contains the boundaries of some 18,233 places, and is arranged as three electronic 'layers'. The first is a scan of the Ordnance Survey maps stored as grey tone sheet images. This enables Ordnance Survey physical, cultural and place-name content to be readily visible in the background for orientation and general location purposes, while not obscuring the added boundary and reference number material. The second layer consists of the boundaries, stored as solid red lines; and the third layer contains the reference numbers that link places on the map to the gazetteer/metadata dataset that accompanies the maps.The maps are available on CD-ROM in Adobe Illustrator? v.6 (?45 plus P&P) or Adobe Acrobat PDF? (?15 plus P&P). Adobe Illustrator format is recommended if you already have the software (as it enables you to edit the maps and select the layers to view). However, the Adobe Acrobat PDF format is perfectly suitable for viewing the maps, and the the necessary reader software will be supplied.

",Disc 4 of 9,,"Restricted to U of T faculty, staff, and students.","Kain, R.J. and R.R. Oliver",,2001,ENGLAND; WALES,BASE MAPS; BOUNDARIES; BOUNDARIES - POLITICAL; GAZETTEERS; HISTORICAL; MAPS; METADATA; PHYSIOGRAPHY; PLACENAMES,,,,Historic Data Service,,Vector,,2001,,Colchester,,Historic Data Service,Citation,None,,1945 to 1948
035,Historic Parishes of England and Wales - Sheets 119-132,"The Electronic Map covers the whole of England and Wales, and is organised by Ordnance Survey Sheet number. The map consists of scanned bitmap images of the Ordnance Survey one inch to the mile (1:63,360) New Popular Edition maps (1945-8) with National Grid. It contains the boundaries of some 18,233 places, and is arranged as three electronic 'layers'. The first is a scan of the Ordnance Survey maps stored as grey tone sheet images. This enables Ordnance Survey physical, cultural and place-name content to be readily visible in the background for orientation and general location purposes, while not obscuring the added boundary and reference number material. The second layer consists of the boundaries, stored as solid red lines; and the third layer contains the reference numbers that link places on the map to the gazetteer/metadata dataset that accompanies the maps.The maps are available on CD-ROM in Adobe Illustrator? v.6 (?45 plus P&P) or Adobe Acrobat PDF? (?15 plus P&P). Adobe Illustrator format is recommended if you already have the software (as it enables you to edit the maps and select the layers to view). However, the Adobe Acrobat PDF format is perfectly suitable for viewing the maps, and the the necessary reader software will be supplied.

",Disc 5 of 9,,"Restricted to U of T faculty, staff, and students.","Kain, R.J. and R.R. Oliver",,2001,ENGLAND; WALES,BASE MAPS; BOUNDARIES; BOUNDARIES - POLITICAL; GAZETTEERS; HISTORICAL; MAPS; METADATA; PHYSIOGRAPHY; PLACENAMES,,,,Historic Data Service,,Vector,,2001,,Colchester,,Historic Data Service,Citation,None,,1945 to 1948
036,Historic Parishes of England and Wales - Sheets 133-147,"The Electronic Map covers the whole of England and Wales, and is organised by Ordnance Survey Sheet number. The map consists of scanned bitmap images of the Ordnance Survey one inch to the mile (1:63,360) New Popular Edition maps (1945-8) with National Grid. It contains the boundaries of some 18,233 places, and is arranged as three electronic 'layers'. The first is a scan of the Ordnance Survey maps stored as grey tone sheet images. This enables Ordnance Survey physical, cultural and place-name content to be readily visible in the background for orientation and general location purposes, while not obscuring the added boundary and reference number material. The second layer consists of the boundaries, stored as solid red lines; and the third layer contains the reference numbers that link places on the map to the gazetteer/metadata dataset that accompanies the maps.The maps are available on CD-ROM in Adobe Illustrator? v.6 (?45 plus P&P) or Adobe Acrobat PDF? (?15 plus P&P). Adobe Illustrator format is recommended if you already have the software (as it enables you to edit the maps and select the layers to view). However, the Adobe Acrobat PDF format is perfectly suitable for viewing the maps, and the the necessary reader software will be supplied.

",Disc 6 of 9,,"Restricted to U of T faculty, staff, and students.","Kain, R.J. and R.R. Oliver",,2001,ENGLAND; WALES,BASE MAPS; BOUNDARIES; BOUNDARIES - POLITICAL; GAZETTEERS; HISTORICAL; MAPS; METADATA; PHYSIOGRAPHY; PLACENAMES,,,,Historic Data Service,,Vector,,2001,,Colchester,,Historic Data Service,Citation,None,,1945 to 1948
037,Historic Parishes of England and Wales - Sheets 148-160,"The Electronic Map covers the whole of England and Wales, and is organised by Ordnance Survey Sheet number. The map consists of scanned bitmap images of the Ordnance Survey one inch to the mile (1:63,360) New Popular Edition maps (1945-8) with National Grid. It contains the boundaries of some 18,233 places, and is arranged as three electronic 'layers'. The first is a scan of the Ordnance Survey maps stored as grey tone sheet images. This enables Ordnance Survey physical, cultural and place-name content to be readily visible in the background for orientation and general location purposes, while not obscuring the added boundary and reference number material. The second layer consists of the boundaries, stored as solid red lines; and the third layer contains the reference numbers that link places on the map to the gazetteer/metadata dataset that accompanies the maps.The maps are available on CD-ROM in Adobe Illustrator? v.6 (?45 plus P&P) or Adobe Acrobat PDF? (?15 plus P&P). Adobe Illustrator format is recommended if you already have the software (as it enables you to edit the maps and select the layers to view). However, the Adobe Acrobat PDF format is perfectly suitable for viewing the maps, and the the necessary reader software will be supplied.",Disc 7 of 9,,"Restricted to U of T faculty, staff, and students.","Kain, R.J. and R.R. Oliver",,2001,ENGLAND; WALES,BASE MAPS; BOUNDARIES; BOUNDARIES - POLITICAL; GAZETTEERS; HISTORICAL; MAPS; METADATA; PHYSIOGRAPHY; PLACENAMES,,,,Historic Data Service,,Vector,,2001,,Colchester,,Historic Data Service,Citation,None,,1945 to 1948
038,Historic Parishes of England and Wales - Sheets 161-175,"The Electronic Map covers the whole of England and Wales, and is organised by Ordnance Survey Sheet number. The map consists of scanned bitmap images of the Ordnance Survey one inch to the mile (1:63,360) New Popular Edition maps (1945-8) with National Grid. It contains the boundaries of some 18,233 places, and is arranged as three electronic 'layers'. The first is a scan of the Ordnance Survey maps stored as grey tone sheet images. This enables Ordnance Survey physical, cultural and place-name content to be readily visible in the background for orientation and general location purposes, while not obscuring the added boundary and reference number material. The second layer consists of the boundaries, stored as solid red lines; and the third layer contains the reference numbers that link places on the map to the gazetteer/metadata dataset that accompanies the maps.The maps are available on CD-ROM in Adobe Illustrator? v.6 (?45 plus P&P) or Adobe Acrobat PDF? (?15 plus P&P). Adobe Illustrator format is recommended if you already have the software (as it enables you to edit the maps and select the layers to view). However, the Adobe Acrobat PDF format is perfectly suitable for viewing the maps, and the the necessary reader software will be supplied.",Disc 8 of 9,,"Restricted to U of T faculty, staff, and students.","Kain, R.J. and R.R. Oliver",,2001,ENGLAND; WALES,BASE MAPS; BOUNDARIES; BOUNDARIES - POLITICAL; GAZETTEERS; HISTORICAL; MAPS; METADATA; PHYSIOGRAPHY; PLACENAMES,,,,Historic Data Service,,Vector,,2001,,Colchester,,Historic Data Service,Citation,None,,1945 to 1948
039,Historic Parishes of England and Wales - Sheets 176-190,"The Electronic Map covers the whole of England and Wales, and is organised by Ordnance Survey Sheet number. The map consists of scanned bitmap images of the Ordnance Survey one inch to the mile (1:63,360) New Popular Edition maps (1945-8) with National Grid. It contains the boundaries of some 18,233 places, and is arranged as three electronic 'layers'. The first is a scan of the Ordnance Survey maps stored as grey tone sheet images. This enables Ordnance Survey physical, cultural and place-name content to be readily visible in the background for orientation and general location purposes, while not obscuring the added boundary and reference number material. The second layer consists of the boundaries, stored as solid red lines; and the third layer contains the reference numbers that link places on the map to the gazetteer/metadata dataset that accompanies the maps.The maps are available on CD-ROM in Adobe Illustrator? v.6 (?45 plus P&P) or Adobe Acrobat PDF? (?15 plus P&P). Adobe Illustrator format is recommended if you already have the software (as it enables you to edit the maps and select the layers to view). However, the Adobe Acrobat PDF format is perfectly suitable for viewing the maps, and the the necessary reader software will be supplied.",Disc 9 of 9,,"Restricted to U of T faculty, staff, and students.","Kain, R.J. and R.R. Oliver",,2001,ENGLAND; WALES,BASE MAPS; BOUNDARIES; BOUNDARIES - POLITICAL; GAZETTEERS; HISTORICAL; MAPS; METADATA; PHYSIOGRAPHY; PLACENAMES,,,,Historic Data Service,,Vector,,2001,,Colchester,,Historic Data Service,Citation,None,,1945 to 1948
040,Mississauga Orthophoto Mosaic - 2003,,,,"Restricted to U of T faculty, staff, and students.",Airborne Sensing Corporation,,2002,MISSISSAUGA,AIR PHOTOS; AIR PHOTOS - BLACK AND WHITE; AIR PHOTOS - BLACK AND WHITE - ORTHORECTIFIED,,,,,,Raster,,,,,,Airborne Sensing Corporation,Citation,Signed,,2002
042,Toronto Orthophotos,"Black and white TIFF images covering the city of Toronto.

Toronto Digital Orthophotos, City of Toronto 1997
Source: Metro Toronto Land Information Services 
Scale: 1:5,000 (approx.) 
Format: tiff images 
Access: University of Toronto faculty, students, and staff, for academic research and teaching only.

","See also CD # 055, 056, 059",,"Restricted to U of T faculty, staff, and students.",Metro Toronto Land Information Services,,1997,ETOBICOKE; ONTARIO; SCARBOROUGH; TORONTO,AIR PHOTOS; AIR PHOTOS - BLACK AND WHITE - ORTHORECTIFIED,1997,,Metro Toronto Land Information Services,"City of Toronto, Land Information Toronto",,Raster,NAD27,,,Toronto,MTM Zone 10,"Land Information Toronto, City of Toronto",Citation,None,1 pixel = 1 metre,1997
043,Goad Atlas of Toronto 1884 (Fire Insurance Plans),,,,,"Goad, Charles E.",,,,,,,,,,,,,,,,,,,,
044,Goad Atlas of Toronto 1890 (Fire Insurance Plans),,,,,"Goad, Charles E.",,,,,,,,,,,,,,,,,,,,
045,Goad Atlas of Toronto 1892 (Fire Insurance Plans),,,,,"Goad, Charles E.",,,,,,,,,,,,,,,,,,,,
046,Goad Atlas of Toronto 1893 (Fire Insurance Plans),,,,,"Goad, Charles E.",,,,,,,,,,,,,,,,,,,,
047,Goad Atlas of Toronto 1899 (Fire Insurance Plans),,,,,"Goad, Charles E.",,,,,,,,,,,,,,,,,,,,
048,Goad Atlas of Toronto 1910 (Fire Insurance Plans),,,,,"Goad, Charles E.",,,,,,,,,,,,,,,,,,,,
049,Canada. Cities. Census Tracts. 1971 & 1981.,,,,"Restricted to U of T faculty, staff, and students.",Statistics Canada,,1971 Jan 1st,CANADA (ENTITY),BOUNDARIES; CENSUS,1971,,Statistics Canada,,1981 Jan 1st,Raster,,,,,,,Citation,None,,
050,Geographical Information Systems,"Since the publication of the First Edition of Geographical Information Systems in 1991, the ""Big Book"" of GIS has become the definitive work on the science, application and practice of GIS. This new, Abridged Second Edition of Geographical Information Systems brings this definitive reference to a whole new audience with a streamlined format including 24 diverse chapters, a new chapter by the editors covering recent developments in GIS, and the full text of the Second Edition of Geographical Information Systems, 72 chapters in all, on the accompanying CD-ROM in searchable PDF format.",,,"Restricted to U of T faculty, staff, and students.","Longley, P.A. & M.Goodchild, D. McGuire & D.Rhind",,2005,,GEOGRAPHIC INFORMATION SYSTEMS,,,,John Wiley & Sons,,Data,,2005 [abridged] 2nd edition,,"Hoboken, New Jersey",,John Wiley & Sons,Citation,None,,
051,Northwest Territories Digital Atlas,"3 CD-ROM set atlas is the first collation and mapping of all readily available biophysical data for the NWT. The data span a wide range of themes including: Mineral, oil and gas rights and potential Timber productive forests Some First Nations community conservation plans and heritage sites Ecoregions Wildlife habitat Topographic information (transportation, water bodies, elevation etc.) Archaeological sites Land use permits Protected areas (candidate and existing) Landcover",,,"Restricted to U of T faculty, staff, and students.",World Wildlife Fund (Canada),,2002,NORTHWEST TERRITORIES,ARCHAEOLOGY; CULTURAL; ECONOMICS; FORESTRY; GAS; HYDROGRAPHY; LAND USE; OIL; PIPELINES; PLACENAMES; SATELLITE IMAGES; TOPOGRAPHY; VEGETATION; WETLANDS; WILDLIFE,2002,,World Wildlife Fund (Canada),World Wildlife Fund,2009,Raster; Vector,,,http://www.wwf.ca/newsroom/?1046=,Toronto,,World Wildlife Fund,None,None,,2002 to 2009
051,Census of Canada Geography Files,,,,,Statistics Canada,,,,,,,,,,,,,,,,,,,,
052,ArcUSA 1:2M,"The ArcUSA 1:2M database is a comprehensive vector basemap of the coterminous United States at a scale of 1:2 million. Features include state and county boundaries, hydrography, roads, railroads, place names, and federal lands. Index layers include latitude/longitude grids, a Landsat satellite scene index, and USGS quadrangle indexes for 1:24,000-, 1:100,000-, and 1:250,000-scale maps. Attributes for states and counties include 1990 census data; socioeconomic, demographic, and health statistics (from the mid-1980s); agricultural product and market value statistics; local government finance statistics; and general land use and soils information. Also includes 1:25 million-scale map data.",,,"Restricted to U of T faculty, staff, and students.",Environmental Systems Research Institute INC.,,1992,UNITED STATES (ENTITY),BOUNDARIES; BOUNDARIES - POLITICAL; CENSUS; ECONOMICS; HYDROGRAPHY; LAND OWNERSHIP; LAND USE; MAPS; PLACENAMES; RAILROADS; ROADS; SATELLITE IMAGES; SOILS; STATISTICS,1992,,Environmental Systems Research Institute INC.,Environmental Systems Research Institute Inc.,,Raster; Vector,,1992,https://lib.uwaterloo.ca/locations/umd/digital/ArcUSA.pdf,,,,None,None,"1:2,000,000",1992
055,Toronto Orthophotos - Replacement for CD 55K and 55L,"Black and white TIFF images covering the city of Toronto.

Toronto Digital Orthophotos, City of Toronto 1997
Source: Metro Toronto Land Information Services 
Scale: 1:5,000 (approx.) 
Format: tiff images 
Access: University of Toronto faculty, students, and staff, for academic research and teaching only.

","See also CD # 042, 056, 059",,"Restricted to U of T faculty, staff, and students.",Metro Toronto Land Information Services,,1997,ETOBICOKE; ONTARIO; SCARBOROUGH; TORONTO,AIR PHOTOS; AIR PHOTOS - BLACK AND WHITE - ORTHORECTIFIED,,,,"City of Toronto, Land Information Toronto",,Raster,,,,Toronto,,"Land Information Toronto, City of Toronto",Citation,None,,1997
056,Toronto Orthophotos - Volume 1,"Black and white TIFF images covering the city of Toronto.

Toronto Digital Orthophotos, City of Toronto 1997
Source: Metro Toronto Land Information Services 
Scale: 1:5,000 (approx.) 
Format: tiff images 
Access: University of Toronto faculty, students, and staff, for academic research and teaching only.","See also CD # 042, 055, 059",,"Restricted to U of T faculty, staff, and students.",Metro Toronto Land Information Services,,1997,ETOBICOKE; ONTARIO; SCARBOROUGH; TORONTO,AIR PHOTOS; AIR PHOTOS - BLACK AND WHITE - ORTHORECTIFIED,,,,"City of Toronto, Land Information Toronto",,Raster,,,,Toronto,,"Land Information Toronto, City of Toronto",Citation,None,,1997
057,OMAFRA Ontario Soil Data - shapefile,Ontario Soil Surveys,,,"Restricted to U of T faculty, staff, and students.","Map & Data Library, University of Toronto",,2002,ONTARIO,SOILS,,,,,,Vector,,2002,,,,,None,None,,2002
058,OMAFRA Ontario Soil Data - E00 file and documentation,Ontario Soil Surveys,,,"Restricted to U of T faculty, staff, and students.","Map & Data Library, University of Toronto",,2002,ONTARIO,SOILS,,,,,,Vector,,2002,,,,,None,None,,2002
059,Toronto Orthophotos - GEO-TIF 50H,"Black and white TIFF images covering the city of Toronto.

Toronto Digital Orthophotos, City of Toronto 1997
Source: Metro Toronto Land Information Services 
Scale: 1:5,000 (approx.) 
Format: tiff images 
Access: University of Toronto faculty, students, and staff, for academic research and teaching only.","See also CD # 042, 055, 056",,"Restricted to U of T faculty, staff, and students.",Metro Toronto Land Information Services,,1997,ETOBICOKE; ONTARIO; SCARBOROUGH; TORONTO,AIR PHOTOS; AIR PHOTOS - BLACK AND WHITE - ORTHORECTIFIED,,,,"City of Toronto, Land Information Toronto",,Raster,,,,Toronto,,"Land Information Toronto, City of Toronto",Citation,None,,1997
060,Softmap Ontario topo50 - Vol. 1 - Southern Ontario,,,,"Restricted to U of T faculty, staff, and students.",Softmap and Natural Resources Canada,,,ONTARIO,TOPOGRAPHY,,,,Softmap,,Vector,,Volume 1 - Southern Ontario,,,,Softmap,None,None,,
061,Softmap Ontario topo50 - Vol. 2 - Upper Ontario East,,,,"Restricted to U of T faculty, staff, and students.",Softmap and Natural Resources Canada,,,ONTARIO,TOPOGRAPHY,,,,Softmap,,Vector,,Volume 2 - Upper Ontario East,,,,Softmap,None,None,,
062,Softmap Ontario topo50 - Vol. 3 Lake Superior North,,,,"Restricted to U of T faculty, staff, and students.",Softmap and Natural Resources Canada,,,ONTARIO,TOPOGRAPHY,,,,Softmap,,Vector,,Volume 3 - Lake Superior North,,,,Softmap,None,None,,
063,Softmap Ontario topo50 - Vol. 4 Upper Ontario West,,,,"Restricted to U of T faculty, staff, and students.",Softmap and Natural Resources Canada,,,ONTARIO,TOPOGRAPHY,,,,Softmap,,Vector,,Volume 4 - Upper Ontario West,,,,Softmap,None,None,,
064,Softmap Canada topo250,,,,"Restricted to U of T faculty, staff, and students.",Softmap and Natural Resources Canada,,,CANADA (INCLUSIVE),TOPOGRAPHY,,,,Softmap,,Vector,,,,,,Softmap,None,None,,
065,Toronto Property Boundaries,"Grid System: 3 Degree and 6 Degree
Vertical datum: unknown
Horizontal Accuracy:
Vertical Accuracy: N/A",,,"Restricted to U of T faculty, staff, and students.",Land Information Toronto,,2002,TORONTO,ADDRESSES; PARCELS; PROPERTY BOUNDARIES; STREETS,2002,,Land Information Toronto,"City of Toronto, Land Information Toronto",,Vector,NAD27,,,Toronto,MTM Zone 10,Land Information Toronto,None,Verbal,,2002
066,Toronto Centreline,"Horizontal Accuracy: Linear features are within 2.5m of the centreline of construction.
Other features are relative to the linear features.
Vertical Accuracy: N/A",,,"Restricted to U of T faculty, staff, and students.",Land Information Toronto,,2002,TORONTO,STREETS,2002,,Land Information Toronto,"City of Toronto, Land Information Toronto",,Vector,NAD27,,,Toronto,Decimal Degrees and Transverse Mercator,Land Information Toronto,Written,Verbal,,2002
067,Toronto Centreline - 1997 Orthophotos,"Horizontal Accuracy: Linear features are within 2.5m of the centreline of construction.
Other features are relative to the linear features.
Vertical Accuracy: N/A",,,"Restricted to U of T faculty, staff, and students.",Land Information Toronto,,2002,TORONTO,STREETS,,,,"City of Toronto, Land Information Toronto",,Vector,,,,Toronto,,Land Information Toronto,Written,Verbal,,2002
068,Toronto Centreline - Property Data,"Horizontal Accuracy: Linear features are within 2.5m of the centreline of construction.
Other features are relative to the linear features.
Vertical Accuracy: N/A",,,"Restricted to U of T faculty, staff, and students.",Land Information Toronto,,2002,TORONTO,STREETS,,,,"City of Toronto, Land Information Toronto",,Vector,,,,Toronto,,Land Information Toronto,Written,Verbal,,2002
070,Hamilton Orthophotos - Index,,Disc 1 of 8,,"Restricted to U of T faculty, staff, and students.",City of Hamilton,,1999,HAMILTON,AIR PHOTOS,,,,City of Hamilton,,Raster,,,,Hamilton,,City of Hamilton,None,None,,1999
071,Hamilton Orthophotos - 2,,Disc 2 of 8,,"Restricted to U of T faculty, staff, and students.",City of Hamilton,,1999,HAMILTON,AIR PHOTOS,,,,City of Hamilton,,Raster,,,,Hamilton,,City of Hamilton,None,None,,1999
072,Hamilton Orthophotos - 3,,Disc 3 of 8,,"Restricted to U of T faculty, staff, and students.",City of Hamilton,,1999,HAMILTON,AIR PHOTOS,,,,City of Hamilton,,Raster,,,,Hamilton,,City of Hamilton,None,None,,1999
073,Hamilton Orthophotos - 4,,Disc 4 of 8,,"Restricted to U of T faculty, staff, and students.",City of Hamilton,,1999,HAMILTON,AIR PHOTOS,,,,City of Hamilton,,Raster,,,,Hamilton,,City of Hamilton,None,None,,1999
074,Hamilton Orthophotos - 5,,Disc 5 of 8,,"Restricted to U of T faculty, staff, and students.",City of Hamilton,,1999,HAMILTON,AIR PHOTOS,,,,City of Hamilton,,Raster,,,,Hamilton,,City of Hamilton,None,None,,1999
075,Hamilton Orthophotos - 6,,Disc 6 of 8,,"Restricted to U of T faculty, staff, and students.",City of Hamilton,,1999,HAMILTON,AIR PHOTOS,,,,City of Hamilton,,Raster,,,,Hamilton,,City of Hamilton,None,None,,1999
076,Hamilton Orthophotos - 7,,Disc 7 of 8,,"Restricted to U of T faculty, staff, and students.",City of Hamilton,,1999,HAMILTON,AIR PHOTOS,,,,City of Hamilton,,Raster,,,,Hamilton,,City of Hamilton,None,None,,1999
077,Hamilton Orthophotos - 8,,Disc 8 of 8,,"Restricted to U of T faculty, staff, and students.",City of Hamilton,,1999,HAMILTON,AIR PHOTOS,,,,City of Hamilton,,Raster,,,,Hamilton,,City of Hamilton,None,None,,1999
078,City of Toronto Land Information,"AGU ARC/Info Export Assessment areas, sub divisions and divisions",,,"Restricted to U of T faculty, staff, and students.",City of Toronto,,1999,TORONTO,ASSESSMENT AREAS; BOUNDARIES; LAND USE,1999,,City of Toronto,City of Toronto,,Vector,,,,Toronto,,City of Toronto,Citation,None,,1999
079,National Topographic Services 30M5 & 30M12,,,,,National topographic Services,,,,,,,,,,,,,,,,,,,1:63360,1909-1931
080,National Topographic Services 30M11 & 30M12,,,,,National topographic Services,,,,,,,,,,,,,,,,,,,1:63360,1909-1931
081,Hydat,,,,"Restricted to U of T faculty, staff, and students.",Earthinfo,,1999,CANADA (INCLUSIVE),SEDIMENT,,,,Earthinfo,,Vector,,1999,,"Boulder, CO",,Earthinfo,Citation,None,,1999
082,Tectonic Map of North America,"Results of the AAPG Tectonic Map of North America Project, a compilation by hundreds of geologists across the continent. Offers latest tectonic data for North America and the bounding oceans. This popular map is provided here in ARC/Info coverages and ARC/View Shape files. We also include the same file in DXF format for CAD systems - from AAPG/Datapag",,,"Restricted to U of T faculty, staff, and students.",W.R. Muehlberger,,1997,NORTH AMERICA (ENTITY),GEOLOGY,1997,,W.R. Muehlberger,AAPG,,Vector,,,,,,American Association of Petroleum Geologists (AAPG),None,None,1:5000000,1997
083,British Columbia Forest Fire Historical Data,,,,"Restricted to U of T faculty, staff, and students.",British Columbia Fire Service - Government of British Columbia,,1950,BRITISH COLUMBIA,FIRE; FORESTRY,1950,,British Columbia Fire Service - Government of British Columbia,British Columbia Fire Service,1999,Data,,,,British Columbia,,British Columbia Fire Service - Government of British Columbia,None,None,,1950 to 1999
084,Grand River Conservation Authority - Fall 2002,Request data from the Robarts 5th floor reference area or email mdl@library.utoronto.ca,,,"Restricted to U of T faculty, staff, and students.",Grand River Conservation Authority,,2002,BRANT; BRANTFORD,CONSERVATION AUTHORITY,,,,Grand River Conservation Authority,,Vector,,,,,,Grand River Conservation Authority,Citation,None,,2002
085,Grand River Conservation Authority - February 2002,Request data from the Robarts 5th floor reference area or email mdl@library.utoronto.ca,,,"Restricted to U of T faculty, staff, and students.",Grand River Conservation Authority,,2002,BRANT; BRANTFORD,CONSERVATION AUTHORITY,,,,Grand River Conservation Authority,,Vector,,,,,,Grand River Conservation Authority,Citation,None,,2002
086,Grand River Conservation Authority - January 2003,Request data from the Robarts 5th floor reference area or email mdl@library.utoronto.ca,,,"Restricted to U of T faculty, staff, and students.",Grand River Conservation Authority,,2003,BRANT; BRANTFORD,CONSERVATION AUTHORITY,,,,Grand River Conservation Authority,,Vector,,,,,,Grand River Conservation Authority,Citation,None,,2003
087,Grand River Conservation Authority - June 2003,Request data from the Robarts 5th floor reference area or email mdl@library.utoronto.ca,,,"Restricted to U of T faculty, staff, and students.",Grand River Conservation Authority,,2003,BRANT; BRANTFORD,CONSERVATION AUTHORITY,,,,Grand River Conservation Authority,,Vector,,,,,,Grand River Conservation Authority,Citation,None,,2003
088,Algonquin Park Forest Resource Inventory,"This Information Holding is used within the context of the following Great Lakes Heritage Coast subject area: Terrestrial Flora Part of Ontario's Living Legacy, The Great Lakes Heritage Coast Project is an open forum for citizens to help determine the best ways to... -Protect the Coast's scenic beauty and natural ecosystems; -Promote the potential for recreation, tourism, and other economic benefits through a network of parks and protected areas and bring the world to this magnificent part of Ontario; -Encourage development compatible with the overall intent for the area; and -Foster co-operation, education, public information and partnerships with other levels of government, Aboriginal communities, and interest groups in the planning and management of the Heritage Coast..",,,"Restricted to U of T faculty, staff, and students.",Ontario Ministry of Natural Resources (OMNR),,2001 Jan 1st,ALGONQUIN PARK; ONTARIO,FORESTRY,2001,,Ontario Ministry of Natural Resources (OMNR),OMNR,,Vector,,,,,,Ontario Ministry of Natural Resources (OMNR),Citation,None,,2001
089,Canadian Daily Climate Data: Temperature and Precipitation - Eastern Canada 2000,,,,,Environment Canada - Climate and Water Products Division,,,,,,,,,,,,,,,,,,,,
090,Canadian Daily Climate Data: Temperature and Precipitation - Western Canada 2000,,,,,Environment Canada - Climate and Water Products Division,,,,,,,,,,,,,,,,,,,,
091,Canadian Monthly Climate Data and 1961-1990 Normals,,,,,Environment Canada,,,,,,,,,,,,,,,,,,,,
092,Digital Ocean Electronic Charts - Kingston-Montreal,"navigational charts, bathymetry, bathymetric placenames, database, navigation software, marinas, database, chart index, tide tables, water levels",,,"Restricted to U of T faculty, staff, and students.",NDI Canadian Hydgrophic Service (CHS),,2000,ONTARIO,HYDROGRAPHY,,,,NDI CHS Maptech,,Vector,,NW7_002_03 - Kingston to Montreal,,,,Maptech BSB,None,None,,2000
093,Digital Ocean Electronic Charts - Lake Ontario,"navigational charts, bathymetry, bathymetric placenames, database, navigation software, marinas, database, chart index, tide tables, water levels",,,"Restricted to U of T faculty, staff, and students.",NDI Canadian Hydgrophic Service (CHS),,,ONTARIO,HYDROGRAPHY,,,,NDI CHS Maptech,,Vector,,NW5_002_03 - Lake Ontario,,,,Maptech BSB,None,None,,
094,Softmap Quebec topo250,,,,Publicly accessible,Softmap and Natural Resources Canada,,2002,QUEBEC,TOPOGRAPHY,,,,Softmap,,Vector,,,,,,Softmap,None,None,,2002
095,Significant Ecological Area Digital Data,"A Significant Ecological Area is a polygon feature that identifies an area of interest to the Ministry that is ecologically significant, and warrants special consideration, excluding ANSI's, wetlands, parks, reserves or ESA's.Different Significant Ecological Area types collected by the Natural Resources Values Information System (NRVIS) include...- Designated Old Growth Forest- No-Cut Area- Significant Valley- Significant Woodland- Wetland, Unevaluated",,,"Restricted to U of T faculty, staff, and students.",Ontario Ministry of Natural Resources,,2000,ONTARIO,ECOLOGY; FORESTRY; METADATA; PARKS; WETLANDS,,,,OMNR,,Vector,,,,Toronto,,,Citation,None,,2000
097,Europe Complete Global Maps,"Map data covering all of Europe.Contains administrative and postal geography of every European country, usually down to the most detailed levels (e.g. municipalities, counties, 5-digit postcode areas). Includes topographic layers displaying cities, roads, rivers and lakes.",,,"Restricted to U of T faculty, staff, and students.",GFK Macon Global Maps,,1997,ALBANIA; AUSTRIA; BELARUS; BELGIUM; BOSNIA AND HERZEGOVINA; BULGARIA; CROATIA; CYPRUS; CZECH REPUBLIC; DENMARK; ESTONIA; EUROPE; FAROE ISLANDS; FINLAND; FRANCE; GERMANY; GREECE; GREENLAND; HUNGARY; ICELAND; IRELAND; ITALY; LATVIA; LITHUANIA; LUXEMBOURG; MACEDONIA; MALTA; MOLDOVA; NETHERLANDS; NORWAY; POLAND; PORTUGAL; ROMANIA; SLOVAKIA; SLOVENIA; SWEDEN; TURKEY; UKRAINE; UNITED KINGDOM; YUGOSLAVIA,BOUNDARIES - POLITICAL; HIGHWAYS; MUNICIPALITIES; POSTAL GEOGRAPHY; ROADS,1997,,GFK Macon Global Maps,GFK Macon Global Maps,2002,Vector,,,https://geodata.gfk.com/,Germany,,GFK Macon,Citation,None,"1:100,000 and 1:1,000,000",1997 to 2002
098,ArcWorld,,,,,ESRI,,,,,,,,,,,,,,,,,,,,
099,General Bathymetric Chart of the Oceans (GEBCO),"The General Bathymetric Chart of the Oceans (GEBCO) aims to provide the most authoritative, publicly-available bathymetry data sets for the world's oceans.",With accompanying text,https://www.gebco.net/,"Restricted to U of T faculty, staff, and students.",British Oceanographic Data Centre,,1997,OCEANS,BATHYMETRY; OCEANOGRAPHY,1997,,British Oceanographic Data Centre,British Oceanographic Data Centre,,Vector,,,https://www.gebco.net/,"Birkenhead, Merseyside UK",,British Cartographic Data Centre,Citation,None,,1997
100,"Goad's Atlas 1884, 1890, 1899, 1910 (rect. by cart.)",,,,,"Goad, Charles E.",,,,,,,,,,,,,,,,,,,,
101,RADARSAT International Images of Toronto - 9901094008,,Disc 1 of 6,,"Restricted to U of T faculty, staff, and students.",RADARSAT International,,1999,TORONTO,SATELLITE IMAGES,,,,RADARSAT International,,Raster,,,,,,Radarsat International,Citation,None,,1999
102,RADARSAT International Images of Toronto - 9901094009,,Disc 2 of 6,,"Restricted to U of T faculty, staff, and students.",RADARSAT International,,1999,TORONTO,SATELLITE IMAGES,,,,RADARSAT International,,Raster,,,,,,Radarsat International,Citation,None,,1999
103,RADARSAT International Images of Toronto - 9901177002,,Disc 3 of 6,,"Restricted to U of T faculty, staff, and students.",RADARSAT International,,1999,TORONTO,SATELLITE IMAGES,,,,RADARSAT International,,Raster,,,,,,Radarsat International,Citation,None,,1999
104,RADARSAT International Images of Toronto - 9901177003,,Disc 4 of 6,,"Restricted to U of T faculty, staff, and students.",RADARSAT International,,1999,TORONTO,SATELLITE IMAGES,,,,RADARSAT International,,Raster,,,,,,Radarsat International,Citation,None,,1999
105,RADARSAT International Images of Toronto - 9901094007,,Disc 5 of 6,,"Restricted to U of T faculty, staff, and students.",RADARSAT International,,1999,TORONTO,SATELLITE IMAGES,,,,RADARSAT International,,Raster,,,,,,Radarsat International,Citation,None,,1999
106,RADARSAT International Images of Toronto - 9901177001,,Disc 6 of 6,,"Restricted to U of T faculty, staff, and students.",RADARSAT International,,1999,TORONTO,SATELLITE IMAGES,,,,RADARSAT International,,Raster,,,,,,Radarsat International,Citation,None,,1999
107,Noms et Lieux du Quebec,"Historical, geographic, economic and linguistic data for over 6000 place names in Quebec.

",,,"Restricted to U of T faculty, staff, and students.",Gouvernment du Quebec. Commission de Toponymie.,,1997,QUEBEC,ECONOMICS; GAZETTEERS; HISTORICAL,,,,Gouvernement du Quebec et Micro-Intel,,Vector,,1997,,,,,None,None,,1997
108,OMNI Gazetteer of the United States of America,"OMNI Gazetteer is a guide to nearly 1,500,000 populated places, locations and geographic features of the fifty states, Puerto Rico and U.S. Territories.",,,"Restricted to U of T faculty, staff, and students.",OMNI Graphics Inc.,,1992,UNITED STATES (INCLUSIVE),GAZETTEERS; GEOGRAPHICAL NAMES; PLACENAMES; POPULATION,,,,,,Data,,,,,,,Citation,None,,1992
109,Image of the World : An interactive exploration of ten historic world maps,"This CD-ROM disc was developed as part of The Earth and the Heavens: the art of the mapmaker, an exhibition held in the British Library galleries from 7 July to 22 October 1995.",,,Publicly accessible,"Karen Brookfield, The British Library",,2002,WORLD (ENTITY),,,,,,,Raster,,,,,,"Princeton, Films for the Humanities & Sciences",Citation,None,,
110,Satellite Image Gallery,"Most images on this CD-ROM are LANDSAT browse images, used to determine image quality and cloud cover. These images are subsampled at a ratio 16 to 1 and have an effective resolution of 480 meters (approximately 3/10 of a mile per pixel. JPEG image compression may degradesome images to less than the subsampled resolution. Full resolution images are 512X512 sections of Landsat scenes, with a ground resolution of 30 meters. A high quality JPEG image compression routine has been used on these images to minimize image quality degradation.",,,"Restricted to U of T faculty, staff, and students.",Intermountain Digital Mapping,,1997,WORLD (INCLUSIVE),SATELLITE IMAGES,,,,Intermountain Digital Mapping,,Raster,,,,,,Intermountain Digital Mapping,None,None,,1997
111,Geographica,Comprehensive general atlas of the World. Contains general data as well.,,,"Restricted to U of T faculty, staff, and students.",Random House Australia,,1999,WORLD (INCLUSIVE),BATHYMETRY; BOUNDARIES - POLITICAL; CLIMATE; CONTOURS; CULTURAL; DIGITAL ELEVATION MODEL; ECONOMICS; ELEVATION; GAZETTEERS; GEOGRAPHICAL NAMES; HISTORICAL; HYDROGRAPHY; HYDROLOGY; MAPS; OCEANOGRAPHY; PLACENAMES; POLITICAL; POPULATION; STATISTICS; THEMATIC MAPPING; WATER,,,,Random House Australia,,Raster; Vector,,,,,,,Citation,None,,1999
112,New Millenium World Atlas Deluxe,"Interactive world atlas, easy-to-use, offers detailed maps as well as geographic, historic and scientific themes, maps can be customized.",,,"Restricted to U of T faculty, staff, and students.",Rand McNally,,1998,WORLD (INCLUSIVE),BASE MAPS; BOUNDARIES; BOUNDARIES - POLITICAL; CONTOURS; CULTURAL; GAZETTEERS; GEOGRAPHICAL NAMES; HISTORICAL; MAPS; METADATA; PLACENAMES; ROADS; SERVICES; STATISTICS; STREETS; THEMATIC MAPPING; TOPOGRAPHY; VEGETATION; VOLCANOES; WATER,,,,Rand McNally,,Raster,,,,,,Rand McNally,Citation,None,,1998
113,Systeme d'information sur le territoire de la partie agricole du bassin versant de la riviere l'Assomption,,,,"Restricted to U of T faculty, staff, and students.","Ministere de L'Environnement de la Faune du Quebec, Service de la Cartographie Ecologique",,1999,QUEBEC,AGRICULTURE; BOUNDARIES; ENVIRONMENT; MAPS; METADATA; SATELLITE IMAGES; TOPOGRAPHY,1999,,"Ministere de L'Environnement de la Faune du Quebec, Service de la Cartographie Ecologique","Ministere de L'Environnement de la Faune du Quebec, Service de la Cartographie Ecologique",,Raster; Vector,,Janvier 1999,,,,,Citation,None,"1:20,000, 1:250,000",1999
114,Systeme d'information sur le territoire du bassin versant de la riviere Saint Charles,,,,"Restricted to U of T faculty, staff, and students.",Environnement et Faune Quebec,,1997,QUEBEC,ENVIRONMENT; HYDROGRAPHY; SATELLITE IMAGES; SOILS,1997,,Environnement et Faune Quebec,,,Raster; Vector,,,,,,,Citation,None,"1:5,000, 1:20,000, 1:50,000, 1:100,000",1997
115,GEONAME,"The largest source of international feature names available. GEONAME can replace over 200 printed US Government gazetteers - based on the database of the United States Board on Geographic Names. GEONAME is a powerful tool for geo-locating named features, defining correct names in the Romanized form of the local national language, and determining the correct name as cross-referenced from variants",,,"Restricted to U of T faculty, staff, and students.",GDE Systems Inc.,,1995,WORLD (INCLUSIVE),GAZETTEERS; GEOGRAPHICAL NAMES,,,,,,Vector,,,,,,,None,None,,
116,Canadian Monthly Climate Data and 1961-1990 Normals - copy 2,,See also CD # 091,,,Environment Canada,,,,,,,,,,,,,,,,,,,,
117,Winnipeg. Census Enumeration Areas. 1981.,"Assiniboine, Fort Garry, Birds Hill, Winnipeg North.",,,"Restricted to U of T faculty, staff, and students.",Statistics Canada,,,WINNIPEG,CENSUS,,,Statistics Canada,,,Vector,,,,,,Statistics Canada,None,None,,
118,York Region,,,,"Restricted to U of T faculty, staff, and students.",York Region Geomatics Division,,1990,TORONTO; YORK,AIR PHOTOS; AIRPORTS; BOUNDARIES - POLITICAL; EMERGENCY; HOSPITALS; POLICE; RAILROADS; ROADS; TRAILS; WATER,1990,,York Region Geomatics Division,York Region,2000,Vector,NAD83,,,,Lambert Conformal Conic 6 degrees and UTM Zone 17,York Region,Citation,None,,1990 to 2000
119,Soils - Southern Ontario,Contains data only for southern Ontario,,,"Restricted to U of T faculty, staff, and students.",Ontario Ministry of Agriculture and Food (OMAFRA),,2004,ONTARIO,SOILS,,,,OMAFRA,,Vector,,2,,Guelph,,OMAFRA,Citation,None,,2004
120,Hydat - 2001,"Each year, Environment Canada produces a National HYDAT CD-ROM which provides rapid access to a stand alone version of the National Water Data Archive. This large database contains daily, monthly, and/or instantaneous information for streamflow, water level, suspended sediment concentration, sediment particle size, and sediment load data for over 2900 active stations and some 5100 discontinued sites across Canada.Please click here to view the Reference Index which lists all of the water stations and their operating program. Using a new Windows based software interface developed by Environment Canada, users have the power and flexibility to retrieve, view, subset, download, and print selected data from the CD-ROM. We also have a copy of the most recent HYDAT CD-ROM User's Manual online.Please note that amendments to the User's Manual are documented in the HYDAT MANUAL AMENDMENTS.The current version of HYDAT (version 2000-2.01) is available from Environment Canada's Water Survey of Canada offices (click here for a list of contacts). The HYDAT CD contains hydrometric data updated to the end of 2000 for most locations; however, data for all stations processed through the Province of Quebec is only current to the end of 1997. To view samples of HYDAT, choose one of the following: * daily streamflow data * sample discharge hydrograph produced from HYDAT daily flow data * mean monthly water level data * sediment summary data. For those with a high speed Internet connection a CD-ROM image (380MB ISO) of the HYDAT CD is available for download.",,,"Restricted to U of T faculty, staff, and students.",Earthinfo,,2001,CANADA (INCLUSIVE),SEDIMENT,,,,Earthinfo,,Data,,2001,,"Boulder, CO",,Earthinfo,Citation,None,,2001
121,Bathymetry of Lake Michigan,,,,,National Geophysical Data Center (NGDC),,,,,,,,,,,,,,,,,,,,
122,Bathymetry of Lake Erie and Lake Saint Clair,,,,,National Geophysical Data Center (NGDC),,,,,,,,,,,,,,,,,,,,
123,Bathymetry of Lake Ontario,"The new bathymetry of Lake Ontario bathymetry was a collaborative effort between scientists at the NOAA National Geophysical Data Center (NGDC), the NOAA Great Lakes Environmental Research Laboratory (GLERL), the Canadian Hydrographic Service, and the University of Colorado Cooperative Institute for Research in Environmental Sciences (CIRES).DEM file for download is a composite of all files on DVD.",Call number: G3312 .O5 C2 275 1999,,"Restricted to U of T faculty, staff, and students.",National Geophysical Data Center (NGDC),,,GREAT LAKES; ONTARIO; UNITED STATES (INCLUSIVE),BATHYMETRY,,,National Geophysical Data Center (NGDC),NOAA,,DEM,WGS84,G2,,,Geographic,NOAA Satellites and Information,None,None,,
124,Global GIS Database: Europe,"This CD-ROM contains a digital atlas of the countries of Europe. This atlas is part of a global database compiled from USGS and other data sources at a nominal scale of 1:1,000,000 and is intended as a regional-scale reference and analytical tool by educators, government officials, researchers, industry, and the general public",,,"Restricted to U of T faculty, staff, and students.",United States Geological Survey (USGS),,,EUROPE,AGRICULTURE; AIRPORTS; BOUNDARIES; BOUNDARIES - POLITICAL; CLIMATE; CONTOURS; DIGITAL ELEVATION MODEL; ELEVATION; ENVIRONMENT; FORESTRY; GAS; GEOLOGY; HYDROLOGY; LAND USE; OIL; PHYSIOGRAPHY; POPULATION; RAILROADS; ROADS; SATELLITE IMAGES; SEISMICITY; TOPOGRAPHY; UTILITIES; VEGETATION; VOLCANOES; WATER; WETLANDS,,,United States Geological Survey (USGS),USGS,,SHAPEFILE,,Digital Data Series DDS-62G,http://www.agiweb.org/pubs/pubdetail.html?item=624107,,,USGS,Citation,None,1:1000000,
125,Global GIS North America,"This CD-ROM contains a digital atlas of the countries of North America. This atlas is part of a global database compiled from USGS and other data sources at a nominal scale of 1:1,000,000 and is intended as a regional-scale reference and analytical tool by educators, government officials, researchers, industry, and the general public.",,,"Restricted to U of T faculty, staff, and students.",United States Geological Survey (USGS),,,NORTH AMERICA (ENTITY),AIRPORTS; BOUNDARIES; BOUNDARIES - POLITICAL; CLIMATE; CONTOURS; DIGITAL ELEVATION MODEL; ELEVATION; ENVIRONMENT; FORESTRY; GAS; GEOLOGY; HYDROLOGY; LAND USE; OIL; PHYSIOGRAPHY; POPULATION; RAILROADS; ROADS; SATELLITE IMAGES; SEISMICITY; TOPOGRAPHY; UTILITIES; VEGETATION; VOLCANOES; WATER,,,United States Geological Survey (USGS),USGS,,SHAPEFILE,,Digital Data Series DDS-62F,http://www.agiweb.org/pubs/pubdetail.html?item=624106,,,USGS,Citation,None,1:1000000,
126,Global GIS Database: North Eurasia,"This CD-ROM contains a digital atlas of the countries of North Eurasia. This atlas is part of a global database compiled from USGS and other data sources at a nominal scale of 1:1,000,000 and is intended as a regional-scale reference and analytical tool by educators, government officials, researchers, industry, and the general public.",,,"Restricted to U of T faculty, staff, and students.",United States Geological Survey (USGS),,,ASIA; EUROPE; NORTH EURASIA,AGRICULTURE; BOUNDARIES; BOUNDARIES - POLITICAL; CONTOURS; DIGITAL ELEVATION MODEL; DRAINAGE; ELEVATION; ENVIRONMENT; GAS; GEOLOGY; HYDROLOGY; LAND USE; PHYSIOGRAPHY; POPULATION; RAILROADS; SATELLITE IMAGES; SEISMICITY; TOPOGRAPHY; UTILITIES; VEGETATION; VOLCANOES,,,United States Geological Survey (USGS),,,SHAPEFILE,,Digital Data Series DDS-62E,http://www.agiweb.org/pubs/pubdetail.html?item=624105,,,USGS,Citation,None,1:1000000,
127,Softmap Quebec topo20,,,,"Restricted to U of T faculty, staff, and students.",Softmap and Province du Québec,,2002,QUEBEC,TOPOGRAPHY,,,,Softmap,,Vector,,,,,,Softmap &amp; Province du Québec,None,None,,2002
128,Multimedia Cartography,"The development of interactive multimedia products on CD ROM and the Internet, via the WWW, has generated interest in the field of multimedia cartography. There has been an upsurge of interest in developing methodologies that best exploit both the technology and communication effectiveness of multimedia mapping. This book is addressed to professional cartographers interested in moving into multimedia mapping, for cartographers already involved in this field who wish to discover the approaches that other practitioners in multimedia cartography have already taken and for students and academics in the mapping sciences and related geographic fields wishing to update their knowledge of cartographic design and production. System requirement are: standard PC 486; any 486 DX-based computer at 66 mhz or faster; any Pentium-based computer; 16MB RAM; Windpws 95; sound card. Download sites for all necessary plug-ins are given in the book.",,,"Restricted to U of T faculty, staff, and students.","Cartwright, W; M. Peterson, G. Gartner",,1999,,MULTIMEDIA CARTOGRAPHY,,,,Springer-Verlag,,Vector,,,,Berlin/Heidelberg,,,None,None,,1999
129,Nicaragua An Historical Atlas,The CD-ROM contains 2 interactive versions.,,,"Restricted to U of T faculty, staff, and students.",Coleccion Cultural de Centro America,,2003,NICARAGUA,CULTURAL; GEOGRAPHICAL NAMES; HISTORICAL; HYDROLOGY; LAND USE; MAPS; METADATA; PLACENAMES; POLITICAL; ROADS; THEMATIC MAPPING; VEGETATION; WATER,,,,Coleccion Cultural de Centro America,,Vector,,2003,,,,,Citation,None,,2003
130,Inside ArcView GIS 8.3,"Inside ArcView GIS 8.3 functions as a detailed description of the software's functionality plus a comprehensive, self-paced tutorial. An essential how-to manual for the novice and indispensable desk-side reference for the experienced user, this edition begins by establishing the conceptual foundation necessary to use all GIS applications efficiently and effectively. Following a whirlwind tour of functionality and an orientation to the ArcView GIS 8.3 user interface, readers proceed directly to hands-on exercises that build in complexity yet employ the same real-world GIS data set (included with the book and readily available for download over the Internet). Initial chapters focus attention on mastering the basics of using ArcView GIS 8.3 out-of-the-box for querying, thematic classification, and map composition. With these skills, subsequent chapters lead readers to more advanced expertise, such as: editing data, extending data using relational databases, performing spatial analysis",,,"Restricted to U of T faculty, staff, and students.","Hutchinson, Scott",,1999,,GEOGRAPHIC INFORMATION SYSTEMS; METADATA,,,,Environmental Systems Research,,Raster; Vector,,,,,,,Citation,None,,1999 to 2003
131,Comunidad Valenciana,,,https://librarysearch.library.utoronto.ca/permalink/01UTORONTO_INST/14bjeso/alma991106332416206196,,Ariel,,,,,,,,,,,,,,,,,,,,
132,Inside MapInfo Professional,"Fully updated to the software's latest features and functions, Inside MapInfo Professional, 3E continues to set the standard for desktop mapping tutorials. Early in the book, the authors cover the essential MapInfo Professional functions through development of a single application from start to finish. Following this orientation, subsequent chapters enable readers to hone in on specific MapInfo Professional components and procedures.Step-by-step examples, case studies, notes, and tips are also located strategically throughout Inside MapInfo Professional, 3E to assist readers in their quest to make optimal use of one of today's most popular desktop mapping applications. As such, the book is not a rehash of the documentation manual. Rather, it contains the knowledge gained from time spent on the front lines of public and private sector organizations assisting individual departments, corporations, and government agencies. The accompanying CD [132] is shelved in Map Library workroom.",,,"Restricted to U of T faculty, staff, and students.","Daniel, L, P. Loree, A. Whitener",,2002,,GEOGRAPHIC INFORMATION SYSTEMS; METADATA,,,,,,Raster; Vector,,3rd edition,,,,Delmar Thomson Learning,Citation,None,,2002
133-1,"Toronto Property Data Maps (PDMs) - South, West, Index","Requests must be made to map library staff at above email address and a licence agreement signed. Combines topography and parcel mapping. The series provides a base for thematic mapping services and other published hardcopy products.Depicts the following features: building envelopes, building outlines, railway lines, major watercourses, municipal addresses, curbs, park names, street names, property lines, right of way, boundaries, etc.",Disc 2 of 2,,"Restricted to U of T faculty, staff, and students.","Work & Emergency Services, City of Toronto",,2002,TORONTO,ADDRESSES; BUILDINGS - FOOTPRINTS; LAND USE; PARCELS; PARKS; PROPERTY BOUNDARIES; STREETS; TRAIN; TRANSPORTATION,,,,"City of Toronto, Works & Emergency Services",,Vector,,,,Toronto,,City of Toronto,Citation,Signed,,2002
133-2,"Toronto Property Data Maps (PDMs) - East, North, Index","Requests must be made to map library staff at above email address and a licence agreement signed. Combines topography and parcel mapping. The series provides a base for thematic mapping services and other published hardcopy products.Depicts the following features: building envelopes, building outlines, railway lines, major watercourses, municipal addresses, curbs, park names, street names, property lines, right of way, boundaries, etc.",Disc 1 of 2,,"Restricted to U of T faculty, staff, and students.","Work & Emergency Services, City of Toronto",,2002,TORONTO,ADDRESSES; BUILDINGS - FOOTPRINTS; LAND USE; PARCELS; PARKS; PROPERTY BOUNDARIES; STREETS; TRAIN; TRANSPORTATION,,,,"City of Toronto, Works & Emergency Services",,Vector,,,,Toronto,,City of Toronto,Citation,Signed,,2002
134,Magyarorszag Hungary,,,https://librarysearch.library.utoronto.ca/permalink/01UTORONTO_INST/14bjeso/alma991106686672606196 ,,Cartographia Kft,,,,,,,,,,,,,,,,,,,,
135,"Osterreich 1:150,000 [Great Road Atlas]",,,,"Restricted to U of T faculty, staff, and students.",Freytag & Berndt,,2001,AUSTRIA; EUROPE,BOUNDARIES; BOUNDARIES - POLITICAL; CONTOURS; ELEVATION; GAZETTEERS; HIGHWAYS; METADATA; PARKS; PLACENAMES; STREETS; TOURISM; TRAIN,,,,,,Raster,,,,"Wien, Austria",,Freytag & Berndt,Written,None,,2001
136,Klimaatlas Bundesrepublik Deutschland,,,,"Restricted to U of T faculty, staff, and students.",Deutscher Wetterdienst,,2003,GERMANY,CLIMATE; MAPS; METADATA; THEMATIC MAPPING,,,,,,Vector,,2003,,,,Deutscher Wetterdienst,None,None,,2003
137,Arc Hydro GIS for Water Resources,,,,,ESRI Press,,,,,,,,,,,,,,,,,,,,
138,Hydrologischer Atlas von Deutschland,"The Hydrological Atlas of Germany (HAD) is based on nation-wide comparable data for the whole of Germany using up to date hydrological models and regionalisation methods. It contains the chapters: hydrometeorology, surface waters, soil water, groundwater, water budget and hydrology - ecology- man. The Atlas is a modern and open information system, combining up to date methods, scientific transparency and new information technologies. There are also a paper edition and a CD-ROM.",,,"Restricted to U of T faculty, staff, and students.",Federal Institute for Hydrology,,2001,GERMANY,DRAINAGE; HYDROGRAPHY; HYDROLOGY; METADATA; THEMATIC MAPPING; WATER; WETLANDS,,,,,,Vector,,2001,,,,,Citation,None,,2001
139,Interaktivni Atlas Slovenije,"The INTERAKTIVNI ATLAS SLOVENIJE compact disk was published in two versions:Personal Version contains the following menus: Maps, Index of Names, Heritage, Tools, Features, Help, About the Project Professional Version contains the following menus in addition to those in the Personal Version: Addresses (municipalities, settlements, streets, houses) and Satellite (GPS) Navigation.",,,"Restricted to U of T faculty, staff, and students.",Unknown,,2000,SLOVENIA,BOUNDARIES; CULTURAL; MAPS; METADATA; MUNICIPALITIES; NAVIGATION; PROPERTY BOUNDARIES; SATELLITE IMAGES; STREETS; THEMATIC MAPPING,,,,,,Raster; Vector,,,,,,Praeger Publisher,Citation,None,,2000
140,Undersea with GIS,"In the same way GIS has helped make analysis and mapping of the earth's surface more accessible and powerful, GIS technology allows experts to see that large portion of the planet that is underwater. This collection of works from experts in marine biology, oceanography, aquatic resource management, and other fields charts the ways in which GIS is beginning to help improve understanding of the oceans.",,,"Restricted to U of T faculty, staff, and students.",ESRI Press,,2001,OCEANS,BATHYMETRY; GEOGRAPHIC INFORMATION SYSTEMS; MAPS; METADATA; NAVIGATION; OCEANOGRAPHY; THEMATIC MAPPING; WATER,,,,ESRI Press,,Raster; Vector,,,,,,,Citation,None,,2001
141,Atlante Storico Multimediale di Bologna 1. Dagli Etruschi al Duecento,,,https://librarysearch.library.utoronto.ca/permalink/01UTORONTO_INST/14bjeso/alma991106332416706196,,"Bocchi, Francesca",,,,,,,,,,,,,,,,,,,,
142,Introducing Arcview GIS,[Note: Arcview GIS is now obsolete.],Contains data for tutorials,https://librarysearch.library.utoronto.ca/permalink/01UTORONTO_INST/14bjeso/alma991105943577906196,,ESRI,,,,,,,,,,,,,,,,,,,,
143,Forest Management Units,"A Forest Management Unit (FMU) is a designated administrative area that depicts a forest management boundary. The area within these boundaries are used for forest resource planning and management purposes of the Crown Forest Sustainability Act. An FMU is primarily identified by an assigned official name and a unique numeric code. The Forest Management Branch - Forest Management Planning Section of the Ontario Ministry of Natural Resources, approves FMU boundaries, codes and official names.",,,"Restricted to U of T faculty, staff, and students.",Ontario Ministry of Natural Resources - OMNR,,2000,ONTARIO,FORESTRY,,,,,,Vector,,,,,,Ontario Ministry of Natural Resources - OMNR,Citation,None,,2000
144,ArcAtlas: Our Earth,"ArcAtlas: Our Earth contains global geographic and attribute data at three scales (1:10,000,000 for Europe, 1:20,000,000 for North and South America, Africa and Antarctica 1:25,000,000 for Asia and Australia). The data set was produced by Environmental Systems Research Institute (ESRI) and can be used with the ArcView and ArcInfo software packages.",,,"Restricted to U of T faculty, staff, and students.",ESRI,,1996,AFRICA; ANTARCTIC; ARCTIC; ASIA; AUSTRALIA; NORTH AMERICA (ENTITY); SOUTH AMERICA,GEOGRAPHIC INFORMATION SYSTEMS,,,,,,Vector,,,,,,,Citation,None,,1996
146,Iran. Native Topographic Maps.,"23 topographic maps of Iran at 1:250,000 scale.",,,"Restricted to U of T faculty, staff, and students.",OMNI Resources,,2000,IRAN,BOUNDARIES; CONTOURS; GEOGRAPHICAL NAMES; TOPOGRAPHY,2000,,,Omnimap.com,,Raster,,,,,,OMNI Resources,Citation,None,"1:250,000",
147,Chicago Map,,,https://librarysearch.library.utoronto.ca/permalink/01UTORONTO_INST/14bjeso/alma991106751614106196,,Rand McNally,,,,,,,,,,,,,,,,,,,,
148,Edmonton. Census Enumeration Areas. 1981.,"covers Edmonton North, South and East as well as Strathcona.",,,"Restricted to U of T faculty, staff, and students.",Statistics Canada,,,EDMONTON,CENSUS,,,Statistics Canada,,,Vector,,,,,,Statistics Canada,None,None,,
149,1880 York County Maps,,"3 maps: North, SE, SWD (and 3 rectified maps)",,,Unknown,,,,,,,,,,,,,,,,,,,,
150,Atlas de la Poblacion Espanola,,,https://librarysearch.library.utoronto.ca/permalink/01UTORONTO_INST/14bjeso/alma991106197757306196,,"Resques Velasco, Pedro E.",,,,,,,,,,,,,,,,,,,,
151,ArcView GIS Exercise Book [Companion CD],,,https://librarysearch.library.utoronto.ca/permalink/01UTORONTO_INST/14bjeso/alma991106757883406196,,"Hohl, Pat",,,,,,,,,,,,,,,,,,,,
152,Toronto Aerial Photo 1965,An aerial photo of the entire Metropolitan Toronto. 1965.,,,"Restricted to U of T faculty, staff, and students.",Unknown,,1965,TORONTO,AIR PHOTOS; AIR PHOTOS - BLACK AND WHITE,1965,,Unknown,,,Raster,,,,,,Unknown,None,None,1 inch = 2640 ft.,1965
153,"Getting to Know ArcGIS desktop : basics of ArcView, ArcEditor and ArcInfo","Getting to Know ArcGIS Desktop is a workbook and CD for learning ArcGIS, the newest GIS technology from ESRI. The three GIS products that comprise ArcGIS -- ArcView, ArcEditor, and ArcInfo -- are built on a common interface and core capability, with each product offering a different level of functionality. Users of Getting to Know ArcGIS Desktop gain a thorough understanding of ArcView, which they can put to work immediately or use as a firm foundation for learning ArcEditor and ArcInfo. Getting to Know ArcGIS Desktop employs the teaching approach used so effectively in the best-selling Getting to Know ArcView GIS from ESRI Press. Richly detailed illustrations and step-by-step exercises teach basic GIS tasks -- from mapmaking, to spatial analysis, to database creation. Readers learn to use the software that forms the building blocks of ArcGIS: ArcMap, for displaying and querying maps; ArcCatalog, for managing geographic data; and ArcToolbox, for setting map projections and converting data. Also included in the book are explorations of the newest ESRI data format, the geodatabase, which stores spatial and attribute information in a relational database.Included with the book is a fully functioning 180-day trial version of ArcView 8 software on CD-ROM, as well as a CD of data for working through the book's exercises. PLEASE NOTE: The ArcGIS Demo Edition software on the CD in this edition requires the Microsoft Windows 2000, XP, or NT(Service Pack 6a) operating system. Hardware requirements: a minimum 450 MHz processing speed; 128 MB RAM; 800 MB hard disk space, including 50 MB on the operating system drive; an additional 215 MB hard disk space is required for the exercise data; exercise data.",,,"Restricted to U of T faculty, staff, and students.","Ornsby, Tim",,2001,,GEOGRAPHIC INFORMATION SYSTEMS,,,,,,Vector,,,,,,ESRI Press,None,None,,
154,Catalogue of Selected Regional Gravity and Magnetic Maps of Northern Alberta. Special Reprort 56.,,,,"Restricted to U of T faculty, staff, and students.",Alberta Energy and Utilities Board. Alberta Geological Survey.,,2003,ALBERTA,GRAVITY,2003,,Alberta Energy and Utilities Board. Alberta Geological Survey.,,,Vector,,,,,,,None,None,,2003
155,"Sand and Gravel Deposits with Aggregate Potential, Bitumount, Alberta NTS 74E Map 270",,,,"Restricted to U of T faculty, staff, and students.",Alberta Energy and Utilities Board. Alberta Geological Survey,,1916,ALBERTA,AGGREGATE RESOURCES,,,,,,Vector,,,,,,,Citation,None,,1916
156,Surficial Geology of the Peerless Lake Area (NTS 84B),"Maps 265, 266, 267, 268 133 megabytes",,,"Restricted to U of T faculty, staff, and students.",Alberta Energy and Utilities Board. Alberta Geological Survey.,,1997,ALBERTA,GEOLOGY,1997,,Alberta Energy and Utilities Board. Alberta Geological Survey.,,2001,Vector,,,http://ags.aer.ca/,,,,Citation,None,"1:100,000",1997 to 2001
157,"Orthorectified and Principal Component RADARSAT-1 Image Dataset for NTS 73M, Alberta","Image data contained on the two CDs are not fully calibrated. Radiometric and/or spatial accuracy is not guaranteed. The image dataset is in ER Mapper raster format. An ER Mapper raster dataset comprises two files: the dataset header file and the data file. The dataset header file is an ASCII file describing the raster data in the data file. It includes information on data type, coordinate system, cell size, bands, extent and other information. It may be viewed by a text editor, such as Wordpad or Notepad. The data file contains the data itself. The raster data are stored in a binary, Band-Interleaved-by-Line (BIL) format with a pixel data type defined in the accompanying header file. The image is in unsigned 8-bit integer format and projected to UTM zone 12 with a datum of NAD83. The pixel size is 12.5 m. There are two image datasets, one on each CD. The first CD contains the orthorectified NTS 73M image dataset, which includes four bands, or channels, to accommodate Standard Beam Mode 1 (S1) ascending/descending images and Standard Beam Mode 7 (S7) ascending/descending images. The second CD contains the orthorectified principal component (PC) NTS 73M image dataset, which includes four bands to accommodate the PC1, PC2, PC3 and PC4 images.",Disc 1 of 2,,"Restricted to U of T faculty, staff, and students.",Alberta Energy & Utilities Board. Alberta Geological Survey.,,2003,ALBERTA,AIR PHOTOS - COLOUR - ORTHORECTIFIED; METADATA; SATELLITE IMAGES,2003,,Alberta Energy & Utilities Board. Alberta Geological Survey.,,,Raster,NAD83,2003,,,UTM Zone 12N,,Citation,None,,2003
158,"Orthorectified and Principal Component RADARSAT-1 Image Dataset for NTS 73M, Alberta","Image data contained on the two CDs are not fully calibrated. Radiometric and/or spatial accuracy is not guaranteed. The image dataset is in ER Mapper raster format. An ER Mapper raster dataset comprises two files: the dataset header file and the data file. The dataset header file is an ASCII file describing the raster data in the data file. It includes information on data type, coordinate system, cell size, bands, extent and other information. It may be viewed by a text editor, such as Wordpad or Notepad. The data file contains the data itself. The raster data are stored in a binary, Band-Interleaved-by-Line (BIL) format with a pixel data type defined in the accompanying header file. The image is in unsigned 8-bit integer format and projected to UTM zone 12 with a datum of NAD83. The pixel size is 12.5 m. There are two image datasets, one on each CD. The first CD contains the orthorectified NTS 73M image dataset, which includes four bands, or channels, to accommodate Standard Beam Mode 1 (S1) ascending/descending images and Standard Beam Mode 7 (S7) ascending/descending images. The second CD contains the orthorectified principal component (PC) NTS 73M image dataset, which includes four bands to accommodate the PC1, PC2, PC3 and PC4 images.",Disc 2 of 2,,"Restricted to U of T faculty, staff, and students.",Alberta Energy & Utilities Board. Alberta Geological Survey.,,2003,ALBERTA,AIR PHOTOS - COLOUR - ORTHORECTIFIED; METADATA; SATELLITE IMAGES,2003,,Alberta Energy & Utilities Board. Alberta Geological Survey.,,,Raster,NAD83,2003,,,UTM Zone 12N,,Citation,None,,2003
159,Structural Interpretation of RADARSAT 1 Buffalo Head Hills Area,"Principal Components Imagery and its Potential Application to Kimberlite Exploration in the Buffalo Head Hills Area, North Central Alberta. Special Report 21.",,,"Restricted to U of T faculty, staff, and students.",Alberta Energy and Utilities Board. Alberta Geological Survey.,,,ALBERTA,AIR PHOTOS; METADATA; SATELLITE IMAGES,,,,,,Raster; Vector,,,,,,,Citation,None,,
160,Digital Aeromagnetic Datasets for the Conterminous United States and Hawaii,"About This DVD: After pioneering the first airborne magnetic survey in 1945, the U.S. Geological Survey (USGS) has collected piecemeal aeromagnetic data for most of the U.S., including offshore areas on both coasts. The U.S. Geological Survey's digital and analog archives comprise more than 1,000 surveys, covering approximately 8,000,000 line-km of data, flown at various flight heights and line spacings. The purpose of this report is to compile and standardize original aeromagnetic survey data (approximately 5,800,00 line-km) and make them available to the public.This DVD contains currently available digital magnetic files for the conterminous U.S. and Hawaii from the USGS archives. Updates and corrections to files included here can be found on the online release of the datasets (http://pubs.usgs.gov/of/2002/ofr-02-361)This CD is a companion to the North American Magnetic Anomaly Map.",,,"Restricted to U of T faculty, staff, and students.",United States Department of the Interior. U.S. Geological Survey,,2003,UNITED STATES (INCLUSIVE),AEROMAGNETICS; METADATA,2003,,United States Department of the Interior. U.S. Geological Survey,,,Vector,,Open-File Report 02-361,https://pubs.usgs.gov/of/2002/ofr-02-361/,,,,Citation,None,,2003
161,Southern Gawler Craton,"This dataset covers Eyre Peninsula and a small part of Yorke Peninsula. * Coordinate projection MGA Zone 53 (GDA94). * Dataset size 180 Mb * Available formats: ArcView, MapInfo on CD-ROM. Users must provide their own software. Reference: Mineral Exploration Data Packages, 7. Compiled by Geological Survey of South Australia",,,"Restricted to U of T faculty, staff, and students.",Government of South Australia. Geological Survey.,,2002,AUSTRALIA,GEOLOGY; METADATA,2002,,Government of South Australia. Geological Survey.,South Australian Government,,Vector,GDA94,,,,MGA Zone 53,Geological Survey of South Australia,Citation,None,,2002 Feb
162,Western Gawler Craton,"The Western Gawler Craton dataset covers prospective areas underlain by basement rocks of the Gawler Craton in the western part of South Australia.* Coordinate projection MGA Zone 53 (GDA94).* Dataset size 330 Mb* Available formats: ArcView, MapInfo on CD-ROM. ",,,"Restricted to U of T faculty, staff, and students.",South Australian Government. Geological Survey.,,2002,AUSTRALIA,GEOLOGY,2002,,South Australian Government. Geological Survey.,South Australian Government,,Vector,GDA94,,,,MGA Zone 53,South Australian Government,Citation,None,,2002 Feb
163,Curnamona Province Geoscientific GIS Dataset,"Curnamona Province MGA GIS DVD: Version 2 of the Curnamona Province dataset was produced as a co-operative venture between Primary Industries and Resources South Australia (PIRSA), GA (Geoscience Australia) and DMR (New South Wales Department of Mineral Resources). It contains data from South Australia and New South Wales.For a generalised map of Dataset Locations, click here. * Coordinate projection MGA Zone 54 (GDA94). * Dataset size 2.4 Gb * Available formats: ESRI shapefile (ArcGIS, ArcView), MapInfo on DVD-ROM. Users must provide their own software. * DVD-ROM Dataset Price AUD$20. To purchase online, please link to SARIG and go to the Products section.",,,"Restricted to U of T faculty, staff, and students.",South Australian Government. Geological Survey.,,2000,AUSTRALIA,GEOGRAPHIC INFORMATION SYSTEMS; GEOLOGY; METADATA,2000,,South Australian Government. Geological Survey.,,2002,Vector,,37315,,,,,Written,None,,2000 to 2002
164,Olary Region Geoscientific GIS,"Olary Region Geoscientific GIS

This dataset has been superseded by the South Australia MGA GIS DVD data package and is no longer updated. The Olary Region dataset contains detailed digital lithological geology compiled at 1:25,000 scale. The dataset is over a highly prospective area of Palaeo- and Mesoproterozoic metasediments and metavolcanics.Reference: Mineral Exploration Data Packages, 6.Compiled by Geological Survey of South AustraliaFor a generalised map of Dataset Locations, click here. * Coordinate projection MGA Zone 54 (GDA94). * Dataset size 260 Mb * Available formats: ArcView, MapInfo on CD-ROM. Users must provide their own software",,,"Restricted to U of T faculty, staff, and students.",Government of South Australia. Geological Survey.,,2000,AUSTRALIA,GEOGRAPHIC INFORMATION SYSTEMS; GEOLOGY,2000,,Government of South Australia. Geological Survey.,South Australian Government,2002,Vector,,37315,,,,,None,None,,2000 to 2002
165,Kanmantoo Province GIS,"The Kanmantoo Province dataset covers the area containing Cambrian Kanmantoo Group rocks in southeastern South Australia including the southern part of the Murray Basin. Reference: Mineral Exploration Data Packages, 3.Compiled by Geological Survey of South Australia/ For a generalised map of Dataset Locations, click here. * Coordinate projection MGA Zone 54 (GDA94). * Dataset size 400 Mb * Available formats: ArcView, MapInfo on CD-ROM. Users must provide their own software.",,,"Restricted to U of T faculty, staff, and students.",Geological Survey of South Australia. Geological Survey,,2000,AUSTRALIA,GEOLOGY; METADATA,2000,,Geological Survey of South Australia. Geological Survey,,2002,Vector,,37315,,,,,Written,None,,2000 to 2002
166,South Australia State MGA GIS Dataset,"South Australia MGA Geoscientific GIS DVD The South Australia MGA GIS DVD is a consolidation of the spatial data previously available in the State and Provincial CD data packages, presented as MGA Zones 52, 53 and 54 projections.",,,"Restricted to U of T faculty, staff, and students.",Geological Survey of South Australia,,2003,AUSTRALIA,GEOLOGY; METADATA,2003,,Geological Survey of South Australia,Government of South Australia,,Raster,,,,,MGA,,Written,None,,2003 Dec
167,Geological Map of the NT,"This map supplants the outdated 1:2.5 million map, published in 1976 and based on BMR first-generation 1:250k maps. A feature of the new map is the division of the Proterozoic into ten regionally identifiable and generally unconformable-bounded packages (P1-P10). Except for P10, which relates to Neoproterozoic, other packages do not correspond to the chrono-stratigraphic subdivisions recommended by the Subcommission on Precambrian Stratigraphy and these subdivisions are not used on the map. A convenient chronometric scale is used to define the boundaries of these packages. The Phanerozoic is subdivided according to the conventional geological time scale",,,"Restricted to U of T faculty, staff, and students.","Dept. of Business, Industry & Resource Development",,2002,AUSTRALIA,GEOLOGY; METADATA,2002,,"Dept. of Business, Industry & Resource Development",Northern Territory Geological Survey,,Vector,,,,Darwin Australia,,,Citation,None,"1:250,000",2002
168,Northern Territory Geochemical Datasets,"Industry Reports Management System Databases-Mineral & PetroleumGeochemical Datasets

Survey results are used to outline regionalgeochemical trends, assist mineral potential evaluation and aid regional metallogenic studies and geologic interpretations.",,,"Restricted to U of T faculty, staff, and students.",Northern Territory Geological Survey,,2003,AUSTRALIA,GEOLOGY; INDUSTRY; OIL,2003,,Northern Territory Geological Survey,Northern Territory Geological Survey,,Vector,,Open File Reports to September 2003,,"Darwin, Australia",,,Written,None,,2003
169,Quaternary Geology of Ontario Dataset 14,"The Quaternary Geology Data Set is a seamless digital representation of the Surficial Geology for the province of Ontario. Digitized from the 1: 1 000 000 geologic map of Quaternary data and compiled from engineering terrain and surficial geology maps, this digital version illustrates the distribution of various sediments and landform deposits such as; glacial tills, drumlins, moraines, eskers, sand dunes and glacial escarpments.",,,"Restricted to U of T faculty, staff, and students.",Ontario Geological Survey,,1997,ONTARIO,GEOLOGY,,,,Ontario Geological Survey,,Vector,,,,,,,Citation,None,,1997
170,Unpublished Geological Parish Plan Series,,,,"Restricted to U of T faculty, staff, and students.",Geological Survey of Victoria. Natural Resources and Environment.,,2001,AUSTRALIA,GEOLOGY,,,,Crown State of Victoria,,Raster,,,,,,,None,None,,2001
171,Miscellaneous Geological Maps & Goldfields Maps,,,,"Restricted to U of T faculty, staff, and students.",Geological Survey of Victoria. Natural Resources & Environment.,,2001,AUSTRALIA,GEOLOGY; METADATA,,,,,,Vector,,,,,,,Citation,None,,2001
172,Magnetic Map of the NT,"Geophysical maps of the Northern Territory: NTGS produces four Territory-wide geophysical products: * Magnetic map of the Northern Territory (2004) * Radiometric map of the Northern Territory (2004) * Elevation map of the Northern Territory (2004) * Gravity map of the Northern Territory (2004).These maps represent the culmination of several decades of work since the Bureau of Mineral Resources [BMR, now Geoscience Australia (GA)] first acquired reconnaissance airborne magnetic and radiometric data in the Northern Territory at Rum Jungle in 1952. Dates of first release: Magnetic Map - 2000; Elevation Map - 2002; Radiometric Map - 2003; Gravity Map - 2004.Ninety-one percent of the area of the NT is covered by data from 53 separate NTGS and Geoscience Australia semi-detailed airborne surveys flown since 1974. These data were acquired along flight lines spaced 150-500 m apart. The remaining portion of the NT is made up of reconnaissance BMR surveys, which typically employed flight line spacings of around 1.5-3.2 km.The Magnetic and Radiometric maps make use of data from all 53 surveys, whereas the Elevation Map only includes, where available, GPS-derived height data from surveys flown since 1993. Backdrop to the Elevation Map is provided by the GEODATA 9 Second DEM, resampled to 100 m. The Gravity Map incorporates data primarily from the 11 km grid of stations collected by BMR in the 1960s and 1970s, augmented by many detailed private sector surveys (interpolated to 200 m), two 4 km datasets collected jointly by NTGS and GA in the Tanami and Tennant regions, and more recently (2003) a 2 km airborne dataset.All four maps are updated as new semi-regional surveys are acquired by NTGS and added to the public domain database. They are currently available in several forms: * Hardcopy at 1:2.5M scale. Total Magnetic Intensity, Elevation and Gravity data are rendered in pseudocolour with the intensity stretched and synthetically sun-illuminated. The three elements of Radiometric data, potassium-thorium-uranium, are assigned to red-green-blue, respectively, whereas the intensity is the total count, high-pass filtered. * Digitally, as an ER Mapper .ERS (approximately 700 Mb uncompressed) and MapInfo .TAB, on CD-ROM from the Minerals and Energy Information Centre. Grid-merging of individual datasets has been undertaken using a mesh size of 100 m. * Digitally, as an ER Mapper compressed .ECW (geolocated image) on Image Web Server.Download the: * MapInfo Tab Dataset (2.71MB) * 1:2.5M Elevation Map of the NT, (March 2004) (pdf, 6.13MB) * 1:2.5M Geological Map of the NT, (March 2004) (pdf, 5.13MB) * 1:2.5M Gravity Map of the NT, (March 2004) (pdf, 8.16MB) * 1:2.5M Magnetic Map of the NT, (March 2004) (pdf, 6.49MB) * 1:2.5M Radiometric Map of the NT, (March 2004) (pdf, 19.7MB)Other publications",,,"Restricted to U of T faculty, staff, and students.","Dept. of Business, Industry & Resource Development, Northern Territry Geological Survey",,2003,AUSTRALIA,MAGNETISM; MAPS; METADATA,2003,,"Dept. of Business, Industry & Resource Development, Northern Territry Geological Survey",Northern Territory Governement,,Raster; Vector,,,,,,"Darwin, Australia",Citation,None,"1:2,500,000",2003
173,Published Geological Parish Plan Series,,,,"Restricted to U of T faculty, staff, and students.",Natural Resources & Environment,,2001,AUSTRALIA,GEOLOGY,,,,Crown (State of Victoria),,Vector,,,,,,,Citation,None,,2001
174,Synthese lithotectonique et Metallogenique de l'Orogene du Nouveau-Quebec (Fosse du Labrador),Carte synthese et catalogue des gites mineraux,,,"Restricted to U of T faculty, staff, and students.","Clark, Thomas & Robert Wares",,2004,QUEBEC,,,,,Gouvernement du Quebec,,Vector,,DP-2004-02,,,,Ressources Naturelles Faune et Parcs,Citation,None,,2004
175,Lithotectonic & Metallogenic Synthesis of the New Quebec Orogen (Labrador Trough),Synthesis Map and Catalogue of Mineral Deposits,,,"Restricted to U of T faculty, staff, and students.","Clark, Thomas, R. Wares",,2004,QUEBEC,GEOLOGY; MAPS; METADATA,,,,Gouvernment du Quebec,,Vector,,DP-2004-03,,,,,Citation,None,,2004
176,CanMap Streetfiles Mississauga,Clipped from CanMap Streetfiles Ontario 6.1 by University of Toronto at Mississauga Library staff. See also Canmap RouteLogistics Mississauga 7.2,,,"Restricted to U of T faculty, staff, and students.",DMTI Spatial Inc.,,2002,MISSISSAUGA,BUILDINGS - FOOTPRINTS; HIGHWAYS; HIGHWAYS - EXITS; ROADS; STREETS,,,,DMTI Spatial Inc.,,Vector,,6.1,,Markham,,DMTI Spatial Inc.,Citation,None,,2002
177,Till Geochemistry of the Western Avalon Peninsula & Isthmus,This CD contains regional surficial & till geochemistry mapping of eastern Newfoundland.,,,Publicly accessible,"Batterson, M.J &amp; D.M. Taylor",,2003,NEWFOUNDLAND AND LABRADOR,GEOLOGY; MAPS,2003,,"Batterson, M.J &amp; D.M. Taylor",Geological Survey Newfoundland &amp; Labrador,,Vector,,Open File NFLD/2824,http://www.nr.gov.nl.ca/mines&en/geosurvey/publications/openfiles/,,,"Government of Nfld. &amp; Labrador, Geological Survey",Citation,None,"1:50,000.",2003
178,"Wisconsin Potential Field Grids, Derivative Maps & Tectonic Interpretations","Principal facts for 40,488 gravity stations covering the entire state of Wisconsin are presented here in digital form. This is a compilation of previously published data collected between 1948 and 1992 from numerous sources, along with over 10,000 new gravity stations collected by the USGS since 1999. Also included are 550 gravity stations from previously unpublished sources. Observed gravity and complete-Bouguer gravity anomaly data for this statewide compilation are included here. Altogether, 14 individual surveys are presented here.",,,Publicly accessible,"Daniels, David, S. Synder et al",,2003,WISCONSIN,GRAVITY; MAGNETISM; MAPS; METADATA,2003,,"Daniels, David, S. Synder et al",USGS,,Data,,USGS Open file Report 03-147,,,,"U.S. Dept. of Interior, U.S. Geological Survey",Citation,None,,1948 to 2003
179,"City of London, Ontario, Digital Mapping CD","CD-Rom contains:



1) Assessed Parcel mapping

2) City map - double line

3) City map - single line

4) Orthoimagery

5) Topographic features and 3d data (spot heights and contours)

",,,"Restricted to U of T faculty, staff, and students.",City of London,,2004,LONDON (ONTARIO),AIR PHOTOS; AIR PHOTOS - BLACK AND WHITE - ORTHORECTIFIED; CONTOURS; ELEVATION; PARCELS; PROPERTY BOUNDARIES; ROADS; STREETS,2004,,City of London,City of London,,Raster; Vector,NAD83,2004,https://london.ca/business/Resources/Consultant-Resources/Pages/GISDataRequest.aspx,"London, Ontario",UTM Zone 17 6 degree projection,City of London,Citation,None,various,2004
180,Introductory Remote Sensing Digital Image Processing and Applications,"The CD-ROM enables the display of thousands of different images and the ability to preform various image manipulations. There are over 70 satellite digital datasets for areas in North America, Ireland, China, Sudan, Peru, Western Europe & UK. Explains how to apply digital image processing techniques to remotely sensed imagery, and how to obtain useful results and information during this process. It assumes a course in introductory remote sensing or air photo interpretation, college algebra, and basic statistics.",,,"Restricted to U of T faculty, staff, and students.","Gibson, Paul J. & C.H. Power",,2000,CHINA; EUROPE; IRELAND; NORTH AMERICA (INCLUSIVE); SOUTH AMERICA; UNITED KINGDOM,AIR PHOTOS; DIGITAL IMAGE PROCESSING; MAPS; SATELLITE IMAGES,,,,,,Raster,,,,London,,Routledge,Citation,None,,2000
181,Introduction to Geographic Information Systems,,,,"Restricted to U of T faculty, staff, and students.",Kang-tsung Chang,,2004,,GEOGRAPHIC INFORMATION SYSTEMS,,,,,,Raster; Vector,,2nd,,,,McGraw Hill,Citation,None,,2004
182,ArcCanada (1997) - Schools & Libraries Edition,"ArcCanada is a large database containing a number of cartographic and thematic layers, at provincial, national and local scales. The data has been broken down into three broad categories: national, provincial and special.",,,"Restricted to U of T faculty, staff, and students.",ESRI Canada,,1997,CANADA (ENTITY); CANADA (INCLUSIVE),GEOGRAPHIC INFORMATION SYSTEMS,,,,ESRI Canada Ltd.,,Raster; Vector,,Schools and Libraries Edition,,,,ESRI Canada,Citation,None,,1997
183,"Chart 1. Symbols, Abbreviations, Terms","Chart No. 1 contains the symbols, abbreviations, and terms used on navigation charts published by the Canadian Hydrographic Service and is based on the Chart Specifications of the International Hydrographic Organization (IHO).",,,"Restricted to U of T faculty, staff, and students.",Canadian Hydrographic Service,,,CANADA (INCLUSIVE); OCEANS,NAVIGATION,,,,,,Data,,Nouvelle edition 2004,,,,"Canada Hydrographic Service, Minister of Fisheries and Oceans",Written,None,,2004
184,GIS World GeoDirectoryCD 1997,GIS World Inc. 1997 (CD-ROM) Contains the three volumes of the GeoDirectory 1997. Fully searchable. Vol. 1: Products and Services - GIS-related companies & software assessments.Vol. 2: Academic Institutions - contact info. Vol 3: Data Sources - International. Metadata dictionary etc.,,,"Restricted to U of T faculty, staff, and students.",GIS World Inc.,,1997,WORLD (ENTITY),DATA SOURCES; DICTIONARY; METADATA,,,,,,Data,,,,"Fort Worth, Texas",,,None,None,,1997
185,Serving Maps on the Internet,"
The book is illustrated in full color and comes with a companion CD-ROM that includes a working copy of ArcExplorer, ESRI's easy-to-use GIS data viewer, a GIS tutorial, and links to hundreds of map-enabled Web sites and data repositories.",,,"Restricted to U of T faculty, staff, and students.",ESRI,,1998,WORLD (ENTITY),DATA SOURCES; GEOGRAPHIC INFORMATION SYSTEMS; METADATA,,,,,,Data,,,,,,ESRI,Citation,None,,1998
186,"GIS for Everyone , Exploring Your Neighbourhood and Your World with a Geographic Information System",World maps with 500 megabytes of geographic and demographic data covering the entire world. Shows you how to download ArcExplorer and find links to other GIS sites and data. Tutorial exercises and map gallery.,,,"Restricted to U of T faculty, staff, and students.","Davis, David F.",,1999,WORLD (ENTITY),DATA SOURCES; DIGITAL IMAGE PROCESSING; GEOGRAPHIC INFORMATION SYSTEMS; GEOGRAPHICAL NAMES; MAPS; POPULATION; STATISTICS; THEMATIC MAPPING,,,,ESRI,,Data,,,,,,ESRI,Citation,None,,
187,Atlas Archaeologique de l Egypte,,,,,"Daressy, Georges",,,,,,,,,,,,,,,,,,,,
188,Getting to Know ArcGIS Desktop 2.0,"Getting to Know ArcGIS Desktop, Second Edition contains conceptual material followed by scripted software exercises. Readers acquire skills in a variety of areas -- map symbology, data overlay, map projection, and data conversion, to name a few -- as they make maps and analyze geographic data. The book culminates with a set of spatial modeling exercises using the ModelBuilder technology of ArcGIS version 9. ModelBuilder is a graphical environment for representing, automating, and solving spatial analysis problems. Included with the book is a fully functioning version of ArcView 9 software on CD-ROM, as well as a CD of data for working through the book's exercises. Operating System(OS): The single-use ArcGIS Demo Edition software on the CD in this edition requires the Microsoft© Windows© XP, Windows 2000, or Windows NT© (Service Pack 6a) operating system.",,,"Restricted to U of T faculty, staff, and students.",ESRI,,2004,,GEOGRAPHIC INFORMATION SYSTEMS,,,,ESRI Press,,Data,,2nd.,,,,,Citation,None,,
189,Geography MarkUp Language,GML or Geography Markup Language is an XML based encoding standard for geographic information developed by the OpenGIS Consortium (OGC). The objective is to allow internet browsers the ability to view web based mapping without additional components or viewers.,,,"Restricted to U of T faculty, staff, and students.","Lake, Ronald D. Burggraf et al",,,,GEOGRAPHIC INFORMATION SYSTEMS,,,,GALCO,,Data,,,,,,Galco Systems Inc.,Citation,None,,
190,Atlas Vorkolonialer Gesellschaften,,"Written in German
Contains maps and texts",https://librarysearch.library.utoronto.ca/permalink/01UTORONTO_INST/14bjeso/alma991106424594806196,,"Muller, Hans-Peter",,,,,,,,,,,,,,,,,,,,
191,Digital Terrain Model of Southern Ontario - Dufferin,Derived from orthophotos,,,"Restricted to U of T faculty, staff, and students.",J.D. Barnes First Base Solutions,,2002,DUFFERIN COUNTY; ONTARIO,CONTOURS; DIGITAL ELEVATION MODEL,,,,JD Barnes First Base Solutions,,Vector,,,,,,J.D. Barnes First Base Solutions,Citation,None,,2002
192,Digital Terrain Model of Southern Ontario - Toronto,Derived DTMs from Orthorectified Colour Air Photos of Southern Ontario 10cm resolution. All DWG files for this area can be found at u:\geodata\canada\on\toronto\torontocity\DTM\20cmOGDE\ on the Map Library Intranet. Toronto DEM,,,"Restricted to U of T faculty, staff, and students.",J.D. Barnes First Base Solutions,,2002,ONTARIO; TORONTO,CONTOURS; DIGITAL ELEVATION MODEL,,,,,,Vector,,,,,,J.D. Barnes First Base Solutions,Citation,None,,2002
193,"Hungarian Village Finder, Atlas, and Gazetteer","Indexes of place names for more than 35,000 villages, settlements, towns, and cities in the former Kingdom of Hungary (pre 1919) including those now located in Austria, Croatia, Hungary, Poland, Romania, Slovakia, Slovenia, Ukraine, & Yugoslavia/Serbia. Also includes reference maps, indexed county directories listing local churches and parishes.",,,"Restricted to U of T faculty, staff, and students.","Jimenez, Suzanne Somodi",,2002,AUSTRIA; CROATIA; HUNGARY; POLAND; ROMANIA; SLOVAKIA; SLOVENIA; UKRAINE; YUGOSLAVIA,BOUNDARIES - POLITICAL; GAZETTEERS; GENEALOGY; GEOGRAPHICAL NAMES; HISTORICAL; MAPS,,,,,,Raster,,,,,,,Citation,None,,2002
194,"Transmed Atlas, Mediterranean Region from Crust to Mantle","This CD-ROM includes sixteen lithospheric transects across the Mediterranean region and the surrounding areas. Each transect is accompanied by an explanatory text with figures as well as by a series of clickable insets (seismic lines, well logs, litho-chrono-stratigraphic charts, paleo-geographic reconstructions, detailed maps, etc.) providing data in support of the interpretation shown in the transects. An extensive bibliography is included.",,,"Restricted to U of T faculty, staff, and students.","Cavazza, W; F.M. Roure et al",,2004,MEDITERRANEAN REGION,DATA SOURCES; GEOLOGY; MAPS; SEISMICITY,,,,Springer Verlag,,Vector,,,,New York,,Springer Verlag,Citation,None,,2004
195,Maps in the Atlases of the British Library,"Although there are catalogues of individual maps in The British Library, up to now there has been no listing of maps in the Library's collection of atlases. This massive study describes the map contents of over 3,000 pre-1800 atlases, including general works of geography, history, and travel which contain nine or more maps. English material predominates, but the Library's holdings of Dutch, French and German atlases are substantial and there are also many atlases from other European countries, as well as those of Arabic, Persian and Oriental origin. Details of publication, provenance, colour and binding are provided, together with an itemisation of each map, cross references where applicable and scholarly source material. This is a two volume set with a CD-ROM index, not available separately.",,,"Restricted to U of T faculty, staff, and students.","Shirley, Rodney",,2004,FRANCE; GERMANY; NETHERLANDS; UNITED KINGDOM,CATALOGUE; DATA SOURCES; HISTORICAL; MAPS,,,,,,Data,,,,,,British Library,Citation,None,,2004
196,Population et developpement durable,,"Group of maps
Require Quicktime installed",https://librarysearch.library.utoronto.ca/permalink/01UTORONTO_INST/14bjeso/alma991106151498306196,,"Peltre, Pierre",,,,,,,,,,,,,,,,,,,,
197,Politischer Atlas der Schweiz/Daten und Karten Walen und Abstimmungen 1866-2004 /Atlas Politique de la Suisse,"CD-ROM, over 2000 maps, col., on municipal, district, and cantonal level, data pool, over 1000 documents, various functions",See also CD # 230,,"Restricted to U of T faculty, staff, and students.",Office federal de la statistique,,2004,SWITZERLAND,HISTORICAL; MAPS; METADATA,,,,,,Raster; Vector,,,,,,,Citation,None,,2004
198,Remote Sensing for Natural Resource Management & Environmental Monitoring Vol. 4.,"Vol. 4 of Manual of Remote Sensing. This CD includes the color versions of 158 images from the text and almost 300 pages of references organized by chapter. The images are provided in an easily-navigable gallery which is accessible through any standard Web browser (i.e. Internet Explorer, Safari, Mozilla, Netscape, Opera, etc.) The reference lists are available in Adobe Reader PDF format.",,,"Restricted to U of T faculty, staff, and students.","Susan L. Ustin, editor",,2004,,AIR PHOTOS - COLOUR; AIR PHOTOS - COLOUR - ORTHORECTIFIED; SATELLITE IMAGES,,,,,,Vector,,2004,,,,ASPRS,Citation,None,,2004
199,"City of London, Ontario, Digital Mapping CD - 2004","CD-Rom contains:



1) Assessed Parcel mapping

2) City map - double line

3) City map - single line

4) Orthoimagery

5) Topographic features and 3d data (spot heights and contours)

",,,"Restricted to U of T faculty, staff, and students.",City of London,,2004,LONDON (ONTARIO),AIR PHOTOS; AIR PHOTOS - BLACK AND WHITE - ORTHORECTIFIED; CONTOURS; ELEVATION; PARCELS; PROPERTY BOUNDARIES; ROADS; STREETS,,,,City of London,,Raster; Vector,,May 2005 update,,"London, Ontario",,City of London,Citation,None,,2004 to 2005
200,Global 30-Arc-Second Elevation Data (GTOPO30),"GTOPO30 is a global digital elevation model (DEM) with a horizontal grid spacing of 30 arc seconds (approximately 1 kilometer). GTOPO30 was derived from several raster and vector sources of topographic information. For easier distribution, GTOPO30 has been divided into tiles which can be selected from the map shown above. Detailed information on the characteristics of GTOPO30 including the data distribution format, the data sources, production methods, accuracy, and hints for users, is found in the GTOPO30 README file. See linked index for help in choosing an area.",,,Publicly accessible,USGS,,1996,WORLD (INCLUSIVE),DATA SOURCES; DIGITAL ELEVATION MODEL; ELEVATION,1996,,USGS,,,Raster,,,,,,,Citation,None,,1996
201,World Language Mapping System,"The World Language Mapping System (WLMS) is the result of over 15 years of collaborative work between Global Mapping International (GMI) and the Summer Institute of Linguistics (SIL), to map the over 6,800 languages described in SIL's 14th edition Ethnologue. The resulting GIS data is used by SIL to produce maps for the Ethnologue and other purposes, and has been published by GMI in GIS format for the Christian nonprofit community since 1995 as part of the Global Ministry Mapping System. This database, updated on a regular basis, is now available to the broader community of GIS users.",,,"Restricted to U of T faculty, staff, and students.",Global Mapping International,,2004,WORLD (ENTITY),ETHNOLOGY; GEOGRAPHIC INFORMATION SYSTEMS; LANGUAGE; LINGUISTICS; METADATA,2004,,Global Mapping International,Global Mapping International,,SHAPEFILE,WGS84,Version 3.01,,,Geographic,Global Mapping International,None,None,,2004
202,Seamless Digital Chart of the World,"This product is a globally seamless adaptation of the U.S. Government's Digital Chart of the World (Vector Smart Map Level 0 [VMap0], Edition 5) produced by Global Mapping International in ESRI shapefile format, with added country polygons and updated first-level subdivisions of countries. The underlying Digital Chart of the World was developed by the National Imagery and Mapping Agency (now the National Geospatial-Intelligence Agency)of the U.S. government. GMI has merged the DCW into seamless, global shapefile layers (the original consists of four separate libraries, each divided into dozens of tiles).GMI has also provided sample map project and layer files applying appropriate cartographic symbology to the complex classification system of VMap0). The VMap0 data was compiled from the Operational Navigational Chart (ONC) series of air navigation maps with a scale of 1:1,000,000.Full information about VMAP Level 0, edition 5 is contained in MIL-PRF-89039 PERFORMANCE SPECIFICATION - VECTOR SMART MAP (VMap) Level 0 as amended (VMAP0_spec.pdf)GMI has also provided sample map project and layer files applying appropriate cartographic symbology to the complex classification system of VMap 0 when using the shapefiles in ArcGIS version 8.3 and above.",,,"Restricted to U of T faculty, staff, and students.",Global Mapping International,,2004,WORLD (ENTITY),BASE MAPS; BATHYMETRY; BOUNDARIES - POLITICAL; CENSUS; CLIMATE; FORESTRY; GEOLOGY; HYDROLOGY; MAPS; NAVIGATION; PLACENAMES; ROADS; SATELLITE IMAGES; THEMATIC MAPPING; TOPOGRAPHY; VEGETATION; VOLCANOES; WATER,2004,,Global Mapping International,,,Raster,,"Version 3.01, 2004",http://www.worldgeodatasets.com/basemaps/?pathinfo=wlms/dcw.htm,,,,Citation,None,,2004
203,Toronto Mono Viewer [TMV 2],"Toronto Mono Viewer 2 allows you to view and obtain information from aerial photos of the entire City of Toronto. TMV2 is a custom viewer software that is linked to 1,500 aerial images, 435,000 municipal addresses and 64,000 x,y,z co-ordinate points covering the entire amalgamated City of Toronto. Simply search or browse for an area, zoom in and out and you have a clear, quality aerial photograph.* Gain instant access to georeferenced, high resolution aerial images of the entire City of Toronto* Access built in property mapping* Search to easily locate street intersections, addresses, or GPS co-ordinates* Pan across the entire city, jumping from image to image* Zoom into images at scales beyond 1:1,000* Measure lengths, perimeters, areas, elevations, and slope percentages* Overlay georeferenced CAD vector files* Create your own maps and label them* Paste views into reports using the Windows© clipboard* Export views as TIFF imagesSimply search by street intersection or address to instantly view the required aerial image. Then zoom in or out to scales beyond 1:1000 and pan through the image to obtain the exact required view on the screen.Reference the supplied mapping files or your own vector mapping in dgn and dxf format onto the aerial image. Instantly view property lines and street lines by referencing the built-in property mapping.TMV2 includes:* Over 1,500 aerial photos* Property and street line mapping* Street Centreline (including street names) mapping* Orthoimagery and Property Data Map Indexes, and* Ravine Mapping",See also CD # 278 and 279,,"Restricted to U of T faculty, staff, and students.",City of Toronto Works and Emergency Services,,2004,TORONTO,AIR PHOTOS; BOUNDARIES; BUILDING OUTLINES; DIGITAL ELEVATION MODEL; ELEVATION; PROPERTY BOUNDARIES; ROADS; STREETS,2004,,City of Toronto Works and Emergency Services,City of Toronto and its licensors,2007,Raster; Vector,,,,Toronto,,City of Toronto Works & Emergency Services,Citation,None,zoom to scales beyond 1:1000,2004 to 2007
204,Toronto Property Data Maps (PDMs) - 2004,"Data includes: Building lines, hydro towers, curbs, curlines, curb points, catch basins, electrical pols, garage lines, garage polygons, general poles, historical sites, fire hydrants, light standards, miscellaneous structures, parks, pathways, pedestrian street lights, railways, spot elevation, street car tracks, street lines, street names, subway tracks, telephone poles, traffic lights, and transmission lines

",,,"Restricted to U of T faculty, staff, and students.","Works and Emergency Services, City of Toronto",,2004,TORONTO,BOUNDARIES; BUILDING OUTLINES; BUILDINGS - FOOTPRINTS; CONTOURS; DIGITAL ELEVATION MODEL; HIGHWAYS; MAPS; METADATA; MUNICIPALITIES; POLICE; PROPERTY BOUNDARIES; RAIL TRANSIT; RAILROADS; ROADS; STREETS; TRAILS; TRAIN; TRANSIT,,,,City of Toronto,,Vector,,2004,,Toronto,,City of Toronto,Citation,None,,2004
205,"GIS for Higher Education, Across the Campus and Around the World","GIS technology is an effective tool for use in teaching, research and administration at coleges and universities. This CD includes resources to help start and maintain a GIS program. View this CD and see how GIS is used in higher education around the world.",,,"Restricted to U of T faculty, staff, and students.",ESRI,,2001,WORLD (INCLUSIVE),EDUCATION; GEOGRAPHIC INFORMATION SYSTEMS,,,,,,Raster,,,,,,,Citation,None,,
206,Ontario Base Maps (OBM) - individual sheets - Zone 1017,The Geography Network also has the data available in a web map application,Disc 1 of 3,,Publicly accessible,Ontario Ministry of Natural Resources,,,ONTARIO,BASE MAPS; HIGHWAYS; HYDROGRAPHY; HYPSOGRAPHY; RAILROADS; STREETS; TOPOGRAPHY; TRAILS,,,,Ontario Minstry of Natural Resources,,SHAPEFILE,,,,,,Ontario Ministry of Natural Resources,Citation,None,,
207,"Ontario Base Maps (OBM) - individual sheets - Zone 1018, 2015, 2016",The Geography Network also has the data available in a web map application,Disc 2 of 3,,Publicly accessible,Ontario Ministry of Natural Resources,,,ONTARIO,BASE MAPS; HIGHWAYS; HYDROGRAPHY; HYPSOGRAPHY; RAILROADS; STREETS; TOPOGRAPHY; TRAILS,,,,Ontario Minstry of Natural Resources,,SHAPEFILE,,,,,,Ontario Ministry of Natural Resources,Citation,None,,
208,Ontario Base Maps (OBM) - individual sheets - Zone 2017,The Geography Network also has the data available in a web map application,Disc 3 of 3,,Publicly accessible,Ontario Ministry of Natural Resources,,,ONTARIO,BASE MAPS; HIGHWAYS; HYDROGRAPHY; HYPSOGRAPHY; RAILROADS; STREETS; TOPOGRAPHY; TRAILS,,,,Ontario Minstry of Natural Resources,,SHAPEFILE,,,,,,Ontario Ministry of Natural Resources,Citation,None,,
209,31DNE 1953 Bobcaygeon,,Single sheet; scale 1:126720,,,Department of the Interior - National Topographic Series,,,,,,,,,,,,,,,,,,,,
210,31DNW 1940 Orillia,,Single sheet; scale 1:126720,,,Department of the Interior - National Topographic Series,,,,,,,,,,,,,,,,,,,,
211,31DNW 1947 Orillia,,Single sheet; scale 1:126720,,,Department of the Interior - National Topographic Series,,,,,,,,,,,,,,,,,,,,
212,31ENE 1934 Algonquin,,Single sheet; scale 1:126720,,,Department of the Interior - National Topographic Series,,,,,,,,,,,,,,,,,,,,
213,31ENW 1932 Sunridge,,Single sheet; scale 1:126720,,,Department of the Interior - National Topographic Series,,,,,,,,,,,,,,,,,,,,
214,31ENW 1937 Sunridge,,Single sheet; scale 1:126720,,,Department of the Interior - National Topographic Series,,,,,,,,,,,,,,,,,,,,
215,31ENW 1953 Sunridge,,Single sheet; scale 1:126720,,,Department of the Interior - National Topographic Series,,,,,,,,,,,,,,,,,,,,
216,31ESE 1951 Haliburton,,Single sheet; scale 1:126720,,,Department of the Interior - National Topographic Series,,,,,,,,,,,,,,,,,,,,
217,31ESW 1929 Muskoka,,Single sheet; scale 1:126720,,,Department of the Interior - National Topographic Series,,,,,,,,,,,,,,,,,,,,
218,31ESW 1933 Muskoka,,Single sheet; scale 1:126720,,,Department of the Interior - National Topographic Series,,,,,,,,,,,,,,,,,,,,
219,31ESW 1937 Muskoka,,Single sheet; scale 1:126720,,,Department of the Interior - National Topographic Series,,,,,,,,,,,,,,,,,,,,
220,31ESW 1945 Muskoka,,Cannot read,,,Department of the Interior - National Topographic Series,,,,,,,,,,,,,,,,,,,,
221,31ESW 1956 Muskoka,,Cannot read,,,Department of the Interior - National Topographic Series,,,,,,,,,,,,,,,,,,,,
222,City of Waterloo,"also contains bicycle paths, heritage sites, trails, campgrounds, fire hydrants, polling stations, street intersections, retail, sanitary manholes, sanitary sewer pipes, creeks, woods, and landmarks",,,"Restricted to U of T faculty, staff, and students.",City of Waterloo,,2005,WATERLOO,ACCOMODATIONS; AIR PHOTOS; BOUNDARIES - POLITICAL; BUS; CONTOURS; CULTURAL; EDUCATION; ELECTORAL; ELEVATION; FORESTRY; GOLF COURSES; HYDROGRAPHY; PARKS; RAILROADS; ROADS; STREETS; TRAILS,2005,,City of Waterloo,City of Waterloo,,Raster; Vector,,2005,,Waterloo,,City of Waterloo,Citation,None,,2005
223,City of Waterloo Aerial Photos 2005,,,,"Restricted to U of T faculty, staff, and students.",City of Waterloo,,2005,WATERLOO,AIR PHOTOS,2005,,City of Waterloo,,,Raster,,,,,,City of Waterloo,None,None,,2005
224,Census Data System,,,,,"Rees, Philip, David Martin, Paul Williamson",,,,,,,,,,,,,,,,,,,,
225,Berlin Potsdam und Umland Stadtplan CD Routing,,,,,Unknown,,,,,,,,,,,,,,,,,,,,
226,"City of London, Ontario, Digital Mapping CD - 2005","CD-Rom contains:



1) Assessed Parcel mapping



2) City map - double line



3) City map - single line



4) Orthoimagery



5) Topographic features and 3d data (spot heights and contours)Digital Mapping CD DWG/Shape files

Double & single line street map of city of London,

parcel/property map shapeformat,

orthoimagery city of London 2005-2010

1:2000 topographic mapping.",,,"Restricted to U of T faculty, staff, and students.",City of London,,2005,LONDON (ONTARIO),AIR PHOTOS; AIR PHOTOS - BLACK AND WHITE - ORTHORECTIFIED; CONTOURS; ELEVATION; PARCELS; PROPERTY BOUNDARIES; ROADS; STREETS,,,,City of London,,Raster; Vector,,November 2005 update,,"London, Ontario",,City of London,Citation,None,,2005 Nov
227,Les Plans de Paris: Histoire d'une Capitale,,,,"Restricted to U of T faculty, staff, and students.","Pinon, Pierre",,,PARIS,GEOGRAPHICAL NAMES; HISTORICAL; HOUSING; MAPS; PLACENAMES; PROPERTY BOUNDARIES; STREETS; THEMATIC MAPPING; URBAN AREAS (UA),,,,,,Raster,,,,Paris,,Bibliotheque National de France,Citation,None,,
228,Subartu X111 [also known as APUM],,,,"Restricted to U of T faculty, staff, and students.",Stefano Anastasio,,2004,IRAQ,ARCHAEOLOGY; GEOGRAPHICAL NAMES; HISTORICAL; MAPS; THEMATIC MAPPING,,,,,,Vector,,,,Turnhout,,Brepolis,Citation,None,,2004
229,Petermann,"Petermann's Maps focuses on the maps published in the famous German journal Petermanns Geographische Mitteilungen. This journal, which still exists today, greatly influenced the development of scientific geography and cartography in Germany in the nineteenth century.",,,"Restricted to U of T faculty, staff, and students.",Jan Smits,,2004,GERMANY; WORLD (INCLUSIVE),CARTOBIBLIOGRAPHY; GEOGRAPHICAL NAMES; HISTORICAL; THEMATIC MAPPING,2004,,Jan Smits,National Library of the Netherlands,,Raster,,,,La Hague,,National Library of the Netherlands,Citation,None,,2004
230,Politischer Atlas der Schweiz/Daten und Karten Walen und Abstimmungen 1866-2004 /Atlas Politique de la Suisse,"CD-ROM, over 2000 maps, col., on municipal, district, and cantonal level, data pool, over 1000 documents, various functions",See also CD # 197,,"Restricted to U of T faculty, staff, and students.",Office federal de la statistique,,2004,SWITZERLAND,HISTORICAL; MAPS; METADATA,,,,,,Raster; Vector,,,,,,,Citation,None,,2004
231,"Building Construction Dates Map, City of Toronto",also available here: u:\geodata\canada\on\toronto\torontocity\Building_Construction_Date,,,"Restricted to U of T faculty, staff, and students.","Toronto Works Emergency Services, Survey Mapping Services",,2003,TORONTO,BUILDINGS; HISTORICAL,2003,,"Toronto Works Emergency Services, Survey Mapping Services",City of Toronto,,SHAPEFILE,,2003,https://www.toronto.ca/city-government/data-research-maps/utility-maps-engineering-drawings/,,,,None,None,,2003
232,Census Mapper/Poverty in America,,,,,Amy K. Glasmeir,,,,,,,,,,,,,,,,,,,,
233,Goad's Atlas 1921-43 Pl.3-47A (Toronto),,,,,"Goad, Charles E.",,,,,,,,,,,,,,,,,,,,
234,Goad's Atlas 1921-43 Pl.48-79b (Toronto),,,,,"Goad, Charles E.",,,,,,,,,,,,,,,,,,,,
236,Toronto Zoning,"includes Etobicoke, former City of Toronto and North York",,,"Restricted to U of T faculty, staff, and students.",City of Toronto,,2006,ETOBICOKE; NORTH YORK; TORONTO,ZONING,2006,,City of Toronto,City of Toronto,2009,Vector,,,,,,,Citation,None,,2006 to 2009
237,Processing Digital Images in Geographic Information Systems,,,,"Restricted to U of T faculty, staff, and students.","Verbyla, David",,1997,,AIR PHOTOS; DIGITAL IMAGE PROCESSING; GEOGRAPHIC INFORMATION SYSTEMS; MAPS,,,,Onward Press,,Raster; Vector,,1997,,"Santa Fe, NM.",,Onward Press,Citation,None,,1997
238,Goad's Atlas1914-1,,,,,"Goad, Charles E.",,,,,,,,,,,,,,,,,,,,
239,Goad's Atlas1914-2,,,,,"Goad, Charles E.",,,,,,,,,,,,,,,,,,,,
240,Quantitative Methods and Applications in GIS,"Covers fundamental spatial analysis tasks and basic and advanced quantitative methods, all implemented in a GIS environment.



Illustrates methods and techniques in various applications in social sciences

Emphasizes implementation of methods using real-world data

Demonstrates the diversity of issues that are policy relevant

Provides step-by-step instructions in case studies using ArcGIS (and other free software)

Includes a CD-ROM containing all data and sample programs",,,"Restricted to U of T faculty, staff, and students.","Wang, Fahui",,,,GEOGRAPHIC INFORMATION SYSTEMS; SPATIAL ANALYSIS,,,,,,Raster; Vector,,,,"Boca Raton, Florida",,"Taylor &amp; Francis, CRC Press",Citation,None,,
241,ArcGIS and the Digital City: A Hands on Approach for Local Government with CDROM,,,https://librarysearch.library.utoronto.ca/permalink/01UTORONTO_INST/14bjeso/alma991105900384206196,,"Huxhold, William & E. Fowler, B. Parr",,,,,,,,,,,,,,,,,,,,
242,Inside AutoCAD Map 2000,"The newest addition to the OnWord Press INSIDE series for GIS professionals, this how-to and reference book introduces beginning through intermediate users seeking a standard for map creation and maintenance in a CAD environment to use of AutoCAD Map 2000. In-depth discussion of the software√î√∏Œ©s features and functions are featured in this comprehensive handbook. In addition, numerous examples, exercises, and tutorials are included to speed readers on their way to mastery of this new GIS application from Autodesk, Inc., one of the world√î√∏Œ©s leading suppliers of GIS, mapping, and design software for the PC. Keywords: AutoCAD Map Keywords: GIS Applications The CD contains accompanying exercises using the data.",,,"Restricted to U of T faculty, staff, and students.","Vance, D; R. Eisenberg &amp; D. Walsh",,2001,,AUTOCAD; GEOGRAPHIC INFORMATION SYSTEMS,,,,OnWard Press,,Data,,2001,,,,Onward Press,Citation,None,,2001
243,Introduction to Geographic Information Systems,"The CD ROM accompanies the book and is designed to provide students in a first or second GIS course with a solid foundation in both GIS concepts and the use of GIS. The book retains the same comprehensive coverage of GIS topics as featured in the first edition. This edition is organized into five parts. Part 1 (Chapters 1 to 7) explains the fundamentals of GIS including coordinate systems, data models, data input, spatial data editing, and attribute data management. Part 2 (Chapters 8 and 9) includes data display and data exploration. Part 3 (Chapters 10 and 11) examines the basic tools for GIS analysis and their applications. Part 4 (Chapters 12 and 13) covers terrain mapping and analysis, and spatial interpolation. Part 5 (Chapters 14 to 16) deals with GIS models and modeling, regions, and network and dynamic segmentation.This book stresses both concepts and practices. GIS concepts from fields such as geography, cartography, spatial analysis, and database management explain the purpose and objectives of GIS operations and the interrelationship among GIS operations. For example, a basic understanding of map projection explains why we must project map layers to be used together with a common coordinate system and why we need to input numerous projection parameters. Each chapter in this book is divided into two main sections. The first section covers topics and concepts addressed in the chapter. The second section covers applications, usually with three to five problem-solving tasks.",,,"Restricted to U of T faculty, staff, and students.",Kang-tsung Chang,,2006,,GEOGRAPHIC INFORMATION SYSTEMS,,,,McGraw-Hill,,Data,,2006,,New York,,McGraw-Hill,Citation,None,,2006
244,Fire Insurance 1952 V.1 Pl.22-6,,,,"Restricted to U of T faculty, staff, and students.",Underwriter's Survey Bureau Ltd,,,,,,,,,,,,,,,,,,,,
245,Fire Insurance 1952 V.1 Pl.22-7-49,,,,"Restricted to U of T faculty, staff, and students.",Underwriter's Survey Bureau Ltd,,,,,,,,,,,,,,,,,,,,
246,CI,,,,,Underwriter's Survey Bureau Ltd,,,,,,,,,,,,,,,,,,,,
247,Fire Insurance 1952 V.1 Pl.73-79-2,,,,"Restricted to U of T faculty, staff, and students.",Underwriter's Survey Bureau Ltd,,,,,,,,,,,,,,,,,,,,
248,Land Information Ontario - Zone 16 & 17N,"This digital data release, produced as part of the Lake Nipigon Region Geoscience Initiative (LNRGI), contains location information, rock descriptions, detailed petrographic descriptions, photomicrographs and qualitative modal analyses for 250 thin sections collected within the 2003 LNRGI bedrock mapping project area (OFR6136 and MRD132). Location information is given in the Universal Transverse Mercator (UTM) projection and grid system, Zone 16, North American Datum 1983, and is listed in Table 7. Samples are mainly from Nipigon diabase sills, Archean basement rocks, and the English Bay Complex.[248] Zone 16 & 17N[249] Zone 16 & 18[250] Zone 17S",,,"Restricted to U of T faculty, staff, and students.",Ontario Ministry of Northern Development and Mines,,2004,ONTARIO,DATA SOURCES; DIGITAL ELEVATION MODEL; GEOLOGY; MAPS; MINERAL RESOURCES; MINERALS,,,,,,Data,,,,,,,Citation,None,,2004
249,Land Information Ontario - Zone 16 & 18,"This digital data release, produced as part of the Lake Nipigon Region Geoscience Initiative (LNRGI), contains location information, rock descriptions, detailed petrographic descriptions, photomicrographs and qualitative modal analyses for 250 thin sections collected within the 2003 LNRGI bedrock mapping project area (OFR6136 and MRD132). Location information is given in the Universal Transverse Mercator (UTM) projection and grid system, Zone 16, North American Datum 1983, and is listed in Table 7. Samples are mainly from Nipigon diabase sills, Archean basement rocks, and the English Bay Complex.[248] Zone 16 & 17N[249] Zone 16 & 18[250] Zone 17S",,,"Restricted to U of T faculty, staff, and students.",Ontario Ministry of Northern Development and Mines,,2004,ONTARIO,DATA SOURCES; DIGITAL ELEVATION MODEL; GEOLOGY; MAPS; MINERAL RESOURCES; MINERALS,,,,,,Data,,,,,,,Citation,None,,2004
250,Land Information Ontario - Zone 17S,"This digital data release, produced as part of the Lake Nipigon Region Geoscience Initiative (LNRGI), contains location information, rock descriptions, detailed petrographic descriptions, photomicrographs and qualitative modal analyses for 250 thin sections collected within the 2003 LNRGI bedrock mapping project area (OFR6136 and MRD132). Location information is given in the Universal Transverse Mercator (UTM) projection and grid system, Zone 16, North American Datum 1983, and is listed in Table 7. Samples are mainly from Nipigon diabase sills, Archean basement rocks, and the English Bay Complex.[248] Zone 16 & 17N[249] Zone 16 & 18[250] Zone 17S",,,"Restricted to U of T faculty, staff, and students.",Ontario Ministry of Northern Development and Mines,,2004,ONTARIO,A,,,,,,Data,,,,,,,Citation,None,,2004
251,Bedrock Geology of Ontario,,,,,Ontario Geological Survey,,,,,,,,,,,,,,,,,,,,
252,City of London Mapping Data Distribution - 2006,"Mapping data is divided into 5 directories:
1. ASSESSP 2006: assessed Parcel/Property mapping Arcview
2. CityMap 2006: double line street map, autocad
3. Ortho 2006: Orthoimagery SID world file
4. Single line 2006: street map Arcview SHP format
5. Topo 2006: 1:2000 topographic mapping in themed categories. Arcview SHP format",,,"Restricted to U of T faculty, staff, and students.",City of London (Ontario),,2006,LONDON (ONTARIO),AIR PHOTOS - COLOUR - ORTHORECTIFIED; AUTOCAD; BOUNDARIES; BUILDING OUTLINES; CONTOURS; ELEVATION; LAND USE; PARKS; PROPERTY BOUNDARIES; RELIEF; ROADS; STREETS; TOPOGRAPHY,,,,City of London,,Raster; Vector,,,,,,,Citation,None,,2006
253,Tectonic Assemblages of Ontario Seamless Coverage,"The Tectonic Geology Data Set is a digital interpretation of the Tectonic Geology of the Province of Ontario, It illustrates this by 1) grouping volcanic and sedimentary rock units into tectonic assemblages in Precambrain terrains and depositional sequences in the overlying Paleozoic and Mesozoic sedimentary basins; and 2) interpreting the ranges of emplacement ages of all major intrusions and grouping some plutons into suites. Among a range of tectonically significant features, the map also displays major folds, faults, stratigraphic younging directions, interpreted centres of volcanism and locations of U/Pb age determinations, which are numbered and cross-referenced to a table of ages. This map represents the first attempt internationally to subdivide Archean rock units into Tectonic assemblages, and the first attempt in Ontario to subdivide Paleozic and Mesozoic rock units into depositional sequences. The purpose of this map is to portray the distribution of magmatism and sedimentation in time and space in the rock record of Ontario. The intended user is a geologist with an academic or applied mineral exploration interest in the components of the bedrock of Ontario that forms the basis of its geochronometric and tectonic record.",,,Publicly accessible,Ontario Geological Survey,,1993,ONTARIO,GEOLOGY; MAGNETISM; PALEOZOIC GEOLOGY; PRECAMBRIAN GEOLOGY; SEDIMENT; TECTONICS,1993,,Ontario Geological Survey,Ontario Geological Survey (OGS),,Vector,NAD27,"Data Set 11, 1993.",http://www.geologyontario.mndm.gov.on.ca/,Sudbury,Lambert Conformal Conic,Ontario Geological Survey (OGS),Citation,None,,1993
254,Township and Unorganized Area Fabric for Ontario,"Geographic Township is a polygon feature that indicates the fundamental land subdivision fabric of the Province. Each Geographic Township area may or may not be the same as the jurisdictional area of the township.The location of township lines on the Ontario Base Maps (OBM) were determined by using a combination of both survey information, i.e., retracements, original township plans, surveys notes, etc.; and OBM physical features such as roads, trails, fence lines, and water bodies. In some areas where there were almost no OBM physical features available, aerial photographs may have been used to help determine boundaries. Unorganized areas are derived from Ontario Ministry of Natural Resources Base Map Areas.Data are available in ArcView 3.x format.",,,"Restricted to U of T faculty, staff, and students.",Ontario Geological Survey,,1993,ONTARIO,BOUNDARIES; GEOGRAPHIC TOWNSHIPS; GEOGRAPHICAL NAMES; ROADS; TRAILS; WATER,1993,,Ontario Geological Survey,,,Raster; Vector,,"Data Set 12, 1993",https://www.javacoeapp.lrc.gov.on.ca/geonetwork/srv/en/main.home?uuid=533e8c33-499b-4de2-b584-72ff6672896e,,,,Citation,None,,1993
255,"Topographic Base, Seamless Coverage of the Province of Ontario - 1993","Layers Include:

2       2-LANE          2-LANE HIGHWAY
3       4-LANE          4-LANE HIGHWAY
4       RAILWAYS        RAILWAYS
5       T-RAILWAY       TEXT-RAILWAY
7       SHIELDS HIGHWAY SHIELDS
8       INTER-PROV-B    PROVINCIAL/INTERNATIONAL BOUND.
9       DIST-CO-RM-B    DISTRICT/COUNTY/REGIONAL MUNICIPALITY BOUND.
10      TOWNSHIP        TOWNSHIP BOUND.
11      T-PROV-INTER    TEXT PROV-INTERNATIONAL BOUND.
12      T-DIST-CO-RM    TEXT DISTRICT/COUNTY/RM BOUND.
13      T-TOWNSHIP      TEXT TOWNSHIP
14      T-CITY          TEXT CITY
15      T-TOWN          TEXT TOWN
16      CY-TN           CITY TOWN DOTS
17      DRAINAGE        DRAINAGE STREAMS, RIVERS
18      LAKES           LAKES
19      T-DRAINAGE      TEXT DRAINAGE
20      T-LAKES         TEXT LAKES
21      T-ISL-PENIN     TEXT ISLANDS PENINSULAS
22      T-FALLS TEXT    WATER FALLS
23      T-WATER-LEV     TEXT WATER ELEVATION
24      ELEVN           ELEVATION POINTS
25      T-ELEVATION     TEXT ELEVATION
26      LAT-LONG        LATITUDE LONGITUDE LINEWORK AND TEXT
27      MERID-BASE-L    MERIDIAN AND BASE LINES
28      T-MERID-BASE    TEXT MERIDIAN AND BASE LINES",,,Publicly accessible,Ontario Geological Survey,,1993,ONTARIO,DRAINAGE; ELEVATION; RAILROADS; ROADS; TOPOGRAPHY; TOWNSHIPS; WATER,,,,OGS,,Vector,,Data Set 22,,Sudbury,,Ontario Geological Survey,Citation,None,,1993
256,Urban Infrastructure and Urban Growth in the Toronto Region 1950s to the 1990s,"Digital version of HT 169 C32T69 2003. Contains maps of infrastructure, including sewers.



Both the full report and the accompanying maps and figures (including scanned maps) can be downloaded for free from the Neptis website: https://www.neptis.org/publications/urban-infrastructure-and-urban-grow…",Call number: HT169 .C32T69 2003,,Publicly accessible,Richard White,,2003 Sep,TORONTO,INFRASTRUCTURE; URBAN AREAS (UA); UTILITIES,2003,,Richard White,Neptis Foundation,,Raster; Vector,,,,Toronto,,Neptis Foundation,Citation,None,,2003 Sep
257,Hamilton GIS Data,"Sewers; Cemeteries; Business Improvement Areas; sidewalks; escarpment; DTM 10 metres; DTM 20 metres; water hydrants; police stations; libraries; colleges; universities; beaches; arenas; Please request this data from Map & Data Library staff, 5th floor Robarts Library or by email at mdl@library.utoronto.ca",,,"Restricted to U of T faculty, staff, and students.",City of Hamilton,,2006,HAMILTON,BASE MAPS; BOUNDARIES; BOUNDARIES - POLITICAL; BUILDING OUTLINES; BUILDINGS - FOOTPRINTS; CONSERVATION AUTHORITY; CONTOURS; EDUCATION; GOLF COURSES; HEALTH; HOSPITALS; HYDROGRAPHY; PARKS; POLICE; POLITICAL; ROADS; TOPOGRAPHY; URBAN AREAS (UA); UTILITIES; WATER,2006,,City of Hamilton,City of Hamilton,,Vector,NAD83,,,Hamilton,UTM Zone 17,City of Hamilton,Citation,None,,2006
258,Hamilton Ortho Imagery - Central,,Disc 1 of 2,,"Restricted to U of T faculty, staff, and students.",City of Hamilton,,2005,HAMILTON,AIR PHOTOS,,,,City of Hamilton,,Raster,,2005,,Hamilton,,City of Hamilton,Citation,None,,2005
259,"Hamilton Ortho Imagery - North, South",,Disc 2 of 2,,"Restricted to U of T faculty, staff, and students.",City of Hamilton,,2005,HAMILTON,AIR PHOTOS,,,,City of Hamilton,,Raster,,2005,,Hamilton,,City of Hamilton,Citation,None,,2005
260,Toronto Fire Insurance Plans 1959-73,,,,"Restricted to U of T faculty, staff, and students.",,,,,,,,,,,,,,,,,,,,,
261,Township and Unorganized Area Fabric for Ontario - 2004,"Geographic Township is a polygon feature that indicates the fundamental land subdivision fabric of the Province. Each Geographic Township area may or may not be the same as the jurisdictional area of the township.The location of township lines on the Ontario Base Maps (OBM) were determined by using a combination of both survey information, i.e., retracements, original township plans, surveys notes, etc.; and OBM physical features such as roads, trails, fence lines, and water bodies. In some areas where there were almost no OBM physical features available, aerial photographs may have been used to help determine boundaries. Unorganized areas are derived from Ontario Ministry of Natural Resources Base Map Areas.Data are available in ArcView 3.x format.",,,Publicly accessible,Ontario Geological Survey,,2004,ONTARIO,BOUNDARIES; TOWNSHIPS,,,,Ontario Geological Survey,,Vector,,Data Set 12,,"Sudbury, Ontario",,Ontario Geological Survey (OGS),Citation,None,,2004
262,Bedrock Geology of Ontario Seamless Coverage,,,,,Ontario Geological Survey,,,,,,,,,,,,,,,,,,,,
263,"Topographic Base, Seamless Coverage of the Province of Ontario - 1993","Layers Include:

2       2-LANE          2-LANE HIGHWAY
3       4-LANE          4-LANE HIGHWAY
4       RAILWAYS        RAILWAYS
5       T-RAILWAY       TEXT-RAILWAY
7       SHIELDS HIGHWAY SHIELDS
8       INTER-PROV-B    PROVINCIAL/INTERNATIONAL BOUND.
9       DIST-CO-RM-B    DISTRICT/COUNTY/REGIONAL MUNICIPALITY BOUND.
10      TOWNSHIP        TOWNSHIP BOUND.
11      T-PROV-INTER    TEXT PROV-INTERNATIONAL BOUND.
12      T-DIST-CO-RM    TEXT DISTRICT/COUNTY/RM BOUND.
13      T-TOWNSHIP      TEXT TOWNSHIP
14      T-CITY          TEXT CITY
15      T-TOWN          TEXT TOWN
16      CY-TN           CITY TOWN DOTS
17      DRAINAGE        DRAINAGE STREAMS, RIVERS
18      LAKES           LAKES
19      T-DRAINAGE      TEXT DRAINAGE
20      T-LAKES         TEXT LAKES
21      T-ISL-PENIN     TEXT ISLANDS PENINSULAS
22      T-FALLS TEXT    WATER FALLS
23      T-WATER-LEV     TEXT WATER ELEVATION
24      ELEVN           ELEVATION POINTS
25      T-ELEVATION     TEXT ELEVATION
26      LAT-LONG        LATITUDE LONGITUDE LINEWORK AND TEXT
27      MERID-BASE-L    MERIDIAN AND BASE LINES
28      T-MERID-BASE    TEXT MERIDIAN AND BASE LINES",,,Publicly accessible,Ontario Geological Survey,,1993,ONTARIO,DRAINAGE; ELEVATION; RAILROADS; ROADS; TOPOGRAPHY; TOWNSHIPS; WATER,,,,OGS,,Vector,,Data Set 22,,Sudbury,,Ontario Geological Survey,Citation,None,,1993
264,Tectonic Assemblages of Ontario Seamless Coverage,"The Tectonic Geology Data Set is a digital interpretation of the Tectonic Geology of the Province of Ontario, It illustrates this by 1) grouping volcanic and sedimentary rock units into tectonic assemblages in Precambrain terrains and depositional sequences in the overlying Paleozoic and Mesozoic sedimentary basins; and 2) interpreting the ranges of emplacement ages of all major intrusions and grouping some plutons into suites. Among a range of tectonically significant features, the map also displays major folds, faults, stratigraphic younging directions, interpreted centres of volcanism and locations of U/Pb age determinations, which are numbered and cross-referenced to a table of ages. This map represents the first attempt internationally to subdivide Archean rock units into Tectonic assemblages, and the first attempt in Ontario to subdivide Paleozic and Mesozoic rock units into depositional sequences. The purpose of this map is to portray the distribution of magmatism and sedimentation in time and space in the rock record of Ontario. The intended user is a geologist with an academic or applied mineral exploration interest in the components of the bedrock of Ontario that forms the basis of its geochronometric and tectonic record.",,,Publicly accessible,Ontario Geological Survey,,1993,ONTARIO,GEOLOGY; MAGNETISM; PALEOZOIC GEOLOGY; PRECAMBRIAN GEOLOGY; SEDIMENT; TECTONICS,1993,,Ontario Geological Survey,Ontario Geological Survey (OGS),,Vector,NAD27,"Data Set 11, 1993.",http://www.geologyontario.mndm.gov.on.ca/,Sudbury,Lambert Conformal Conic,Ontario Geological Survey (OGS),Citation,None,,1993
265,Land Information Ontario - Wooded Area 2006,"Abstract from Metadata web page:
""Wooded Area polygons represent the boundaries of woodlands (forests, woodlots, hedgerows, and plantations) in Southern Ontario. The woodland dataset is one of numerous products derived through the implementation of the SOLRIS project. The methodology used in SOLRIS Phase 1 involves updating the NRVIS wooded area (WOODAREA concrete class) data through the interpretation of remotely sensed data including orthophotography, Indian Remote Sensing (IRS) and colour infrared aerial photography. This dataset represents wooded areas within the MNR Southern Region classified into 'Treed', 'Hedgerow' and 'Plantation' classes.""
Source = Aerial Photography 1994-2006 Data
Currentness = 2003-2006",,,"Restricted to U of T faculty, staff, and students.",Ontario Ministry of Natural Resources (OMNR),,1976,ONTARIO; TORONTO,FORESTRY; LAND USE; VEGETATION,,,,Ontario Ministry of Natural Resources,,Vector,,2003-2006,,,,Ontario Ministry of Natural Resources,Citation,None,,2003 to 2006
266,Teranet - Ontario Parcel Data,"To request access, if you are a current U of T student, staff, or faculty, please contact us.

Contains:
1) Basic property report correlating the ownership PIN to the assessment roll number.2)Digital property ownership parcel polygons, attributed with the 9-digit PIN, comprising the area of the regions in shapefile format.York data are from september 2007.",,https://utoronto.sharepoint.com/sites/UTL-MDL-LicensedDataAndSoftware/Teranet,"Restricted to U of T faculty, staff, and students.",Teranet,,2007,DURHAM COUNTY; FRONTENAC COUNTY; HALTON COUNTY; HASTINGS COUNTY; LENNOX ADDINGTON COUNTY; NORTHUMBERLAND COUNTY; ONTARIO; PEEL COUNTY; SIMCOE COUNTY; TORONTO; VICTORIA COUNTY; YORK COUNTY,LAND USE; PARCELS; PROPERTY BOUNDARIES,2007,,Teranet,Teranet,,Vector,NAD83,2007,,Toronto,UTM,Teranet,Citation,None,,2007
267,Programming ArcObjects with VBA A Task Oriented Approach,,,,,Kang-Tsung Chang,,,,,,,,,,,,,,,,,,,,
268,Historical Atlas of Islam,"Originally edited by William Brice and first published by Brill in 1981, this second edition has been completely revised and substantially augmented. New maps include 'environments and mineral resources', 'Iran under the Mongols' and 'the Caucasus in the Early Middle Ages'. The Atlas also includes a CD-Rom containing all the maps of the printed version but allowing sophisticated searching and a four level zooming function. Large format, 86p, maps in full colour (Brill 2002)",,,"Restricted to U of T faculty, staff, and students.","Kennedy, Hugh",,1981,IRAN; IRAQ; MIDDLE EAST,ETHNOLOGY; GEOGRAPHY; GEOLOGY; HISTORICAL; MAPS; MINERALS; PALEOZOIC,,,,,,Vector,,2nd,,,,,Citation,None,,
269,Getting to Know ARCObjects Programming ArcGIS with VBA,"Getting to Know ArcObjects supports the self-learner and makes a practical lab manual for instructors in the classroom. Those who are new to programming, or just new to ArcObjects, will find this book to be the perfect starting place for getting the most out of ArcGIS and the objects on which it is built.CD-ROM includes: The complete set of ArcObjects object model diagrams, spatial data used in the exercises, all code written in the exercises (which readers can adapt for their own projects), and results. Required software:ArcGIS Desktop 9.1 or 9.2 is required to complete the exercises in this workbook. You can use the ArcView©, ArcEditor√©, or ArcInfo© license level.",,,"Restricted to U of T faculty, staff, and students.","Burke, Robert",,2003,,GEOGRAPHIC INFORMATION SYSTEMS; SPATIAL ANALYSIS,,,,ESRI Press,,Raster; Vector,,2003,,,,,Citation,None,,
270,Digital Terrain Models of Southern Ontario - Toronto Supplement,derived from 2002 J.D. Barnes First Base Solutions DTM 2002 - Supplement to CD-Rom [192],,,"Restricted to U of T faculty, staff, and students.",J.D. Barnes,,2002,ONTARIO,DIGITAL TERRAIN MODEL,2002,,J.D. Barnes,,,Raster,10m/resolution,,,"Peterborough, Ontario",,J.D. Barnes,Citation,None,,2002
271,Toronto Property Data Maps (PDMs) - PDFs 2007,"Data includes: Building lines, hydro towers, curbs, curblines, curb points, catch basins, electrical pols, garage lines, garage polygons, general poles, historical sites, fire hydrants, light standards, miscellaneous structures, parks, pathways, pedestrian street lights, railways, spot elevation, street car tracks, street lines, street names, subway tracks, telephone poles, traffic lights, and transmission lines. CAD files are for 2006, PDF files are for 2007",,,"Restricted to U of T faculty, staff, and students.","Works and Emergency Services, City of Toronto",,2006,TORONTO,BOUNDARIES; BUILDING OUTLINES; BUILDINGS - FOOTPRINTS; HIGHWAYS; MAPS; METADATA; MUNICIPALITIES; POLICE; PROPERTY BOUNDARIES; RAIL TRANSIT; RAILROADS; ROADS; STREETS; TRAILS; TRAIN; TRANSIT,,,,City of Toronto,,Vector,,2006-07,,Toronto,,City of Toronto,Citation,None,,2006 to 2007
272,Toronto Property Data Maps (PDMs) - DWG 2006,"Data includes: Building lines, hydro towers, curbs, curblines, curb points, catch basins, electrical pols, garage lines, garage polygons, general poles, historical sites, fire hydrants, light standards, miscellaneous structures, parks, pathways, pedestrian street lights, railways, spot elevation, street car tracks, street lines, street names, subway tracks, telephone poles, traffic lights, and transmission lines. CAD files are for 2006, PDF files are for 2007",,,"Restricted to U of T faculty, staff, and students.","Works and Emergency Services, City of Toronto",,2006,TORONTO,BOUNDARIES; BUILDING OUTLINES; BUILDINGS - FOOTPRINTS; HIGHWAYS; MAPS; METADATA; MUNICIPALITIES; POLICE; PROPERTY BOUNDARIES; RAIL TRANSIT; RAILROADS; ROADS; STREETS; TRAILS; TRAIN; TRANSIT,,,,City of Toronto,,Vector,,2006-07,,Toronto,,City of Toronto,Citation,None,,2006 to 2007
273,Geological Survey of Queensland - No. 8,"CD-ROM 273-No. 8 Georgetown CD-ROM 274-No. 9 Charters Towers CD-ROM 275-No 10,11 Yarrow Project & Tasman Fold Belt System in Victoria CD-ROM 276-No 12 GSV Map Catalogue and Reports 119-122",,,"Restricted to U of T faculty, staff, and students.","Natural Resources and Mines, Queensland",,2000,AUSTRALIA,GEOGRAPHIC INFORMATION SYSTEMS; GEOLOGY; MAPS; MINERAL RESOURCES; PALEOZOIC GEOLOGY,,,,Queensland Government,,Vector,,2000,,Queensland,,,Citation,None,,2000
274,Geological Survey of Queensland - No. 9,"CD-ROM 273-No. 8 Georgetown CD-ROM 274-No. 9 Charters Towers CD-ROM 275-No 10,11 Yarrow Project & Tasman Fold Belt System in Victoria CD-ROM 276-No 12 GSV Map Catalogue and Reports 119-122

",,,"Restricted to U of T faculty, staff, and students.","Natural Resources and Mines, Queensland",,2000,AUSTRALIA,GEOGRAPHIC INFORMATION SYSTEMS; GEOLOGY; MAPS; MINERAL RESOURCES; PALEOZOIC GEOLOGY,,,,Queensland Government,,Vector,,2000,,Queensland,,,Citation,None,,2000
275,"Geological Survey of Queensland - No. 10,11","CD-ROM 273-No. 8 Georgetown CD-ROM 274-No. 9 Charters Towers CD-ROM 275-No 10,11 Yarrow Project & Tasman Fold Belt System in Victoria CD-ROM 276-No 12 GSV Map Catalogue and Reports 119-122",,,"Restricted to U of T faculty, staff, and students.","Natural Resources and Mines, Queensland",,2000,AUSTRALIA,GEOGRAPHIC INFORMATION SYSTEMS; GEOLOGY; MAPS; MINERAL RESOURCES; PALEOZOIC GEOLOGY,,,,Queensland Government,,Vector,,2000,,Queensland,,,Citation,None,,2000
276,Geological Survey of Queensland - No. 12,"CD-ROM 273-No. 8 Georgetown CD-ROM 274-No. 9 Charters Towers CD-ROM 275-No 10,11 Yarrow Project & Tasman Fold Belt System in Victoria CD-ROM 276-No 12 GSV Map Catalogue and Reports 119-122",,,"Restricted to U of T faculty, staff, and students.","Natural Resources and Mines, Queensland",,2000,AUSTRALIA,GEOGRAPHIC INFORMATION SYSTEMS; GEOLOGY; MAPS; MINERAL RESOURCES; PALEOZOIC GEOLOGY,,,,Queensland Government,,Vector,,2000,,Queensland,,,Citation,None,,2000
277,Digital Electoral Districts and Polling Divisions,"LIMITED USE DATA PRODUCT LICENCE AGREEMENTThe Government of Canada is the owner of all intellectual property rights (including copyright) in this data product. You are granted a non-exclusive, non-assignable and non-transferable licence to use this data product subject to the terms below.This licence is not a cession of any or all of the owner's rights. This data product may only be used by you, and you may not sell, rent, lease, lend, sub-licence, transfer or cede in any way the data product or any of your rights under this agreement to anyone else. You may not use any part of the data product to develop or derive any other data product for distribution or commercial sale, without a licence to do so.This data product is provided as-is, and the owner makes no warranty, either express or implied, including but not limited to, warranties of merchantability and fitness for a particular purpose. In no event will the owner be liable for any indirect, special, consequential or other damages however caused. This agreement will terminate automatically without notice to you if you fail to comply with any term of this agreement.It is YOUR RESPONSIBILITY to ensure that your use of this data product complies with these terms and to seek prior written permission from Elections Canada for any uses not permitted or not specified in this agreement.ANY USE WHATSOEVER OF THIS DATA PRODUCT SHALL CONSTITUTE YOUR ACCEPTANCE OF THE TERMS OF THIS AGREEMENT. For further information please contact the Associate Director, Electoral Geography Division, Register and Geography Directorate, Elections Canada, Ottawa, K1A 0M6 (toll free 1 800 267-7360).",,,"Restricted to U of T faculty, staff, and students.",Elections Canada,,2005,CANADA (INCLUSIVE),BOUNDARIES; ELECTORAL,2005,,Elections Canada,Elections Canada (Crown),,Vector,NAD83,38687 - 2003 representation order,,Ottawa,Lambert Conformal,Elections Canada,Citation,None,,2003
278,Toronto Mono Viewer [TMV 2] - March 2007 Update,"Toronto Mono Viewer 2 allows you to view and obtain information from aerial photos of the entire City of Toronto. TMV2 is a custom viewer software that is linked to 1,500 aerial images, 435,000 municipal addresses and 64,000 x,y,z co-ordinate points covering the entire amalgamated City of Toronto. Simply search or browse for an area, zoom in and out and you have a clear, quality aerial photograph.* Gain instant access to georeferenced, high resolution aerial images of the entire City of Toronto* Access built in property mapping* Search to easily locate street intersections, addresses, or GPS co-ordinates* Pan across the entire city, jumping from image to image* Zoom into images at scales beyond 1:1,000* Measure lengths, perimeters, areas, elevations, and slope percentages* Overlay georeferenced CAD vector files* Create your own maps and label them* Paste views into reports using the Windows© clipboard* Export views as TIFF imagesSimply search by street intersection or address to instantly view the required aerial image. Then zoom in or out to scales beyond 1:1000 and pan through the image to obtain the exact required view on the screen.Reference the supplied mapping files or your own vector mapping in dgn and dxf format onto the aerial image. Instantly view property lines and street lines by referencing the built-in property mapping.TMV2 includes:* Over 1,500 aerial photos* Property and street line mapping* Street Centreline (including street names) mapping* Orthoimagery and Property Data Map Indexes, and* Ravine Mapping",See also CD # 203 and 279,,"Restricted to U of T faculty, staff, and students.",City of Toronto Works and Emergency Services,,2004,TORONTO,AIR PHOTOS; BOUNDARIES; BUILDING OUTLINES; DIGITAL ELEVATION MODEL; ELEVATION; PROPERTY BOUNDARIES; ROADS; STREETS,,,,City of Toronto and its licensors,,Raster; Vector,,,,Toronto,,City of Toronto Works & Emergency Services,Citation,None,,2004 to 2007
279,Toronto Mono Viewer [TMV 2] - March 2007 Update,"Toronto Mono Viewer 2 allows you to view and obtain information from aerial photos of the entire City of Toronto. TMV2 is a custom viewer software that is linked to 1,500 aerial images, 435,000 municipal addresses and 64,000 x,y,z co-ordinate points covering the entire amalgamated City of Toronto. Simply search or browse for an area, zoom in and out and you have a clear, quality aerial photograph.* Gain instant access to georeferenced, high resolution aerial images of the entire City of Toronto* Access built in property mapping* Search to easily locate street intersections, addresses, or GPS co-ordinates* Pan across the entire city, jumping from image to image* Zoom into images at scales beyond 1:1,000* Measure lengths, perimeters, areas, elevations, and slope percentages* Overlay georeferenced CAD vector files* Create your own maps and label them* Paste views into reports using the Windows© clipboard* Export views as TIFF imagesSimply search by street intersection or address to instantly view the required aerial image. Then zoom in or out to scales beyond 1:1000 and pan through the image to obtain the exact required view on the screen.Reference the supplied mapping files or your own vector mapping in dgn and dxf format onto the aerial image. Instantly view property lines and street lines by referencing the built-in property mapping.TMV2 includes:* Over 1,500 aerial photos* Property and street line mapping* Street Centreline (including street names) mapping* Orthoimagery and Property Data Map Indexes, and* Ravine Mapping",See also CD # 203 and 278,,"Restricted to U of T faculty, staff, and students.",City of Toronto Works and Emergency Services,,2004,TORONTO,AIR PHOTOS; BOUNDARIES; BUILDING OUTLINES; DIGITAL ELEVATION MODEL; ELEVATION; PROPERTY BOUNDARIES; ROADS; STREETS,,,,City of Toronto and its licensors,,Raster; Vector,,,,Toronto,,City of Toronto Works & Emergency Services,Citation,None,,2004 to 2007
280,Toronto Property Data Maps (PDMs) - UTM CAD + Shapefile,"Data includes: Building lines, hydro towers, curbs, curblines, curb points, catch basins, electrical pols, garage lines, garage polygons, general poles, historical sites, fire hydrants, light standards, miscellaneous structures, parks, pathways, pedestrian street lights, railways, spot elevation, street car tracks, street lines, street names, subway tracks, telephone poles, traffic lights, and transmission lines. CAD files are for 2006, PDF files are for 2007",,,"Restricted to U of T faculty, staff, and students.","Works and Emergency Services, City of Toronto",,2006,TORONTO,BOUNDARIES; BUILDING OUTLINES; BUILDINGS - FOOTPRINTS; HIGHWAYS; MAPS; METADATA; MUNICIPALITIES; POLICE; PROPERTY BOUNDARIES; RAIL TRANSIT; RAILROADS; ROADS; STREETS; TRAILS; TRAIN; TRANSIT,,,,City of Toronto,,Vector,,2006-07,,Toronto,,City of Toronto,Citation,None,,2006 to 2007
281,Virtual Reality in Geography,"The ideas and techniques of virtual reality are now being made available for the creation of artificial or virtual geographies (a virtual geography refers to the creation of artificial geographies for use in research and teaching, using ideas and techniques from the field of virtual reality (VR)). Such virtual geographies are currently being constructed and used at a number of sites and include virtual cities, landscape visualization, visualizing past and future geographies, visualizing abstract concepts and taking people on virtual field courses. Virtual Reality in Geography covers 'through the window' VR systems, 'fully immersive' VR systems and hybrids of the two types. The authors examine the Virtual Reality Modeling Language approach, and explore its deficiencies when applied to real geographic environments. This book will be of great interest to geographers, computer scientists and all those interested in multimedia and computer graphics. There is an accompanying CD-ROM containing a rich selection of images and pieces of virtual reality software. This is a totally unique book covering an area of geography that is rapidly becoming used in all aspects of the field. It covers all the major uses and methods of virtual reality used by geographers and the lack of anything else written about the subject to date should ensure a wide readership. The authors have produced a CDROM that comes with the book of virtual reality images that will be a fascinating companion to the text.",,,"Restricted to U of T faculty, staff, and students.","Fisher, Peter &amp; D. Unwin (ed)",,2002,,COMPUTER SCIENCE; REMOTE SENSING; VIRTUAL REALITY,,,,Taylor &amp; Francis,,Vector,,,,London &amp; New York,,Taylor &amp; Francis,None,None,,2002
282,Atlas Ilustrado de Los Pueblos de Indios Nueva Espana 1800,,,https://librarysearch.library.utoronto.ca/permalink/01UTORONTO_INST/14bjeso/alma991106437762906196,,Tanck de Estrada,,,,,,,,,,,,,,,,,,,,
283,Les Villes Nouvelles atlas Statistique 1968-1999,"This atlas of the new cities which covers the period of 1968-1999, was produced by the regional Directorate of Island-of-France of INSEE, the Economic and Statistical Department of the direction of the Economic affairs and international of the ministry for the Equipment, and the interdepartmental Programme of History and evaluation of the French new cities (HEVN).This work presents a statistical analysis of the nine French new cities covering the period 1968-1999: Cergy-Pontoise, Evry, Marne-the-Valley, Saint-Quentin-in-Yvelines, Sénart, Isle d' Abeau, Banks of the Pond of Berre, Valley-of-Reuil and Villeneuve d' Ascq.",,,"Restricted to U of T faculty, staff, and students.",INSEE & HEVNE,,2004,FRANCE,CITIES; STATISTICS; TOWNS,,,,,,Vector,,,,Paris,,INSEE ; Villes nouvelles françaises,None,None,,1968 to 1999
284,Burlington GIS Dataset and Air Photos - DTM,"Polylines and Elevation points. Polylines are all in one layer and encompass building outlines, streets, curbs, etc. arenas, tennis courts, vacant lands, ward",,,"Restricted to U of T faculty, staff, and students.",City of Burlington,,2005,BURLINGTON,ADDRESSES; AIR PHOTOS; AIR PHOTOS - COLOUR; BOUNDARIES - POLITICAL; BUILDING OUTLINES; BUILDINGS - FOOTPRINTS; BUILDINGS - POINTS; DIGITAL TERRAIN MODEL; EDUCATION; FIRE; GOLF COURSES; HEALTH; HYDROGRAPHY; LIBRARIES; POLICE; RECREATION; ROADS; SPOT HEIGHTS; ZONING,,,,City of Burlington,,Raster; Vector,,2005,,Burlington Ontario,,City of Burlington,Citation,None,,2005
285,Burlington GIS Dataset and Air Photos - 2005 MrSid,"Polylines and Elevation points. Polylines are all in one layer and encompass building outlines, streets, curbs, etc. arenas, tennis courts, vacant lands, ward",,,"Restricted to U of T faculty, staff, and students.",City of Burlington,,2005,BURLINGTON,ADDRESSES; AIR PHOTOS; AIR PHOTOS - COLOUR; BOUNDARIES - POLITICAL; BUILDING OUTLINES; BUILDINGS - FOOTPRINTS; BUILDINGS - POINTS; DIGITAL TERRAIN MODEL; EDUCATION; FIRE; GOLF COURSES; HEALTH; HYDROGRAPHY; LIBRARIES; POLICE; RECREATION; ROADS; SPOT HEIGHTS; ZONING,,,,City of Burlington,,Raster; Vector,,2005,,Burlington Ontario,,City of Burlington,Citation,None,,2005
286,Former City of Toronto Zoning By-laws Office Consolidations - 2007,,,,"Restricted to U of T faculty, staff, and students.",City of Toronto City Planning Department,,2007,TORONTO,STREETS; ZONING,,,,City of Toronto,,Vector,,"2007, 2012",,,,,Citation,None,,2007 to 2012
287,Remote Sensing in Archaeology,"eleven archaeologists reveal how the broad application of remote sensing, and especially geophysical techniques, is altering the usual conduct of dirt archaeology. Using case studies that both succeeded and failed, they offer a comprehensive guide to remote sensing techniques on archaeological sites throughout North America. Because this new technology is advancing on a daily basis, the book is accompanied by a CD intended for periodic update that provides additional data and illustrations.",,,"Restricted to U of T faculty, staff, and students.","Johnson, Jay K.",,2006,NORTH AMERICA (INCLUSIVE),ANTIQUITIES; ARCHAEOLOGY; HISTORICAL; REMOTE SENSING,,,,University of Alabama,,Vector,,2006,,"Tuscaloosa, Alabama",,University of Alabama Press for Archaeological Research,None,None,,2006
288,GIS for the Urban Environment,"GIS for the Urban Environment focuses on the use of GIS in urban planning and problem solving, and is aimed at both large and small cities and metropolitan areas. It will be of interest to all students and practitioners who want to learn more about how they might apply GIS to their daily practices, be they in urban planning, public health, urban environmental assessment, hazard and emergency management, geographical analysis, or sustainable community development.",,,"Restricted to U of T faculty, staff, and students.","Maantay, Julian and J. Ziegler",,2006,,CITIES; GEOGRAPHIC INFORMATION SYSTEMS; TOWNS,,,,ESRI Press,,Raster; Vector,,2006,,"Redlands, California",,ESRI Press,None,None,,
289,Goad FIP - Vol. 4-12,,,,,"Goad, Charles E.",,,,,,,,,,,,,,,,,,,,
290,"Goad FIP - Vol. 7, 8",,,,,"Goad, Charles E.",,,,,,,,,,,,,,,,,,,,
291,Atlante Geografico Multimediale d'Italia,,,https://librarysearch.library.utoronto.ca/permalink/01UTORONTO_INST/mi8gb7/alma991106632693706196,,Unknown,,,,,,,,,,,,,,,,,,,,
292,Geological Atlas of Africa - 2006,"Here is the new edition of the first attempt to summarize the geology of Africa by presenting it in an atlas and to synthesize the stratigraphy, tectonics, economic geology, geohazards and geosites of each country and territory of the continent. Furthermore, the digitized geological maps are correlated and harmonized according to the current stratigraphic timetable. The atlas aims to contribute to capacity building in African Earth Sciences and to aid the initiation of research and enable the achievement of economic opportunities by providing a database of basic geological background information.",See also CD # 322,,"Restricted to U of T faculty, staff, and students.","Schluter, Thomas",,2006,AFRICA,DATA SOURCES; ECOLOGY; GEOLOGY; MAPS,,,,Springer,,Vector,,2006,,New York,,Springer Berlin Heidelberg,None,None,,2006
293,Burlington GIS Dataset and Air Photos - Features,"Polylines and Elevation points. Polylines are all in one layer and encompass building outlines, streets, curbs, etc. arenas, tennis courts, vacant lands, ward",,,"Restricted to U of T faculty, staff, and students.",City of Burlington,,2005,BURLINGTON,ADDRESSES; AIR PHOTOS; AIR PHOTOS - COLOUR; BOUNDARIES - POLITICAL; BUILDING OUTLINES; BUILDINGS - FOOTPRINTS; BUILDINGS - POINTS; DIGITAL TERRAIN MODEL; EDUCATION; FIRE; GOLF COURSES; HEALTH; HYDROGRAPHY; LIBRARIES; POLICE; RECREATION; ROADS; SPOT HEIGHTS; ZONING,,,,City of Burlington,,Raster; Vector,,2005,,Burlington Ontario,,City of Burlington,Citation,None,,2005
294,Goad FIP- FIP Scans 1,,,,,"Goad, Charles E.",,,,,,,,,,,,,,,,,,,,
295,Land Cover Classification System Classification Concepts and User Manual,"This Land Cover Classification System was developed by FAO and UNEP, it enables the comparison of land cover classes regardless of map scale, land cover type, data collection method or geographic location. It is the only universally accepted classification system in use and is an important tool in global mapping.",,,"Restricted to U of T faculty, staff, and students.","Di Gregorio, Antonio",,2005,WORLD (ENTITY),LAND COVER; LAND USE; THEMATIC MAPPING,2005,,"Di Gregorio, Antonio",FAO,,Vector,,,,Rome,,Food and Agriculture Organization of the United Nations,None,None,,2005
296,Atlas of Antarctica,,,https://librarysearch.library.utoronto.ca/permalink/01UTORONTO_INST/mi8gb7/alma991106073542406196,,"Hertzfield, Christina",,,,,,,,,,,,,,,,,,,,
297,Teranet - Ontario Parcel Data - York Update 2007,"To request access, if you are a current U of T student, staff, or faculty, please contact us.

Contains:
1) Basic property report correlating the ownership PIN to the assessment roll number.2)Digital property ownership parcel polygons, attributed with the 9-digit PIN, comprising the area of the regions in shapefile format.York data are from september 2007.",,https://utoronto.sharepoint.com/sites/UTL-MDL-LicensedDataAndSoftware/Teranet,"Restricted to U of T faculty, staff, and students.",Teranet,,2007,DURHAM COUNTY; FRONTENAC COUNTY; HALTON COUNTY; HASTINGS COUNTY; LENNOX ADDINGTON COUNTY; NORTHUMBERLAND COUNTY; ONTARIO; PEEL COUNTY; SIMCOE COUNTY; TORONTO; VICTORIA COUNTY; YORK COUNTY,LAND USE; PARCELS; PROPERTY BOUNDARIES,,,,Teranet,,Vector,,2007,,Toronto,,Teranet,Citation,None,,2007
298,Population Atlas of Slovakia,"Population atlas of Slovakia is the scientific analysis and cartographic interpretation of the demographic situation in Slovakia. It represents the first comprehensive processing of complete fundamental information on development, distribution, housing, dynamic and prognoses of the population in Slovakia. The set of maps represents the work at a high scientific, informative and cultural value",,,"Restricted to U of T faculty, staff, and students.",Comenius University,,2006,SLOVAKIA,DATA SOURCES; MAPS; POPULATION,,,,Comenius University,,Vector,,2006,,Bratislava,,,None,None,,2006
299,2003 Toronto Air Photos (Orthorectified) - 1,,Disc 1 of 3,,"Restricted to U of T faculty, staff, and students.","City of Toronto, Works and Emergency Services",,2003 Jan 1st,TORONTO,AIR PHOTOS; AIR PHOTOS - BLACK AND WHITE; AIR PHOTOS - BLACK AND WHITE - ORTHORECTIFIED,,,,City of Toronto,,Raster,,,,Toronto,,"City of Toronto, Works and Emergency Services",Citation,None,,2003
300,2003 Toronto Air Photos (Orthorectified) - 2,,Disc 2 of 3,,"Restricted to U of T faculty, staff, and students.","City of Toronto, Works and Emergency Services",,2003 Jan 1st,TORONTO,AIR PHOTOS; AIR PHOTOS - BLACK AND WHITE; AIR PHOTOS - BLACK AND WHITE - ORTHORECTIFIED,,,,City of Toronto,,Raster,,,,Toronto,,"City of Toronto, Works and Emergency Services",Citation,None,,2003
301,2003 Toronto Air Photos (Orthorectified) - 3,,Disc 3 of 3,,"Restricted to U of T faculty, staff, and students.","City of Toronto, Works and Emergency Services",,2003 Jan 1st,TORONTO,AIR PHOTOS; AIR PHOTOS - BLACK AND WHITE; AIR PHOTOS - BLACK AND WHITE - ORTHORECTIFIED,,,,City of Toronto,,Raster,,,,Toronto,,"City of Toronto, Works and Emergency Services",Citation,None,,2003
302,Biodiversity Characterisation at Landscape Level in Western Ghats India using Satellite Remote Sensing and GIS,"This project is a pioneering effort to create geo-spatial database on vegetation cover types, disturbance regimes and biological richness. The spatial data have also been linked with the species database of Botanical Survey of India-Red Data Book and field sample data laid down in the different strata of vegetation. Attempts have also been made to overlay Botanical Survey of India-Red Data Book-species locations (as indicated habitats) on the maps generated in the present study.",Call number: QH541.15 .R4 B56 2002,,"Restricted to U of T faculty, staff, and students.","Indian Institute of Remote Sensing, Dept. of Space, Govt. of India",,2002,INDIA,ENVIRONMENT; GEOGRAPHIC INFORMATION SYSTEMS; REMOTE SENSING; VEGETATION,2002,,"Indian Institute of Remote Sensing, Dept. of Space, Govt. of India",Indian Institute of Remote Sensing,,Raster; Vector,,2002,http://www.dbtindia.nic.in/r&amp;d/bioprosmoltax.html,Dehradun,,Shiva Offset Press,None,None,,2002
303,Climate Atlas of the Atlantic Ocean Derived from the Comprehensive Ocean Atmospheric Data Set (COADS),"The area covered is the Atlantic Ocean, including the South Atlantic. The book contains 428 plates, 19 figures, and 2 tables pertaining to different aspects of oceanic temperature and atmosphere. Comes with a supplemental CD-ROM.",,,"Restricted to U of T faculty, staff, and students.","Lindau, Ralf.",,2000,ATLANTIC OCEAN,CLIMATE; OCEANOGRAPHY; TEMPERATURES,,,,Verlag,,Vector,,2000,,,,Springer Verlag,None,None,,2000
304,Exploring the urban community: a GIS approach,,Contains files to complete tutorial,https://librarysearch.library.utoronto.ca/permalink/01UTORONTO_INST/14bjeso/alma991106111043006196,,"Greene, Richard P.",,,,,,,,,,,,,,,,,,,,
305,City of Brampton GIS Datasets and Air photos - 2007 Orthos,,"Orthos on CD, shapefiles online",,"Restricted to U of T faculty, staff, and students.",City of Brampton,,2007,BRAMPTON,AIR PHOTOS; AIR PHOTOS - COLOUR; BOUNDARIES; BUILDING OUTLINES; DRIVEWAYS; HYDROLOGY; PARKING; RAIL TRANSIT; RAILROADS; ROADS; SIDEWALKS; UTILITIES,,,,,,SHAPEFILE,,,,,,City of Brampton,None,None,,2007
306,City of Brampton GIS Datasets and Air photos - GIS files,,,,"Restricted to U of T faculty, staff, and students.",City of Brampton,,2007,BRAMPTON,AIR PHOTOS; AIR PHOTOS - COLOUR; BOUNDARIES; BUILDING OUTLINES; DRIVEWAYS; HYDROLOGY; PARKING; RAIL TRANSIT; RAILROADS; ROADS; SIDEWALKS; UTILITIES,,,,,,SHAPEFILE,,,,,,City of Brampton,None,None,,2007
307,City of Mississauga GIS Datasets and Air photos - 2008,"February 2008 update includes Landuse (land use) and zoning. March 2008 update includes Storm Sewer Network.

",See also CD # 307a,,"Restricted to U of T faculty, staff, and students.",City of Mississauga,,2007,MISSISSAUGA,ADDRESSES; AIR PHOTOS; AIR PHOTOS - COLOUR; BUILDING OUTLINES; BUILDINGS; BUILDINGS - FOOTPRINTS; CONTOURS; CULTURAL; DIGITAL ELEVATION MODEL; DIGITAL TERRAIN MODEL; ELEVATION; LAND USE; LANDMARKS; PARKING; PLANIMETRIC; POINTS OF INTEREST; RECREATION; ROADS; SIDEWALKS; TRIANGULATED SURFACES; UTILITIES; VEGETATION,2007,,City of Mississauga,City of Mississauga,2008,Raster; Vector,,,,,UTM,City of Mississauga,None,None,,2007 to 2008
307a,City of Mississauga GIS Datasets and Air photos - 2008 - Update,February 2008 update includes Landuse (land use) and zoning. March 2008 update includes Storm Sewer Network.,See also CD # 307,,"Restricted to U of T faculty, staff, and students.",City of Mississauga,,2007,MISSISSAUGA,ADDRESSES; AIR PHOTOS; AIR PHOTOS - COLOUR; BUILDING OUTLINES; BUILDINGS; BUILDINGS - FOOTPRINTS; CONTOURS; CULTURAL; DIGITAL ELEVATION MODEL; DIGITAL TERRAIN MODEL; ELEVATION; LAND USE; LANDMARKS; PARKING; PLANIMETRIC; POINTS OF INTEREST; RECREATION; ROADS; SIDEWALKS; TRIANGULATED SURFACES; UTILITIES; VEGETATION,,,,City of Mississauga,,Raster; Vector,,,,,,City of Mississauga,None,None,,2007 to 2008
308,China Digital Maps,"Other layers not described also include:Danger points; Sand; Mudflat; Provinces; Prefectures; Counties; 2, 3, and 4 digit postal codes; extraction areas and points, Great Wall of China, dams; islands",,,"Restricted to U of T faculty, staff, and students.",GfK GeoMarketing,,2004,CHINA,AIRPORTS; BOUNDARIES; BOUNDARIES - POLITICAL; CITIES; COAST; ELEVATION; FLOODING; HIGHWAYS; HISTORICAL; HYDROGRAPHY; ICE; INDUSTRIAL; INDUSTRY; INFRASTRUCTURE; LAKES; PIPELINES; PLACENAMES; POSTAL GEOGRAPHY; RAILROADS; ROADS; SNOW,2004,,GfK GeoMarketing,GfK GeoMarketing,,SHAPEFILE,,,,Germany,Geographic,GfK GeoMarketing,Citation,None,,2004
309,Thailand Digital Maps,"Boundaries include: districts (Amphe,Khat); provinces (Changwats); and regions.",,,"Restricted to U of T faculty, staff, and students.",GfK GeoMarketing,,1996,THAILAND,BOUNDARIES; BOUNDARIES - POLITICAL; CITIES; LAKES; RIVERS; ROADS,1996,,GfK GeoMarketing,GfK GeoMarketing,2004,Vector,,,,Germany,Geographic,GfK GeoMarketing,None,None,,1996 to 2004
310,Historical Air Photos Oshawa and Surrounding Area,"Scanned aerial photos in jpeg, geo-tiff format. Hard copy aerial photos also available.

1965: 1"" to 500'
1969: 1"" to 1000'
1972: 1"" to 1714'",,,"Restricted to U of T faculty, staff, and students.",Unknown,,1965,DURHAM COUNTY; OSHAWA,AIR PHOTOS - BLACK AND WHITE; HISTORICAL,1965,,,,1972,Raster,,,,,,Ontario Ministry of Natural Resources,Citation,None,various,1965 to 1972
311,Topographic Layers Greater Toronto Area,"Data contains Breaklines (which include road / street widths), contours at 1 metre intervals and 2 metre intervals, and a (triangulated irregular network (TIN) model, and DTM points. Toronto contours.",,,"Restricted to U of T faculty, staff, and students.",Ontario Ministry of Natural Resources (OMNR),,2002,TORONTO,DIGITAL ELEVATION MODEL; DIGITAL TERRAIN MODEL; ELEVATION; REMOTE SENSING; ROADS; STREETS; TOPOGRAPHY; TRIANGULATED IRREGULAR NETWORK (TIN),2002,,Ontario Ministry of Natural Resources (OMNR),,,SHAPEFILE,NAD 83,,,Peterborough,UTM Zone 17,Ontario Ministry of Natural Resources (OMNR),Citation,None,,2002
312,Historical Toronto Streets / Roads,"Historical Toronto Streets in: 1818, 1834, 1842, 1851, 1861, 1871, 1884. Based upon Mapping early Toronto: a preliminary historical atlas, 1793-1871 by Alan M. Craig. Original data can be found on CD[312] and the Local Intranet in the MDL - U:\Geodata\Canada\ON\Toronto\TorontoCity\Roads_historical",,,Publicly accessible,"Marcel Fortin, University of Toronto Map and Data Library",,2011,TORONTO,ROADS,2011,,"Marcel Fortin, University of Toronto Map and Data Library",Marcel Fortin (vector data),,SHAPEFILE,NAD83,,,,Geographic,"Marcel Fortin, University of Toronto Map and Data Library",Citation,None,,1818 to 1884
313,London (Ont) Shapefile topos and Orthophotos. - 2007,"Digital Mapping CD DWG/Shape files

Double & single line street map of city of London,

parcel/property map shapeformat,

orthoimagery city of London 2005-2010

1:2000 topographic mapping.",,,"Restricted to U of T faculty, staff, and students.","City of London, Ont.",,2005,LONDON (ONTARIO),AIR PHOTOS - COLOUR - ORTHORECTIFIED; BOUNDARIES; BUILDING OUTLINES; CONTOURS; DIGITAL IMAGE PROCESSING; PARCELS; PROPERTY BOUNDARIES; ROADS; STREETS; TOPOGRAPHY,,,,,,Raster; Vector,,2005-2012,,"London, Ont.",,,Citation,None,,2005 to 2012
314,City of Mississauga GIS Datasets and Air photos - 2008 - Sewers,February 2008 update includes Landuse (land use) and zoning. March 2008 update includes Storm Sewer Network.,See also CD # 307 and 307a,,"Restricted to U of T faculty, staff, and students.",City of Mississauga,,2007,MISSISSAUGA,ADDRESSES; AIR PHOTOS; AIR PHOTOS - COLOUR; BUILDING OUTLINES; BUILDINGS; BUILDINGS - FOOTPRINTS; CONTOURS; CULTURAL; DIGITAL ELEVATION MODEL; DIGITAL TERRAIN MODEL; ELEVATION; LAND USE; LANDMARKS; PARKING; PLANIMETRIC; POINTS OF INTEREST; RECREATION; ROADS; SIDEWALKS; TRIANGULATED SURFACES; UTILITIES; VEGETATION,,,,City of Mississauga,,Raster; Vector,,,,,,City of Mississauga,None,None,,2007 to 2008
315,Niagara Escarpment Plan Digital Data and Maps,"README from Distribution source: The Niagara Escarpment Plan is, from time to time, subject to change through boundary interpretations and amendment under the Niagara Escarpment Planning and Development Act. The Niagara Escarpment Plan designations and boundaries shown on this map are approximate and subject to confirmation through site inspection and the application of the Interpretation of Boundaries section of the Niagara Escarpment Plan. The Niagara Escarpment Plan maps are approved at 1:50,000 scale, and that is the scale at which this data should be interpreted. Reference must be made to the approved Niagara Escarpment Plan and amendments for complete and up-to-date information. This map is not a legal document and may contain errors or omissions. 2005 Queen's Printer for Ontario Please Note:License agreement must be read by user and agreed to before use.",Required license agreement,,"Restricted to U of T faculty, staff, and students.",Niagara Escarpment Commission,,2008,ONTARIO,BOUNDARIES; CLASSIFICATION; LAND USE; PLANNING; POLICY,2008,,Niagara Escarpment Commission,Her Majesty the Queen,,Vector,NAD83,,,"Georgetown, Ontario",UTM Zone 17,Niagara Escarpment Commission / Ontario Ministry of Natural Resources,Citation,None,1:50000,2008
316,Toronto Region Conservation Authority,"contains: Contours, Municipalities, Natural Cover, TRCA Property, Water Bodies, Watercourses, Watersheds, Flora, and Fauna. Flora and fauna, and vegetation type are to be use only for evaluation and analysis. They are not to be displayed in any format for public viewing, including maps in reports or maps at public consultation centres, as per the digital data agreement with the TRCA.",,https://utoronto.sharepoint.com/sites/UTL-MDL-LicensedDataAndSoftware/TRCA,"Restricted to U of T faculty, staff, and students.",Toronto Region Conservation Authority,,2008,TORONTO,BOUNDARIES; CONSERVATION AUTHORITY; CONTOURS; ELEVATION; FAUNA; FLORA; HYDROGRAPHY; MUNICIPALITIES; ROADS; VEGETATION; WATER; WETLANDS,2008,,Toronto Region Conservation Authority,Toronto Region Conservation Authority,,Vector,NAD83,2008,,,UTM Zone 17,Toronto Region Conservation Authority,Written,None,,2008
317,Halton Hills Air Photos,"Air photos donated to the Map Library by the University of Waterloo Map Library.Other areas covered include: Georgetown, Norval, and Whaley's Corner",,,Publicly accessible,Unknown,,1952,GEORGETOWN; HALTON HILLS,AIR PHOTOS; AIR PHOTOS - BLACK AND WHITE,1952,,Unknown,,,Raster,,,,,,Unknown,None,None,1.45 metres,1952
318,Places to Grow : GIS Files for the Built Boundary for the Growth Plan for the Greater Golden Horseshoe,"User must agree to license agreement from ministry

Update 2020: Please note that this dataset appears to have been uploaded to the Ontario Data Catalogue for public use: https://data.ontario.ca/dataset/built-boundary-for-the-growth-plan-for-the-greater-golden-horseshoe-2006",,,"Restricted to U of T faculty, staff, and students.",Ministry of Public Infrastructure Renewal,,2006,BARRIE; BRANT; BRANTFORD; DUFFERIN COUNTY; DURHAM COUNTY; GUELPH; HALDIMAND-NORFOLK COUNTY; HALTON COUNTY; HAMILTON; KAWARTHA; NIAGARA; NORTHUMBERLAND COUNTY; ORILLIA; PEEL COUNTY; PETERBOROUGH; PETERBOROUGH COUNTY; SIMCOE COUNTY; TORONTO; WATERLOO; WELLINGTON COUNTY; YORK,,2006,,Ministry of Public Infrastructure Renewal,Ministry of Public Infrastructure Renewal; Her Majesty the Queen,,Vector,NAD83,2008,,"Toronto, Ontario",UTM Zone 17,Ministry of Public Infrastructure,Citation,Signed,,2006
319,Soils of Southern Ontario,Digital soils data of southern Ontario. Data is derived from the original soil survey reports and maps produced by Ontario Ministry of Agriculture and Food. Also includes organic soils.,,,"Restricted to U of T faculty, staff, and students.",Ontario Ministry of Agriculture and Food. Agriculture and AgriFood Canada,,2005,BRANT; BRUCE; DUFFERIN COUNTY; DURHAM COUNTY; ELGIN COUNTY; ESSEX COUNTY; FRONTENAC COUNTY; GREY COUNTY; HALDIMAND-NORFOLK COUNTY; HALTON COUNTY; HAMILTON; HURON COUNTY; LAMBTON COUNTY; LEEDS COUNTY; LENNOX ADDINGTON COUNTY; MANITOULIN; MIDDLESEX COUNTY; NIAGARA; NORTHUMBERLAND COUNTY; OXFORD COUNTY; PEEL COUNTY; PERTH COUNTY; PETERBOROUGH COUNTY; PRESCOTT; PRINCE EDWARD COUNTY; RENFREW COUNTY; SIMCOE COUNTY; SOUTHERN ONTARIO; STORMONT COUNTY; VICTORIA COUNTY; WATERLOO COUNTY; WELLINGTON COUNTY; YORK COUNTY,SOILS,2005,,Ontario Ministry of Agriculture and Food. Agriculture and AgriFood Canada,Ontario Ministry of Agriculture,,SHAPEFILE,NAD83,,,"Guelph, Ontario",UTM,Ontario Ministry of Agriculture and Food and Ontario Ministry of Natural Resources,None,None,scales vary,2005
320,Neighbourhood environments and resources for healthy living a focus on diabetes in Toronto,,Contains copy of atlas and presentation with key findings,https://librarysearch.library.utoronto.ca/permalink/01UTORONTO_INST/14bjeso/alma991106558042706196,,"Toronto, ON: Institute for Clinical Evaluative Sciences",,,,,,,,,,,,,,,,,,,,
321,Community geography : GIS in action,,Contains data for exercises,https://librarysearch.library.utoronto.ca/permalink/01UTORONTO_INST/14bjeso/alma991106217084106196,,"English, Kim.",,,,,,,,,,,,,,,,,,,,
322,Geological Atlas of Africa - 2nd edition (2008),"Here is the new edition of the first attempt to summarize the geology of Africa by presenting it in an atlas and to synthesize the stratigraphy, tectonics, economic geology, geohazards and geosites of each country and territory of the continent. Furthermore, the digitized geological maps are correlated and harmonized according to the current stratigraphic timetable. The atlas aims to contribute to capacity building in African Earth Sciences and to aid the initiation of research and enable the achievement of economic opportunities by providing a database of basic geological background information.",See also CD # 292,,"Restricted to U of T faculty, staff, and students.","Schluter, Thomas",,2006,AFRICA,DATA SOURCES; ECOLOGY; GEOLOGY; MAPS,,,,Springer,,Vector,,2006,,New York,,Springer Berlin Heidelberg,None,None,,2006
323,GIS Tutorial for Health,"GIS Tutorial for Health CD ROM is used for teaching geographic information system (GIS) software to health professionals. The book and CD-ROM are designed to help students use GIS to solve problems in health-care and gain hands-on experience visualizing and analyzing health-related data. The scenarios address substantive issues of health care policy and planning.Hardware requirements: A minimum 1GHz processing speed; 512 MB RAM; 1 GB free hard disk space, including 50 MB on the operating system drive; an additional 285 MB hard disk space is required for the exercise data.",,,"Restricted to U of T faculty, staff, and students.","Kurland, Kristen S. & W. Gorr",,2007,UNITED STATES (ENTITY),GEOGRAPHIC INFORMATION SYSTEMS; MEDICAL GEOGRAPHY,,,,,,Raster; Vector,,2007,,"Redlands, California",,ESRI Press,Citation,None,,
324,City of Mississauga Datasets and Air photos - 2008 - 08/08,"February 2008 update includes Landuse (land use) and zoning. March 2008 update includes Storm Sewer Network.Land Use layers are for existing land use.

",,,"Restricted to U of T faculty, staff, and students.",City of Mississauga,,2008,MISSISSAUGA,ADDRESSES; AIR PHOTOS; AIR PHOTOS - COLOUR; BUILDING OUTLINES; BUILDINGS; BUILDINGS - FOOTPRINTS; CONTOURS; CULTURAL; DIGITAL ELEVATION MODEL; DIGITAL TERRAIN MODEL; ELEVATION; LAND USE; LANDMARKS; PARKING; PLANIMETRIC; POINTS OF INTEREST; RECREATION; ROADS; SIDEWALKS; TRIANGULATED SURFACES; UTILITIES; VEGETATION; ZONING,,,,City of Mississauga,,Raster; Vector,,,,,,City of Mississauga,None,None,,2008
325,Aquatic Landscape Inventory Software (ALIS),"for full dataset, see DVD-ROM[325]",,,"Restricted to U of T faculty, staff, and students.",Ontario Ministry of Natural Resources (OMNR),,2001 Jan 1st,ONTARIO,,2001,,Ontario Ministry of Natural Resources (OMNR),Ontario Ministry of Natural Resources,,Vector,NAD 83,,,,UTM,Ontario Ministry of Natural Resources,Citation,None,,2001 to 2003
326,London (Ont) Shapefile topos and Orthophotos. - 2008,"Digital Mapping CD DWG/Shape files

Double & single line street map of city of London,

parcel/property map shapeformat,

orthoimagery city of London 2005-2010

1:2000 topographic mapping.",,,"Restricted to U of T faculty, staff, and students.","City of London, Ont.",,2005,LONDON (ONTARIO),AIR PHOTOS - COLOUR - ORTHORECTIFIED; BOUNDARIES; BUILDING OUTLINES; CONTOURS; DIGITAL IMAGE PROCESSING; PARCELS; PROPERTY BOUNDARIES; ROADS; STREETS; TOPOGRAPHY,,,,,,Raster; Vector,,2005-2012,,"London, Ont.",,,Citation,None,,2005 to 2012
327,Toronto Centreline,"- Address ranges (left and right side)
- Street names
- Road type classification",,https://open.toronto.ca/dataset/toronto-centreline-tcl/,"Restricted to U of T faculty, staff, and students.","Works and Emergency Services, City of Toronto",,2008,TORONTO,ROADS; STREETS,2008,,"Works and Emergency Services, City of Toronto",,,Vector,NAD83,,,Toronto,UTM,"Works and Emergency Services, City of Toronto",None,Signed,,2008
328,City of Mississauga Datasets and Air photos - 2008 - 05/02,February 2008 update includes Landuse (land use) and zoning. March 2008 update includes Storm Sewer Network.Land Use layers are for existing land use.,,,"Restricted to U of T faculty, staff, and students.",City of Mississauga,,2008,MISSISSAUGA,ADDRESSES; AIR PHOTOS; AIR PHOTOS - COLOUR; BUILDING OUTLINES; BUILDINGS; BUILDINGS - FOOTPRINTS; CONTOURS; CULTURAL; DIGITAL ELEVATION MODEL; DIGITAL TERRAIN MODEL; ELEVATION; LAND USE; LANDMARKS; PARKING; PLANIMETRIC; POINTS OF INTEREST; RECREATION; ROADS; SIDEWALKS; TRIANGULATED SURFACES; UTILITIES; VEGETATION; ZONING,,,,City of Mississauga,,Raster; Vector,,,,,,City of Mississauga,None,None,,2008
329,City of Mississauga Datasets and Air photos - 2008 - 12/22,February 2008 update includes Landuse (land use) and zoning. March 2008 update includes Storm Sewer Network.Land Use layers are for existing land use.,,,"Restricted to U of T faculty, staff, and students.",City of Mississauga,,2008,MISSISSAUGA,ADDRESSES; AIR PHOTOS; AIR PHOTOS - COLOUR; BUILDING OUTLINES; BUILDINGS; BUILDINGS - FOOTPRINTS; CONTOURS; CULTURAL; DIGITAL ELEVATION MODEL; DIGITAL TERRAIN MODEL; ELEVATION; LAND USE; LANDMARKS; PARKING; PLANIMETRIC; POINTS OF INTEREST; RECREATION; ROADS; SIDEWALKS; TRIANGULATED SURFACES; UTILITIES; VEGETATION; ZONING,,,,City of Mississauga,,Raster; Vector,,,,,,City of Mississauga,None,None,,2008
330,Ontario Borehole Database,,,,"Restricted to U of T faculty, staff, and students.",Land Information Ontario; Ontario Ministry of Natural Resources,,2009,ONTARIO,GEOLOGY,,,,Land Information Ontario; Ontario Ministry of Natural Resources,,MICROSOFT ACCESS,,1.2 and September 2009,,Peterborough,,Land Information Ontario,Citation,None,,2009
331,Building a GIS System Architecture Design Strategies for Managers,,,https://librarysearch.library.utoronto.ca/permalink/01UTORONTO_INST/mi8gb7/alma991106055331806196,,"Peters, Dave",,,,,,,,,,,,,,,,,,,,
332,Ontario Digital Elevation Models - Zone 17S,Request tiles from map library staff,"See also CD # 333, 334",,"Restricted to U of T faculty, staff, and students.",Ontario Ministry of Natural Resources,,2005,ONTARIO,DIGITAL ELEVATION MODEL,,,,,,Vector,,2.0.0,,,,Ontario Ministry of Natural Resources,Citation,Verbal,,2005 to 2006
333,Ontario Digital Elevation Models - Zone 18,Request tiles from map library staff,"See also CD # 332, 334",,"Restricted to U of T faculty, staff, and students.",Ontario Ministry of Natural Resources,,2005,ONTARIO,DIGITAL ELEVATION MODEL,,,,,,Vector,,2.0.0,,,,Ontario Ministry of Natural Resources,Citation,Verbal,,2005 to 2006
333.5,[General Bathymetric Chart of the Oceans (GEBCO)],"The General Bathymetric Chart of the Oceans (GEBCO) aims to provide the most authoritative, publicly-available bathymetry data sets for the world's oceans.Users must register in order to download dataset.You may download the product from the link above or use the DVD in the Map Library: DVD[333.5]",,https://www.gebco.net/,Publicly accessible,British Oceanographic Data Centre,,2003,OCEANS; WORLD (ENTITY); WORLD (INCLUSIVE),BATHYMETRY; ELEVATION; OCEANOGRAPHY,,,,British Oceanographi Data Centre.,,Vector,,,,"Birkenhead, Merseyside UK",,British Cartographic Data Centre,Citation,None,,2003
334,"Ontario Digital Elevation Models - Zone 15, 16, 17N",Request tiles from map library staff,"See also CD # 332, 333",,"Restricted to U of T faculty, staff, and students.",Ontario Ministry of Natural Resources,,2005,ONTARIO,DIGITAL ELEVATION MODEL,,,,,,Vector,,2.0.0,,,,Ontario Ministry of Natural Resources,Citation,Verbal,,2005 to 2006
335,Wind and Wave Atlas of the Mediterranean Sea,The objective of this atlas and CD is to provide long term wind and wave statistics at specified points of the Mediterranean Sea at about 50 km intervals.,Call number: QC940 .M44 W48 2004 Oversize,,"Restricted to U of T faculty, staff, and students.",Western European Union,,2004,MEDITERRANEAN REGION,OCEANOGRAPHY; WIND,2004,,Western European Union,,,Vector,,,,[Athens] [Paris],,Western European Union,None,None,,2004
336,Mapa oficial de carreteras - 2002,"The CD-ROM 7.0 provides information on road network of Spain, it is the 37th ed.of the official road map and it is interactive. It contains more than 80 different maps of Spain at different scales. It also has 4 maps of France, Portugal, Morocco and Europe.",,,"Restricted to U of T faculty, staff, and students.","Centro de Publicaciones, Ministerio de Fomento",,2002,EUROPE; FRANCE; PORTUGAL; SPAIN,CITIES; MAPS; ROADS; TOWNS,,,,,,Vector,,,,Madrid,,"Centro de Publicaciones, Ministerio de Fomento",None,None,,2002
337,Atlas Estadistico de las Areas Urbanasa de Espana,,,"
https://librarysearch.library.utoronto.ca/permalink/01UTORONTO_INST/mi8gb7/alma991105870708406196",,"Spain, Ministerio de Vivienda",,,,,,,,,,,,,,,,,,,,
338,Atlas do Mundo,,,https://librarysearch.library.utoronto.ca/permalink/01UTORONTO_INST/mi8gb7/alma991105922611906196,,ASA Edicoes,,,,,,,,,,,,,,,,,,,,
339,Mapa oficial de carreteras - 2004,"The CD-ROM 7.0 provides information on road network of Spain, it is the 37th ed.of the official road map and it is interactive. It contains more than 80 different maps of Spain at different scales. It also has 4 maps of France, Portugal, Morocco and Europe.",,,"Restricted to U of T faculty, staff, and students.","Centro de Publicaciones, Ministerio de Fomento",,2002,EUROPE; FRANCE; PORTUGAL; SPAIN,CITIES; MAPS; ROADS; TOWNS,,,,,,Vector,,,,Madrid,,"Centro de Publicaciones, Ministerio de Fomento",None,None,,2002
340,The First World Travel Atlas,,,,"Restricted to U of T faculty, staff, and students.",Wolfgang Kunth Verlag GmbH &amp; Co. KG,,2006,WORLD (ENTITY); WORLD (INCLUSIVE),MAPS; TOURISM,,,,,,Vector,,,,Munchen,,Geographic Publishers,None,None,,2006
341,Meyers groer Weltatlas Digital,,,,"Restricted to U of T faculty, staff, and students.","Astor, Ellen",,2005,WORLD (ENTITY),BOUNDARIES; BOUNDARIES - POLITICAL; MAPS,,,,Meyers Lexikonverl,,Vector,,,,"Mannheim, Germany",,Meyers Lexikonverl,None,None,,2005
342,Atlas Podnebi Ceska/Climate Atlas of Czechia,,,https://librarysearch.library.utoronto.ca/permalink/01UTORONTO_INST/mi8gb7/alma991106001190006196,,Český hydrometeorologický ústav.,,,,,,,,,,,,,,,,,,,,
343,Atlas of Deep Water Outcrops,,,https://librarysearch.library.utoronto.ca/permalink/01UTORONTO_INST/mi8gb7/alma991106283644606196,,Unknown,,,,,,,,,,,,,,,,,,,,
344,New York City Planimetric Data,"these data are available to the U of T community through the NY State GIS Cooperative.

DVD[344] contours only on network drive, not on DVD as of January 25, 2010. Contours are at 2ft intervals

New York City (NYC) Building Outlines / Footprints / Buildings",Contours not on CD,,"Restricted to U of T faculty, staff, and students.",New York State Office of Cyber Security & Critical Infrastructure Coordination,,,NEW YORK CITY,BUILDING OUTLINES; COAST; CONTOURS; PARKS; RIVERS; ROADS; STREAMS; STREETS; TRANSIT; TRANSPORTATION; WATER,,,New York State Office of Cyber Security & Critical Infrastructure Coordination,New York State,,Vector,NAD83,,,New York,StatePlane New York Long Island FIPS 3104 feet,New York State Office of Cyber Security & Critical Infrastructure Coordination,Citation,None,various,
345,City of Mississauga Datasets and Colour Orthophotos - 2009 and 2010 - July 2009,"February July 2009 update includes Landuse (land use) and zoning. March 2008 update includes Storm Sewer Network.Land Use layers are for existing land use. April 2009 is also available on DVD. See further information on this page. March 4, 2010 update for Storm Sewers.",,,"Restricted to U of T faculty, staff, and students.",City of Mississauga,,2009,MISSISSAUGA,ADDRESSES; AIR PHOTOS; AIR PHOTOS - COLOUR; AIR PHOTOS - COLOUR - ORTHORECTIFIED; BUILDING OUTLINES; BUILDINGS; BUILDINGS - FOOTPRINTS; CONTOURS; CULTURAL; DIGITAL ELEVATION MODEL; DIGITAL TERRAIN MODEL; ELEVATION; LAND USE; LANDMARKS; PARKING; PLANIMETRIC; POINTS OF INTEREST; RECREATION; ROADS; SIDEWALKS; TRIANGULATED SURFACES; UTILITIES; VEGETATION; ZONING,,,,City of Mississauga,,Raster; Vector,,,,,,City of Mississauga,None,None,,2009 to 2010
346,City of Mississauga Datasets and Colour Orthophotos - 2009 and 2011 - April 2009,"February July 2009 update includes Landuse (land use) and zoning. March 2008 update includes Storm Sewer Network.Land Use layers are for existing land use. April 2009 is also available on DVD. See further information on this page. March 4, 2010 update for Storm Sewers.",,,"Restricted to U of T faculty, staff, and students.",City of Mississauga,,2009,MISSISSAUGA,ADDRESSES; AIR PHOTOS; AIR PHOTOS - COLOUR; AIR PHOTOS - COLOUR - ORTHORECTIFIED; BUILDING OUTLINES; BUILDINGS; BUILDINGS - FOOTPRINTS; CONTOURS; CULTURAL; DIGITAL ELEVATION MODEL; DIGITAL TERRAIN MODEL; ELEVATION; LAND USE; LANDMARKS; PARKING; PLANIMETRIC; POINTS OF INTEREST; RECREATION; ROADS; SIDEWALKS; TRIANGULATED SURFACES; UTILITIES; VEGETATION; ZONING,,,,City of Mississauga,,Raster; Vector,,,,,,City of Mississauga,None,None,,2009 to 2010
347,Ontario Digital Elevation Models,Request tiles from map library staff,,,"Restricted to U of T faculty, staff, and students.",Ontario Ministry of Natural Resources,,2005,ONTARIO,DIGITAL ELEVATION MODEL,2005,,Ontario Ministry of Natural Resources,,2006,Vector,NAD83,2.0.0,,,UTM,Ontario Ministry of Natural Resources,Citation,Verbal,1:10000 and 1:20000,2005 to 2006
348,Ontario Digital Elevation Models,Request tiles from map library staff,,,"Restricted to U of T faculty, staff, and students.",Ontario Ministry of Natural Resources,,2005,ONTARIO,DIGITAL ELEVATION MODEL,2005,,Ontario Ministry of Natural Resources,,2006,Vector,NAD83,2.0.0,,,UTM,Ontario Ministry of Natural Resources,Citation,Verbal,1:10000 and 1:20000,2005 to 2006
349,Ontario Digital Elevation Models,Request tiles from map library staff,,,"Restricted to U of T faculty, staff, and students.",Ontario Ministry of Natural Resources,,2005,ONTARIO,DIGITAL ELEVATION MODEL,2005,,Ontario Ministry of Natural Resources,,2006,Vector,NAD83,2.0.0,,,UTM,Ontario Ministry of Natural Resources,Citation,Verbal,1:10000 and 1:20000,2005 to 2006
350,Lot Fabric 2007,,One shapefile for Southern and Central Ontario,,,Land Information Ontario,,,,,,,,,,,,,,,,,,,,
351,Ontario Landsat 5 and 7,Please request items for use.,,,"Restricted to U of T faculty, staff, and students.",Ontario Ministry of Natural Resources,,1984,ONTARIO,SATELLITE IMAGES,,,,Ontario Ministry of Natural Resources,,Raster,,,,,,Ontario Ministry of Natural Resources,Citation,Verbal,,1984 to 1995
352,Dufour Map Cartography in the Past and Present,"The Dufour Map is an interactive CD which allows the user to compare the historic Dufour map of 1842-64 with the first modern official map of Switzerland at 1:100,000",,,"Restricted to U of T faculty, staff, and students.",Federal Office of Topography,,2003,SWITZERLAND,CONTOURS; GEOGRAPHICAL NAMES; GEOGRAPHY; HISTORICAL; LAKES; LAND COVER; LANDFORMS; MAPS; TOPOGRAPHY,,,,Bundesamt fur Landestopografie,,Raster; Vector,,,,Wabern,,Bundesamt fur Landestopografie,None,None,,2003
353,Teranet - Ontario Parcel Data,"To request access, if you are a current U of T student, staff, or faculty, please contact us.

Contains:
1) Basic property report correlating the ownership PIN to the assessment roll number.2)Digital property ownership and assessment parcel polygons, attributed with the 9-digit PIN, or 15-digit ARN.Please note that the originals, which are to be used as a backup only, are held on both DVD[353] and External Hard Drive [1]",,https://utoronto.sharepoint.com/sites/UTL-MDL-LicensedDataAndSoftware/Teranet,"Restricted to U of T faculty, staff, and students.",Teranet,,2007,ONTARIO,LAND USE; PARCELS; PROPERTY BOUNDARIES,2007,,Teranet,Teranet,,Vector,,2009,,Toronto,,Teranet,Citation,None,,2007
354,Finnish Folklore Atlas,"The DVD has 99 maps on the ethnic culture of the people of Finland. It is a cartographical analysis of the culture of hunter-gatherers, farmers and peasants of the area.",,,"Restricted to U of T faculty, staff, and students.","Sarmela, Matti",,2009,FINLAND,ANTIQUITIES; CULTURAL,2009,,"Sarmela, Matti",,,Raster; Vector,,4th,,Helsinki,,,None,None,,
354,Introducing Geographic Information Systems with ArcGIS,"This CD-ROM contains colour figures from the book and data sets to support exercises. Step-by-step instructions on how to use ArcGIS software. There are sixty exercises and nine review exercises throughout the book, covering most of the topics students need to gain GIS jobs or continue work in GIS or GIScience",,,"Restricted to U of T faculty, staff, and students.","Kennedy, Michael",,2009,,GEOGRAPHIC INFORMATION SYSTEMS; GEOGRAPHY,,,,John Wiley &amp; Son,,Raster; Vector,,2009,,,,,None,None,,2009
355,Atlas hydro-climatologique du Grand-Duché de Luxembourg.,,"CD contains data, not atlas",https://librarysearch.library.utoronto.ca/permalink/01UTORONTO_INST/14bjeso/alma991106617230806196,,Centre de recherche public Gabriel Lippmann. Département en environnement et agrobiotechnologie. ,,,,,,,,,,,,,,,,,,,,
355,Atlas Cartografico Digital del Reino de Chile Siglos XV11-XlX,Socio-Economic Atlas of Lao: an analysis based on 2005 population and housing census.,,,,Unknown,,,,,,,,,,,,,,,,,,,,
357,Socio-Economic Atlas of the Lao PDR,Socio-Economic Atlas of Lao: an analysis based on 2005 population and housing census.,,,"Restricted to U of T faculty, staff, and students.",Unknown,,2008,LAO PDR,CENSUS; ECONOMIC REGIONS (ER); HOUSING; POPULATION,,,,NCCR,,Data,,,,Vientiane,,Swiss National Centre of Competence in Research North-South,None,None,,2005
358,Atlas de Saneamento - Brazil,,,,,Instituto Brasileiro de Geografia e Estatistica,,,,,,,,,,,,,,,,,,,,
358,Atlas do Ambiente Digital,,,,,Unknown,,,,,,,,,,,,,,,,,,,,
359,Cartography Office Project Specific Series Data,"Cartography Office Project Specific Series Data
Data was created for cartographic and analysis use at scales 1:250,000 to 1:900,000.

Projects include:Centres and corridorsTransportation Tomorrow Survey 2001Gameboard MapIntensification AnalysisVisualizing Toronto Region
Satellite image composites: 1999-2003
Original data held on CD-Rom[359]",,,"Restricted to U of T faculty, staff, and students.","GIS and Cartography Office, Department of Geography, University of Toronto; and the Neptis Foundation",,1999,GOLDEN HORSESHOE; ONTARIO; SOUTHERN ONTARIO; TORONTO,CENSUS; DIGITAL ELEVATION MODEL; LAND USE; POPULATION; SATELLITE IMAGES; TRANSPORTATION; TRAVEL TIME; URBAN AREAS (UA),1999,,"GIS and Cartography Office, Department of Geography, University of Toronto; and the Neptis Foundation",,2003,GEODATABASE,NAD83,,http://geography.utoronto.ca/department/gis-cartography-office/cartography-office-data-collection/,Toronto,UTM Zone 17,"GIS and Cartography Office, Department of Geography, University of Toronto; and the Neptis Foundation",Citation,None,,
360,London (Ont) Shapefile topos and Orthophotos. - 2009,"Digital Mapping CD DWG/Shape files

Double & single line street map of city of London,

parcel/property map shapeformat,

orthoimagery city of London 2005-2010

1:2000 topographic mapping.",,,"Restricted to U of T faculty, staff, and students.","City of London, Ont.",,2005,LONDON (ONTARIO),AIR PHOTOS - COLOUR - ORTHORECTIFIED; BOUNDARIES; BUILDING OUTLINES; CONTOURS; DIGITAL IMAGE PROCESSING; PARCELS; PROPERTY BOUNDARIES; ROADS; STREETS; TOPOGRAPHY,,,,,,Raster; Vector,,2005-2012,,"London, Ont.",,,Citation,None,,2005 to 2012
361,Lake of the Woods Atlas - Report to IJC,,Contains scanned copies of atlas maps,https://librarysearch.library.utoronto.ca/permalink/01UTORONTO_INST/14bjeso/alma991106289045406196,,International Joint Commission.,,,,,,,,,,,,,,,,,,,,
362,City of Mississauga Datasets and Colour Orthophotos - 2009 and 2010 - Storm Sewer,"February July 2009 update includes Landuse (land use) and zoning. March 2008 update includes Storm Sewer Network.Land Use layers are for existing land use. April 2009 is also available on DVD. See further information on this page. March 4, 2010 update for Storm Sewers.",,,"Restricted to U of T faculty, staff, and students.",City of Mississauga,,2009,MISSISSAUGA,ADDRESSES; AIR PHOTOS; AIR PHOTOS - COLOUR; AIR PHOTOS - COLOUR - ORTHORECTIFIED; BUILDING OUTLINES; BUILDINGS; BUILDINGS - FOOTPRINTS; CONTOURS; CULTURAL; DIGITAL ELEVATION MODEL; DIGITAL TERRAIN MODEL; ELEVATION; LAND USE; LANDMARKS; PARKING; PLANIMETRIC; POINTS OF INTEREST; RECREATION; ROADS; SIDEWALKS; TRIANGULATED SURFACES; UTILITIES; VEGETATION; ZONING,,,,City of Mississauga,,Raster; Vector,,,,,,City of Mississauga,None,None,,2009 to 2010
363,Europe Complete,"Map data covering all of Europe. Contains administrative and postal geography of every European country, usually down to the most detailed levels (e.g. municipalities, counties, 5-digit postcode areas). Includes topographic layers displaying cities, roads, rivers and lakes.",,,"Restricted to U of T faculty, staff, and students.",GFK Macon Global Maps,,,ALBANIA; AUSTRIA; BELARUS; BELGIUM; BOSNIA AND HERZEGOVINA; BULGARIA; CROATIA; CYPRUS; CZECH REPUBLIC; DENMARK; FAROE ISLANDS; FINLAND; FRANCE; GERMANY; GREECE; GREENLAND; ESTONIA; HUNGARY; ICELAND; IRELAND; ITALY; LATVIA; LITHUANIA; LUXEMBOURG; MACEDONIA; MALTA; MOLDOVA; NETHERLANDS; NORWAY; POLAND; PORTUGAL; ROMANIA; SLOVAKIA; SLOVENIA; SWEDEN; TURKEY; UKRAINE; UNITED KINGDOM; EUROPE; MONTENEGRO; SERBIA; SPAIN; SWITZERLAND; KOSOVO,HIGHWAYS; BOUNDARIES - POLITICAL; POSTAL GEOGRAPHY; ROADS; MUNICIPALITIES,,,GFK Macon Global Maps,GFK Macon Global Maps,,,,,,Germany,,GFK Macon,Citation,None,"1:100,000 and 1:1,000,000",
364,City of Mississauga Datasets and Colour Orthophotos - 2009 and 2010 - October 2009,"February July 2009 update includes Landuse (land use) and zoning. March 2008 update includes Storm Sewer Network.Land Use layers are for existing land use. April 2009 is also available on DVD. See further information on this page. March 4, 2010 update for Storm Sewers.",,,"Restricted to U of T faculty, staff, and students.",City of Mississauga,,2009,MISSISSAUGA,ADDRESSES; AIR PHOTOS; AIR PHOTOS - COLOUR; AIR PHOTOS - COLOUR - ORTHORECTIFIED; BUILDING OUTLINES; BUILDINGS; BUILDINGS - FOOTPRINTS; CONTOURS; CULTURAL; DIGITAL ELEVATION MODEL; DIGITAL TERRAIN MODEL; ELEVATION; LAND USE; LANDMARKS; PARKING; PLANIMETRIC; POINTS OF INTEREST; RECREATION; ROADS; SIDEWALKS; TRIANGULATED SURFACES; UTILITIES; VEGETATION; ZONING,,,,City of Mississauga,,Raster; Vector,,,,,,City of Mississauga,None,None,,2009 to 2010
365,City of Mississauga Datasets and Colour Orthophotos - 2009 and 2010 - December 2009,"February July 2009 update includes Landuse (land use) and zoning. March 2008 update includes Storm Sewer Network.Land Use layers are for existing land use. April 2009 is also available on DVD. See further information on this page. March 4, 2010 update for Storm Sewers.",,,"Restricted to U of T faculty, staff, and students.",City of Mississauga,,2009,MISSISSAUGA,ADDRESSES; AIR PHOTOS; AIR PHOTOS - COLOUR; AIR PHOTOS - COLOUR - ORTHORECTIFIED; BUILDING OUTLINES; BUILDINGS; BUILDINGS - FOOTPRINTS; CONTOURS; CULTURAL; DIGITAL ELEVATION MODEL; DIGITAL TERRAIN MODEL; ELEVATION; LAND USE; LANDMARKS; PARKING; PLANIMETRIC; POINTS OF INTEREST; RECREATION; ROADS; SIDEWALKS; TRIANGULATED SURFACES; UTILITIES; VEGETATION; ZONING,,,,City of Mississauga,,Raster; Vector,,,,,,City of Mississauga,None,None,,2009 to 2010
366,City of Mississauga Datasets and Colour Orthophotos - 2009 and 2010 - March 2010,"February July 2009 update includes Landuse (land use) and zoning. March 2008 update includes Storm Sewer Network.Land Use layers are for existing land use. April 2009 is also available on DVD. See further information on this page. March 4, 2010 update for Storm Sewers.",,,"Restricted to U of T faculty, staff, and students.",City of Mississauga,,2009,MISSISSAUGA,ADDRESSES; AIR PHOTOS; AIR PHOTOS - COLOUR; AIR PHOTOS - COLOUR - ORTHORECTIFIED; BUILDING OUTLINES; BUILDINGS; BUILDINGS - FOOTPRINTS; CONTOURS; CULTURAL; DIGITAL ELEVATION MODEL; DIGITAL TERRAIN MODEL; ELEVATION; LAND USE; LANDMARKS; PARKING; PLANIMETRIC; POINTS OF INTEREST; RECREATION; ROADS; SIDEWALKS; TRIANGULATED SURFACES; UTILITIES; VEGETATION; ZONING,,,,City of Mississauga,,Raster; Vector,,,,,,City of Mississauga,None,None,,2009 to 2010
367,Canada Business Data - Locations,Canada Business Summary and Canada Business Locations. Canada Business Points,,,"Restricted to U of T faculty, staff, and students.",Pitney Bowes Mapinfo,,2010 Jan 1st,CANADA (INCLUSIVE),BUSINESS; CENSUS; PLACENAMES,,,,Pitney Bowes Mapinfo,,Data,,,,,,Pitney Bowes Mapinfo,Citation,None,,2010
368,Canada Business Data - Summary,Canada Business Summary and Canada Business Locations. Canada Business Points,,,"Restricted to U of T faculty, staff, and students.",Pitney Bowes Mapinfo,,2010 Jan 1st,CANADA (INCLUSIVE),BUSINESS; CENSUS; PLACENAMES,,,,Pitney Bowes Mapinfo,,Data,,,,,,Pitney Bowes Mapinfo,Citation,None,,2010
369,Toronto Property Data Maps (PDMs) - 2010,"Data includes: Building lines, hydro towers, curbs, curblines, curb points, catch basins, electrical pols, garage lines, garage polygons, general poles, historical sites, fire hydrants, light standards, miscellaneous structures, parks, pathways, pedestrian street lights, railways, spot elevation, street car tracks, street lines, street names, subway tracks, telephone poles, traffic lights, and transmission lines.",,,"Restricted to U of T faculty, staff, and students.","Works and Emergency Services, City of Toronto",,2008,TORONTO,BOUNDARIES; BUILDING OUTLINES; BUILDINGS - FOOTPRINTS; HIGHWAYS; MAPS; METADATA; MUNICIPALITIES; POLICE; PROPERTY BOUNDARIES; RAIL TRANSIT; RAILROADS; ROADS; STREETS; TRAILS; TRAIN; TRANSIT,,,,City of Toronto,,Vector,,2010,,Toronto,,City of Toronto,Citation,None,,2008
370,Charting the unknown: how computer mapping at Harvard became GIS,"Accompanying CDROM. Contains movies, interviews, context newsletters and lists.",,https://librarysearch.library.utoronto.ca/permalink/01UTORONTO_INST/k9bh95/alma991106505579106196,"Restricted to U of T faculty, staff, and students.",Nick Chrisman,,2006,,GEOGRAPHIC INFORMATION SYSTEMS,,,,ESRI Press,,Raster,,1st ed.,,"Redlands, Calif.",,ESRI Press,Citation,Verbal,,
371,Atlas de los Paisajes de Espana,,,https://librarysearch.library.utoronto.ca/permalink/01UTORONTO_INST/14bjeso/alma991106283825006196,,"direccion de Rafael Mata Olmo, Concepcion Sanz Herraiz ; Josefina Gomez Mendoza ... [et al.].",,,,,,,,,,,,,,,,,,,,
372,Geological Quarter Sheet Series,250 DPI jpg format images. Map location is given on index.jpg. Additional information is available in the supplied index_PDF file and index_folder contents.txt file. CD-ROM[372],,,"Restricted to U of T faculty, staff, and students.",Geological Survey of Victoria,,2001,AUSTRALIA,GEOLOGY; MAPS,2001,,Geological Survey of Victoria,Crown (State of Victoria) Copyright 2001,,Raster,,,,"Victoria, Australia",,Natural Resources and Environment,Citation,Verbal,"1:31 680, 1:63 360",2001
373,Annual Arctic Ice Atlas - Winter 2003,This atlas is part of a continuing series of annual publications graphically depicting the mid-winter arctic ice conditions using satellite pictures and maps. This product is primarily prepared as a climate record of the mid-winter ice conditions and as a general interest document for Arctic travellers.,,,"Restricted to U of T faculty, staff, and students.",Canadian Ice Service,,2003 Jan 1st,ARCTIC; CANADA (ENTITY),CLIMATE; ICE,,,,Environment Canada,,Raster,,,,"Ottawa, ON",,Environment Canada,Citation,Verbal,,
374,Annual Arctic Ice Atlas - Winter 2004,This atlas is part of a continuing series of annual publications graphically depicting the mid-winter arctic ice conditions using satellite pictures and maps. This product is primarily prepared as a climate record of the mid-winter ice conditions and as a general interest document for Arctic travellers.,,,"Restricted to U of T faculty, staff, and students.",Canadian Ice Service,,2003 Jan 1st,ARCTIC; CANADA (ENTITY),CLIMATE; ICE,,,,Environment Canada,,Raster,,,,"Ottawa, ON",,Environment Canada,Citation,Verbal,,
375,Annual Arctic Ice Atlas - Winter 2005,This atlas is part of a continuing series of annual publications graphically depicting the mid-winter arctic ice conditions using satellite pictures and maps. This product is primarily prepared as a climate record of the mid-winter ice conditions and as a general interest document for Arctic travellers.,,,"Restricted to U of T faculty, staff, and students.",Canadian Ice Service,,2003 Jan 1st,ARCTIC; CANADA (ENTITY),CLIMATE; ICE,,,,Environment Canada,,Raster,,,,"Ottawa, ON",,Environment Canada,Citation,Verbal,,
376,Annual Arctic Ice Atlas - Winter 2006,This atlas is part of a continuing series of annual publications graphically depicting the mid-winter arctic ice conditions using satellite pictures and maps. This product is primarily prepared as a climate record of the mid-winter ice conditions and as a general interest document for Arctic travellers.,,,"Restricted to U of T faculty, staff, and students.",Canadian Ice Service,,2003 Jan 1st,ARCTIC; CANADA (ENTITY),CLIMATE; ICE,,,,Environment Canada,,Raster,,,,"Ottawa, ON",,Environment Canada,Citation,Verbal,,
377,Annual Arctic Ice Atlas - Winter 2007,This atlas is part of a continuing series of annual publications graphically depicting the mid-winter arctic ice conditions using satellite pictures and maps. This product is primarily prepared as a climate record of the mid-winter ice conditions and as a general interest document for Arctic travellers.,,,"Restricted to U of T faculty, staff, and students.",Canadian Ice Service,,2003 Jan 1st,ARCTIC; CANADA (ENTITY),CLIMATE; ICE,,,,Environment Canada,,Raster,,,,"Ottawa, ON",,Environment Canada,Citation,Verbal,,
378,Hamilton GIS Data Update,"Sewers; Cemeteries; Business Improvement Areas; sidewalks; escarpment; DTM 10 metres; DTM 20 metres; water hydrants; police stations; libraries; colleges; universities; beaches; arenas; sewers; transit; wards; shoreline; parking lots; land use, etc.",,,"Restricted to U of T faculty, staff, and students.",City of Hamilton,,2010,HAMILTON,BASE MAPS; BOUNDARIES; BOUNDARIES - POLITICAL; BUILDING OUTLINES; BUILDINGS - FOOTPRINTS; CONSERVATION AUTHORITY; CONTOURS; EDUCATION; GOLF COURSES; HEALTH; HOSPITALS; HYDROGRAPHY; LAND USE; PARKS; POLICE; POLITICAL; ROADS; SEWERS; TOPOGRAPHY; URBAN AREAS (UA); UTILITIES; WATER,2010,,City of Hamilton,City of Hamilton,,SHAPEFILE,,,,Hamilton,,City of Hamilton,Citation,None,,2010
379,"Greater Toronto Area Surface Data (DEM, TIN, Contours, Break Lines and Hulls) - 640000, 4830000 and 640000, 4850000","
These Toronto contours are zipped files which contain both AutoCAD and shapefile format files. Originals held on DVD along with composite file for contours at 1m and 2m intervals as well as elevation points (DEM), TIN, breaklines and hulls. DVD also includes data for Brampton and Mississauga. See DVD for all data.",Disc 1 of 5,,"Restricted to U of T faculty, staff, and students.",Ontario Ministry of Natural Resources,,2005,BRAMPTON; MISSISSAUGA; TORONTO,CONTOURS; DIGITAL ELEVATION MODEL; ELEVATION; TOPOGRAPHY; TRIANGULATED IRREGULAR NETWORK (TIN),,,,Ontario Ministry of Natural Resources,,SHAPEFILE,,,,"Peterborough, ON",,Ontario Ministry of Natural Resources (OMNR),None,None,,2005
379,"Greater Toronto Area Surface Data (DEM, TIN, Contours, Break Lines and Hulls) - 600000, 4830000 and 620000, 4830000","These Toronto contours are zipped files which contain both AutoCAD and shapefile format files. Originals held on DVD along with composite file for contours at 1m and 2m intervals as well as elevation points (DEM), TIN, breaklines and hulls. DVD also includes data for Brampton and Mississauga. See DVD for all data.",Disc 3 of 5,,"Restricted to U of T faculty, staff, and students.",Ontario Ministry of Natural Resources,,2005,BRAMPTON; MISSISSAUGA; TORONTO,CONTOURS; DIGITAL ELEVATION MODEL; ELEVATION; TOPOGRAPHY; TRIANGULATED IRREGULAR NETWORK (TIN),,,,Ontario Ministry of Natural Resources,,SHAPEFILE,,,,"Peterborough, ON",,Ontario Ministry of Natural Resources (OMNR),None,None,,2005
379,"Greater Toronto Area Surface Data (DEM, TIN, Contours, Break Lines and Hulls) - 620000, 4850000","These Toronto contours are zipped files which contain both AutoCAD and shapefile format files. Originals held on DVD along with composite file for contours at 1m and 2m intervals as well as elevation points (DEM), TIN, breaklines and hulls. DVD also includes data for Brampton and Mississauga. See DVD for all data.",Disc 2 of 5,,"Restricted to U of T faculty, staff, and students.",Ontario Ministry of Natural Resources,,2005,BRAMPTON; MISSISSAUGA; TORONTO,CONTOURS; DIGITAL ELEVATION MODEL; ELEVATION; TOPOGRAPHY; TRIANGULATED IRREGULAR NETWORK (TIN),,,,Ontario Ministry of Natural Resources,,SHAPEFILE,,,,"Peterborough, ON",,Ontario Ministry of Natural Resources (OMNR),None,None,,2005
380,"Greater Toronto Area Surface Data (DEM, TIN, Contours, Break Lines and Hulls) - 60000, 4810000 and data agreement","These Toronto contours are zipped files which contain both AutoCAD and shapefile format files. Originals held on DVD along with composite file for contours at 1m and 2m intervals as well as elevation points (DEM), TIN, breaklines and hulls. DVD also includes data for Brampton and Mississauga. See DVD for all data.",Disc 5 of 5,,"Restricted to U of T faculty, staff, and students.",Ontario Ministry of Natural Resources,,2005,BRAMPTON; MISSISSAUGA; TORONTO,CONTOURS; DIGITAL ELEVATION MODEL; ELEVATION; TOPOGRAPHY; TRIANGULATED IRREGULAR NETWORK (TIN),,,,Ontario Ministry of Natural Resources,,SHAPEFILE,,,,"Peterborough, ON",,Ontario Ministry of Natural Resources (OMNR),None,None,,2005
381,"Greater Toronto Area Surface Data (DEM, TIN, Contours, Break Lines and Hulls) - 600000, 4850000","These Toronto contours are zipped files which contain both AutoCAD and shapefile format files. Originals held on DVD along with composite file for contours at 1m and 2m intervals as well as elevation points (DEM), TIN, breaklines and hulls. DVD also includes data for Brampton and Mississauga. See DVD for all data.",Disc 4 of 5,,"Restricted to U of T faculty, staff, and students.",Ontario Ministry of Natural Resources,,2005,BRAMPTON; MISSISSAUGA; TORONTO,CONTOURS; DIGITAL ELEVATION MODEL; ELEVATION; TOPOGRAPHY; TRIANGULATED IRREGULAR NETWORK (TIN),,,,Ontario Ministry of Natural Resources,,SHAPEFILE,,,,"Peterborough, ON",,Ontario Ministry of Natural Resources (OMNR),None,None,,2005
382,Ontario Road Network (ORN) - superseded editions - 2007,"Fields include:Number of Lanes, Addresses on left, addresses on right, fire routes",,,"Restricted to U of T faculty, staff, and students.",Government of Ontario,,2007,ONTARIO,HIGHWAYS; ROADS; STREETS,,,,Government of Ontario / Government of Canada,,Vector,,,,,,Ministry of Transportation / OMNR,None,None,,2007
383,Historical Toronto Land Patents,Historical Toronto Land Patent owners from 1847. Based upon the map York Township (Toronto Park Lots) (Map #A73) and land patent sale records RG 1-100 Patent plans,,,Publicly accessible,"Marcel Fortin, University of Toronto Map and Data Library",,,TORONTO,LAND OWNERSHIP,,,"Marcel Fortin, University of Toronto Map and Data Library",Marcel Fortin,,SHAPEFILE,WGS84,,,,Geographic,"Marcel Fortin, University of Toronto Map and Data Library",Citation,None,,
384,Toronto Clutter Data,"
Clutter Classification : 0 Unclassified / 1 Inland Water / 2 Open / 3 Low Tree Density / 4 High Tree Density / 5 Rural areas/low residential / 6 Suburban / 7 Suburban With Tree / 8 Urban Low Density / 9 Urban Medium Dense / 10 Urban High Dense / 11 Skyscrapers/High-rise / 12 Industrial Area/Commercial areas / 13 Airstrip / 14 River / 15 Coast

Note that original file was in ASCII Grid format. All other formats are derivatives of the original grid file.",,,"Restricted to U of T faculty, staff, and students.",RMSI,,,TORONTO,LAND COVER; LAND USE,,,RMSI,rmsi.com,,MICROSOFT WORD,WGS84,,,,UTM Zone 17,RMSI.com,Citation,None,,
385,Atlas Andreatta,,,https://librarysearch.library.utoronto.ca/permalink/01UTORONTO_INST/mi8gb7/alma991106644482806196,,Verena Andreatta,,,,,,,,,,,,,,,,,,,,
386,Atlas Almeria,"From DVD: El Medio, La Sociedad, Las Actividades. Edicion con Cartografia Georreferenciada.",,,"Restricted to U of T faculty, staff, and students.","Lorca, Andres Garcia",,2009,SPAIN,CULTURAL; LAND COVER,2009,,"Lorca, Andres Garcia",Instituto de Estudios Almerienses,,Raster; Vector,,,,Spain,,Instituto de Estudios Almerienses,Citation,Verbal,,2009
387,Der Grosse Ploetz Atlas zur Weltgeschichte,,,,"Restricted to U of T faculty, staff, and students.",Vandenhoeck & Ruprecht GmbH & Co.,,2009,WORLD (INCLUSIVE),HISTORICAL,,,,Vandenhoeck & Ruprecht GmbH & Co.,,Raster,,,,"KG, G\öttingen",,Vandenhoeck & Ruprecht GmbH & Co.,Citation,Verbal,,2009
388,The Finest Illustrated Maps of Hungary 1528-1895,,Contains some maps,https://librarysearch.library.utoronto.ca/permalink/01UTORONTO_INST/14bjeso/alma991106078345106196,,"Plihal, Katalin",,,,,,,,,,,,,,,,,,,,
389,The Newberry Library Historic Maps in K-12 Classroom,,Modules about history,,,Newberry Library,,,,,,,,,,,,,,,,,,,,
390,Atlas Geográfico Escolar,"Multimedia Atlas of World, focusing on Brazil in particular.",Call number: G1021 .I535 2004,,"Restricted to U of T faculty, staff, and students.",Instituto Brasileiro de Geografia e Estatistica,,2004,BRAZIL; WORLD (ENTITY),CITIES; CULTURAL; GEOGRAPHY; HISTORICAL,2004,,Instituto Brasileiro de Geografia e Estatistica,Instituto Brasileiro de Geografia e Estatistica,,Raster,,,,"Rio de Janeiro, Brazil",,Instituto Brasileiro de Geografia e Estatistica,Citation,Verbal,,2004
391,The Business World Atlas,Map-like diagrams used to teach business principles and practices. Presented in English and German.,,,"Restricted to U of T faculty, staff, and students.","der Deutschsprachigen Ausgabe by Redline Wirtschaft, Redline GmbH",,2006,,BUSINESS,,,,"der Deutschsprachigen Ausgabe by Redline Wirtschaft, Redline GmbH",,Raster,,,,"Heidelberg, Germany",,"der Deutschsprachigen Ausgabe by Redline Wirtschaft, Redline GmbH",Citation,None,,2006
392,Terra Viva SEDAC Viewer,"From CD: TerraViva! SEDAC Viewer is a geographic information portal providing rapid access to national geostatistics, thematic maps, and related information easily referenced using geo-coordinates and a gazetteer.",,,"Restricted to U of T faculty, staff, and students.","ISCIENCES, L. L. C. and Columbia University",,2006,WORLD (INCLUSIVE),CLIMATE; ECOLOGY; ENVIRONMENT; GEOGRAPHY; LAND COVER,,,,"ISCIENCES, L. L. C. and Columbia University",,Raster,,,,"Ann Arbor, MI",,"ISCIENCES, L. L. C. and Columbia University",Citation,Verbal,,2006
393,Õkobase Umweltatlas,,,,,Clemens Hölter GmbH,,,,,,,,,,,,,,,,,,,,
394,Digital Atlas of Indonesian History (2010),,,Older version: https://librarysearch.library.utoronto.ca/permalink/01UTORONTO_INST/mi8gb7/alma991106476038006196,,Robert Cribb,,,,,,,,,,,,,,,,,,,,
394,Geographical Distribution of Adult Literacy Skills in Canada,"
Maps and reports presented in both French and English. From CD: ""This work represents the first attempt to link outcome data to geography using simulated data generated from the 2003 International Adult Literacy and Skills Survey (IALSS) and the 2001 Census of Population."" Catalogue No. HS28-118/2007-MRC, ISBN: 978-0-662-6983",,,"Restricted to U of T faculty, staff, and students.",Human Resources and Social Development Canada,,2003,CANADA (INCLUSIVE),LANGUAGE,,,,Human Resources and Social Development Canada,,Raster,,,,"Ottawa, ON",,Human Resources and Social Development Canada,Citation,,,2003
395,Map of the City of Hamilton - 1850 Burlington Bay,,,,,Marcus Smith,,,,,,,,,,,,,,,,,,,,
395,City of Mississauga Datasets and Colour Orthophotos - 2010 update - June,,Disc 1 of 2,,"Restricted to U of T faculty, staff, and students.",City of Mississauga,,,MISSISSAUGA,ADDRESSES; AIR PHOTOS - COLOUR - ORTHORECTIFIED; BUILDING OUTLINES; BUILDINGS; BUILDINGS - FOOTPRINTS; CONTOURS; CULTURAL; DIGITAL ELEVATION MODEL; DIGITAL TERRAIN MODEL; ELEVATION; LAND USE; LANDMARKS; PARKING; PLANIMETRIC; POINTS OF INTEREST; RECREATION; ROADS; SIDEWALKS; TRIANGULATED SURFACES; UTILITIES; ZONING,,,,City of Mississauga,,SHAPEFILE,,,,,,City of Mississauga,None,None,,
396,City of Mississauga Datasets and Colour Orthophotos - 2010 update - June,,Disc 2 of 2,,"Restricted to U of T faculty, staff, and students.",City of Mississauga,,,MISSISSAUGA,ADDRESSES; AIR PHOTOS - COLOUR - ORTHORECTIFIED; BUILDING OUTLINES; BUILDINGS; BUILDINGS - FOOTPRINTS; CONTOURS; CULTURAL; DIGITAL ELEVATION MODEL; DIGITAL TERRAIN MODEL; ELEVATION; LAND USE; LANDMARKS; PARKING; PLANIMETRIC; POINTS OF INTEREST; RECREATION; ROADS; SIDEWALKS; TRIANGULATED SURFACES; UTILITIES; ZONING,,,,City of Mississauga,,SHAPEFILE,,,,,,City of Mississauga,None,None,,
397,Toronto Lidar Data - 2008,Please note that a license agreement must be signed in person at the Map and Data Library. Any use of the data in a publication must be approved by Google in writing. For further details please contact Map and Data Library staff.,,,"Restricted to U of T faculty, staff, and students.",Airborne 1 / Google,,,TORONTO,DIGITAL ELEVATION MODEL; ELEVATION; LIDAR,,,Airborne 1 / Google,Airborne 1/Google,,Vector,NAD83/NAVD88,,http://www.lidardata.com,"El Segundo, California",UTM Zone 17,Airborne 1,Written,Signed,,2008
398,Toronto Lidar Data - 2008 - Complete set,Please note that a license agreement must be signed in person at the Map and Data Library. Any use of the data in a publication must be approved by Google in writing. For further details please contact Map and Data Library staff.,,,"Restricted to U of T faculty, staff, and students.",Airborne 1 / Google,,,TORONTO,DIGITAL ELEVATION MODEL; ELEVATION; LIDAR,,,,Airborne 1/Google,,Vector,,,,"El Segundo, California",,Airborne 1,Written,Signed,,2008
399,Teranet - Ontario Parcel Data,,,https://utoronto.sharepoint.com/sites/UTL-MDL-LicensedDataAndSoftware/Teranet,"Restricted to U of T faculty, staff, and students.",Teranet,,2007,DURHAM COUNTY; FRONTENAC COUNTY; HALTON COUNTY; HASTINGS COUNTY; LENNOX ADDINGTON COUNTY; NORTHUMBERLAND COUNTY; ONTARIO; PEEL COUNTY; SIMCOE COUNTY; TORONTO; VICTORIA COUNTY; YORK COUNTY,LAND USE; PARCELS; PROPERTY BOUNDARIES,2007,,Teranet,Teranet,,Vector,NAD83,2007,,Toronto,UTM,Teranet,Citation,None,,2007
400,Floodplain Hazard Land Mapping,"This digital data release, produced as part of the Lake Nipigon Region Geoscience Initiative (LNRGI), contains location information, rock descriptions, detailed petrographic descriptions, photomicrographs and qualitative modal analyses for 250 thin sections collected within the 2003 LNRGI bedrock mapping project area (OFR6136 and MRD132). Location information is given in the Universal Transverse Mercator (UTM) projection and grid system, Zone 16, North American Datum 1983, and is listed in Table 7. Samples are mainly from Nipigon diabase sills, Archean basement rocks, and the English Bay Complex.[248] Zone 16 & 17N[249] Zone 16 & 18[250] Zone 17S",Disc 1 of 4,,"Restricted to U of T faculty, staff, and students.",Ontario Ministry of Northern Development and Mines,,,ONTARIO,DATA SOURCES; FLOODING; MAPS,,,,Ontario Ministry of Northern Development and Mines,,Raster,,,,,,,Citation,None,,
401,Floodplain Hazard Land Mapping,"This digital data release, produced as part of the Lake Nipigon Region Geoscience Initiative (LNRGI), contains location information, rock descriptions, detailed petrographic descriptions, photomicrographs and qualitative modal analyses for 250 thin sections collected within the 2003 LNRGI bedrock mapping project area (OFR6136 and MRD132). Location information is given in the Universal Transverse Mercator (UTM) projection and grid system, Zone 16, North American Datum 1983, and is listed in Table 7. Samples are mainly from Nipigon diabase sills, Archean basement rocks, and the English Bay Complex.[248] Zone 16 & 17N[249] Zone 16 & 18[250] Zone 17S",Disc 2 of 4,,"Restricted to U of T faculty, staff, and students.",Ontario Ministry of Northern Development and Mines,,,ONTARIO,DATA SOURCES; FLOODING; MAPS,,,,Ontario Ministry of Northern Development and Mines,,Raster,,,,,,,Citation,None,,
402,Floodplain Hazard Land Mapping,"This digital data release, produced as part of the Lake Nipigon Region Geoscience Initiative (LNRGI), contains location information, rock descriptions, detailed petrographic descriptions, photomicrographs and qualitative modal analyses for 250 thin sections collected within the 2003 LNRGI bedrock mapping project area (OFR6136 and MRD132). Location information is given in the Universal Transverse Mercator (UTM) projection and grid system, Zone 16, North American Datum 1983, and is listed in Table 7. Samples are mainly from Nipigon diabase sills, Archean basement rocks, and the English Bay Complex.[248] Zone 16 & 17N[249] Zone 16 & 18[250] Zone 17S",Disc 3 of 4,,"Restricted to U of T faculty, staff, and students.",Ontario Ministry of Northern Development and Mines,,,ONTARIO,DATA SOURCES; FLOODING; MAPS,,,,Ontario Ministry of Northern Development and Mines,,Raster,,,,,,,Citation,None,,
403,Floodplain Hazard Land Mapping,"This digital data release, produced as part of the Lake Nipigon Region Geoscience Initiative (LNRGI), contains location information, rock descriptions, detailed petrographic descriptions, photomicrographs and qualitative modal analyses for 250 thin sections collected within the 2003 LNRGI bedrock mapping project area (OFR6136 and MRD132). Location information is given in the Universal Transverse Mercator (UTM) projection and grid system, Zone 16, North American Datum 1983, and is listed in Table 7. Samples are mainly from Nipigon diabase sills, Archean basement rocks, and the English Bay Complex.[248] Zone 16 & 17N[249] Zone 16 & 18[250] Zone 17S",Disc 4 of 4,,"Restricted to U of T faculty, staff, and students.",Ontario Ministry of Northern Development and Mines,,,ONTARIO,DATA SOURCES; FLOODING; MAPS,,,,Ontario Ministry of Northern Development and Mines,,Raster,,,,,,,Citation,None,,
404,London (Ont) Shapefile topos and Orthophotos. - 2010,"Digital Mapping CD DWG/Shape files

Double & single line street map of city of London,

parcel/property map shapeformat,

orthoimagery city of London 2005-2010

1:2000 topographic mapping.",,,"Restricted to U of T faculty, staff, and students.","City of London, Ont.",,2005,LONDON (ONTARIO),AIR PHOTOS - COLOUR - ORTHORECTIFIED; BOUNDARIES; BUILDING OUTLINES; CONTOURS; DIGITAL IMAGE PROCESSING; PARCELS; PROPERTY BOUNDARIES; ROADS; STREETS; TOPOGRAPHY,,,,,,Raster; Vector,,2005-2012,,"London, Ont.",,,Citation,None,,2005 to 2012
405,City of Mississauga Datasets and Colour Orthophotos - 2010 update - December,,,,"Restricted to U of T faculty, staff, and students.",City of Mississauga,,,MISSISSAUGA,ADDRESSES; AIR PHOTOS - COLOUR - ORTHORECTIFIED; BUILDING OUTLINES; BUILDINGS; BUILDINGS - FOOTPRINTS; CONTOURS; CULTURAL; DIGITAL ELEVATION MODEL; DIGITAL TERRAIN MODEL; ELEVATION; LAND USE; LANDMARKS; PARKING; PLANIMETRIC; POINTS OF INTEREST; RECREATION; ROADS; SIDEWALKS; TRIANGULATED SURFACES; UTILITIES; ZONING,,,,City of Mississauga,,SHAPEFILE,,,,,,City of Mississauga,None,None,,
406,City of Mississauga Datasets and Colour Orthophotos - 2010 update - September,,,,"Restricted to U of T faculty, staff, and students.",City of Mississauga,,,MISSISSAUGA,ADDRESSES; AIR PHOTOS - COLOUR - ORTHORECTIFIED; BUILDING OUTLINES; BUILDINGS; BUILDINGS - FOOTPRINTS; CONTOURS; CULTURAL; DIGITAL ELEVATION MODEL; DIGITAL TERRAIN MODEL; ELEVATION; LAND USE; LANDMARKS; PARKING; PLANIMETRIC; POINTS OF INTEREST; RECREATION; ROADS; SIDEWALKS; TRIANGULATED SURFACES; UTILITIES; ZONING,,,,City of Mississauga,,SHAPEFILE,,,,,,City of Mississauga,None,None,,
407,City of Mississauga Datasets - 2011 - March,"City of MIssissauga Dataset topographic data including planimetry, utility, contours, property fabric, vegetation, civic numbers, address, boundaries, public spaces and street centrelines",Disc 1 of 2,,"Restricted to U of T faculty, staff, and students.",City of Mississauga,,2011,MISSISSAUGA,ADDRESSES; BOUNDARIES; CONTOURS; DIGITAL TERRAIN MODEL; LAND USE; STREETS; TRANSIT; TRIANGULATED SURFACES; UTILITIES; VEGETATION; ZONING,,,,,,Raster; Vector,,,,,,,None,None,,2011
408,City of Mississauga Datasets - 2011 - March,"City of MIssissauga Dataset topographic data including planimetry, utility, contours, property fabric, vegetation, civic numbers, address, boundaries, public spaces and street centrelines",Disc 2 of 2,,"Restricted to U of T faculty, staff, and students.",City of Mississauga,,2011,MISSISSAUGA,ADDRESSES; BOUNDARIES; CONTOURS; DIGITAL TERRAIN MODEL; LAND USE; STREETS; TRANSIT; TRIANGULATED SURFACES; UTILITIES; VEGETATION; ZONING,,,,,,Raster; Vector,,,,,,,None,None,,2011
409,City of Mississauga Datasets - 2011 - June,"City of MIssissauga Dataset topographic data including planimetry, utility, contours, property fabric, vegetation, civic numbers, address, boundaries, public spaces and street centrelines",Disc 1 of 2,,"Restricted to U of T faculty, staff, and students.",City of Mississauga,,2011,MISSISSAUGA,ADDRESSES; BOUNDARIES; CONTOURS; DIGITAL TERRAIN MODEL; LAND USE; STREETS; TRANSIT; TRIANGULATED SURFACES; UTILITIES; VEGETATION; ZONING,,,,,,Raster; Vector,,,,,,,None,None,,2011
410,City of Mississauga Datasets - 2011 - June,"City of MIssissauga Dataset topographic data including planimetry, utility, contours, property fabric, vegetation, civic numbers, address, boundaries, public spaces and street centrelines",Disc 2 of 2,,"Restricted to U of T faculty, staff, and students.",City of Mississauga,,2011,MISSISSAUGA,ADDRESSES; BOUNDARIES; CONTOURS; DIGITAL TERRAIN MODEL; LAND USE; STREETS; TRANSIT; TRIANGULATED SURFACES; UTILITIES; VEGETATION; ZONING,,,,,,Raster; Vector,,,,,,,None,None,,2011
411,City of Mississauga Datasets - 2011 - September,"City of MIssissauga Dataset topographic data including planimetry, utility, contours, property fabric, vegetation, civic numbers, address, boundaries, public spaces and street centrelines",Disc 1 of 2,,"Restricted to U of T faculty, staff, and students.",City of Mississauga,,2011,MISSISSAUGA,ADDRESSES; BOUNDARIES; CONTOURS; DIGITAL TERRAIN MODEL; LAND USE; STREETS; TRANSIT; TRIANGULATED SURFACES; UTILITIES; VEGETATION; ZONING,,,,,,Raster; Vector,,,,,,,None,None,,2011
412,City of Mississauga Datasets - 2011 - September,"City of MIssissauga Dataset topographic data including planimetry, utility, contours, property fabric, vegetation, civic numbers, address, boundaries, public spaces and street centrelines",Disc 2 of 2,,"Restricted to U of T faculty, staff, and students.",City of Mississauga,,2011,MISSISSAUGA,ADDRESSES; BOUNDARIES; CONTOURS; DIGITAL TERRAIN MODEL; LAND USE; STREETS; TRANSIT; TRIANGULATED SURFACES; UTILITIES; VEGETATION; ZONING,,,,,,Raster; Vector,,,,,,,None,None,,2011
413,GIS 20 Essential Skills,,,,"Restricted to U of T faculty, staff, and students.",Gina Clemmer,,2010,,TUTORIAL,,,,,,Vector,,,,,,ESRI,None,None,,
414,ESRI Streetmap Premium Europe and North America - Europe 2,"from website http://resources.arcgis.com/content/esri-streetmap-premium/2011/about Esri StreetMap Premium is an enhanced, ready-to-use offline street dataset that works with ArcGIS Desktop or ArcGIS Server to provide advanced geocoding, routing, and high-quality cartographic display for North America and 45 European countries. Esri StreetMap Premium 2011 is available for North America and will be available for Europe later this summer.",,,"Restricted to U of T faculty, staff, and students.",TomTom,,,EUROPE; NORTH AMERICA (ENTITY),GEOCODING; ROADS; STREETS,,,,ESRI / TomTom,,ZIP,,2011 Release 1,,USA,,ESRI,Citation,None,,
415,ESRI Streetmap Premium Europe and North America - North America 2,"from website http://resources.arcgis.com/content/esri-streetmap-premium/2011/about Esri StreetMap Premium is an enhanced, ready-to-use offline street dataset that works with ArcGIS Desktop or ArcGIS Server to provide advanced geocoding, routing, and high-quality cartographic display for North America and 45 European countries. Esri StreetMap Premium 2011 is available for North America and will be available for Europe later this summer.

",,,"Restricted to U of T faculty, staff, and students.",TomTom,,,EUROPE; NORTH AMERICA (ENTITY),GEOCODING; ROADS; STREETS,,,,ESRI / TomTom,,ZIP,,2011 Release 1,,USA,,ESRI,Citation,None,,
416,ESRI Streetmap Premium Europe and North America - Europe 1,"from website http://resources.arcgis.com/content/esri-streetmap-premium/2011/about Esri StreetMap Premium is an enhanced, ready-to-use offline street dataset that works with ArcGIS Desktop or ArcGIS Server to provide advanced geocoding, routing, and high-quality cartographic display for North America and 45 European countries. Esri StreetMap Premium 2011 is available for North America and will be available for Europe later this summer.",,,"Restricted to U of T faculty, staff, and students.",TomTom,,,EUROPE; NORTH AMERICA (ENTITY),GEOCODING; ROADS; STREETS,,,,ESRI / TomTom,,ZIP,,2011 Release 1,,USA,,ESRI,Citation,None,,
417,ESRI Streetmap Premium Europe and North America - North America 1,"from website http://resources.arcgis.com/content/esri-streetmap-premium/2011/about Esri StreetMap Premium is an enhanced, ready-to-use offline street dataset that works with ArcGIS Desktop or ArcGIS Server to provide advanced geocoding, routing, and high-quality cartographic display for North America and 45 European countries. Esri StreetMap Premium 2011 is available for North America and will be available for Europe later this summer.

",,,"Restricted to U of T faculty, staff, and students.",TomTom,,,EUROPE; NORTH AMERICA (ENTITY),GEOCODING; ROADS; STREETS,,,,ESRI / TomTom,,ZIP,,2011 Release 1,,USA,,ESRI,Citation,None,,
418,Africa Digital Maps,"Digital Mapping CD DWG/Shape files

Double & single line street map of city of London,

parcel/property map shapeformat,

orthoimagery city of London 2005-2010

1:2000 topographic mapping.",,,"Restricted to U of T faculty, staff, and students.",GfK GeoMarketing,,,AFRICA; ZIMBABWE; ZAMBIA; WESTERN SAHARA; UGANDA; TUNISIA; TOGO; TANZANIA; SWAZILAND; SUDAN; SOUTH AFRICA; SOMALIA; SIERRA LEONE; SEYCHELLES; SAO TOME AND PRINCIPE; SENEGAL; RWANDA; REUNION; NIGERIA; NIGER; NAMIBIA; MOZAMBIQUE; MOROCCO; MAYOTTE; MAURITIUS; MAURITANIA; MALI; MALAWI; MADAGASCAR; LIBYA; LIBERIA; LESOTHO; KENYA; GUINEA; GUINEA-BISSAU; GHANA; GAMBIA; GABON; ETHIOPIA; ERITREA; EQUATORIAL GUINEA; EGYPT; DJIBOUTI; CONGO; DEMOCRATIC REPUBLIC OF CONGO; COMOROS; CHAD; CENTRAL AFRICAN REPUBLIC; CAPE VERDE; CAMEROON; BURUNDI; BURKINA FASO; BOTSWANA; BENIN; ANGOLA; ALGERIA; CÃ´TE D'IVOIRE,ADMINISTRATIVE BOUNDARIES; AIRPORTS; CITIES; DATA SOURCES; HYDROLOGY; TRANSPORTATION; TOPOGRAPHY,2011,2011,GfK GeoMarketing,,,Vector,WGS84,,,Germany,,GfK GeoMarketing,Citation,None,,
419,London (Ont) Shapefile topos and Orthophotos. - 2011,"Digital Mapping CD DWG/Shape files

Double & single line street map of city of London,

parcel/property map shapeformat,

orthoimagery city of London 2005-2010

1:2000 topographic mapping.",,,"Restricted to U of T faculty, staff, and students.","City of London, Ont.",,2005,LONDON (ONTARIO),AIR PHOTOS - COLOUR - ORTHORECTIFIED; BOUNDARIES; BUILDING OUTLINES; CONTOURS; DIGITAL IMAGE PROCESSING; PARCELS; PROPERTY BOUNDARIES; ROADS; STREETS; TOPOGRAPHY,,,,,,Raster; Vector,,2005-2012,,"London, Ont.",,,Citation,None,,2005 to 2012
420,City of Mississauga Datasets - 2011 - December,"City of Mississauga Dataset topographic data including planimetry, utility, contours, property fabric, vegetation, civic numbers, address, boundaries, public spaces and street centrelines",Disc 1 of 2,,"Restricted to U of T faculty, staff, and students.",City of Mississauga,,2011,MISSISSAUGA,ADDRESSES; BOUNDARIES; CONTOURS; DIGITAL TERRAIN MODEL; LAND USE; STREETS; TRANSIT; TRIANGULATED SURFACES; UTILITIES; VEGETATION; ZONING,,,,,,Raster; Vector,,,,,,,None,None,,2011
421,City of Mississauga Datasets - 2011 - December,"City of Mississauga Dataset topographic data including planimetry, utility, contours, property fabric, vegetation, civic numbers, address, boundaries, public spaces and street centrelines",Disc 2 of 2,,"Restricted to U of T faculty, staff, and students.",City of Mississauga,,2011,MISSISSAUGA,ADDRESSES; BOUNDARIES; CONTOURS; DIGITAL TERRAIN MODEL; LAND USE; STREETS; TRANSIT; TRIANGULATED SURFACES; UTILITIES; VEGETATION; ZONING,,,,,,Raster; Vector,,,,,,,None,None,,2011
422,City of Mississauga Datasets - 2012 - April,"Datasets include addresses, boundaries, existing land use and zoning, orthophoto mosaic, public spaces, street casing, street centrelines, transit, vegetation, civic numbers, DEM, contours, and property fabric.",Disc 1 of 2,,"Restricted to U of T faculty, staff, and students.",City of Mississauga,,,MISSISSAUGA,ADDRESSES; AIR PHOTOS - COLOUR - ORTHORECTIFIED; BOUNDARIES; DIGITAL ELEVATION MODEL; ROADS; STREETS; TRANSIT; TRIANGULATED SURFACES; UTILITIES; VEGETATION; ZONING,,,,City of Mississauga,,SHAPEFILE,,,,Mississauga,,City of Mississauga,None,None,,
423,City of Mississauga Datasets - 2012 - April,"Datasets include addresses, boundaries, existing land use and zoning, orthophoto mosaic, public spaces, street casing, street centrelines, transit, vegetation, civic numbers, DEM, contours, and property fabric.",Disc 2 of 2,,"Restricted to U of T faculty, staff, and students.",City of Mississauga,,,MISSISSAUGA,ADDRESSES; AIR PHOTOS - COLOUR - ORTHORECTIFIED; BOUNDARIES; DIGITAL ELEVATION MODEL; ROADS; STREETS; TRANSIT; TRIANGULATED SURFACES; UTILITIES; VEGETATION; ZONING,,,,City of Mississauga,,SHAPEFILE,,,,Mississauga,,City of Mississauga,None,None,,
424,Teranet - Ontario Parcel Data,"Includes data for the following countries:

AFGHANISTAN, ARMENIA, AZERBAIJAN, BAHRAIN, BANGLADESH, BHUTAN, BRUNEI DARUSSALAM, CAMBODIA, CHINA, GEORGIA, INDIA, INDONESIA, IRAN, IRAQ, ISRAEL, JAPAN, JORDAN, KAZAKHSTAN, KUWAIT, KYRGYZSTAN, LAOS, LEBANON, MALAYSIA, MALDIVES, MONGOLIA, MYANMAR, NEPAL, NORTH KOREA, OMAN, PAKISTAN, PAPUA NEW GUINEA, PHILIPPINES, QATAR, RUSSIA, SAUDI ARABIA, SINGAPORE, SOUTH KOREA, SRI LANKA, SYRIA, TAIWAN, TAJIKISTAN, THAILAND, TIMOR-LESTE, TURKMENISTAN, UNITED ARAB EMIRATES, UZBEKISTAN, VIETNAM, YEMEN",,https://utoronto.sharepoint.com/sites/UTL-MDL-LicensedDataAndSoftware/Teranet,"Restricted to U of T faculty, staff, and students.",Teranet,,2012,ONTARIO,LAND USE; PARCELS; PROPERTY BOUNDARIES,,,,Teranet,,Vector,,2012,,Toronto,,Teranet,Citation,None,,2012
425,Asia GIS Data,"Includes data for the following countries:

AFGHANISTAN, ARMENIA, AZERBAIJAN, BAHRAIN, BANGLADESH, BHUTAN, BRUNEI DARUSSALAM, CAMBODIA, CHINA, GEORGIA, INDIA, INDONESIA, IRAN, IRAQ, ISRAEL, JAPAN, JORDAN, KAZAKHSTAN, KUWAIT, KYRGYZSTAN, LAOS, LEBANON, MALAYSIA, MALDIVES, MONGOLIA, MYANMAR, NEPAL, NORTH KOREA, OMAN, PAKISTAN, PAPUA NEW GUINEA, PHILIPPINES, QATAR, RUSSIA, SAUDI ARABIA, SINGAPORE, SOUTH KOREA, SRI LANKA, SYRIA, TAIWAN, TAJIKISTAN, THAILAND, TIMOR-LESTE, TURKMENISTAN, UNITED ARAB EMIRATES, UZBEKISTAN, VIETNAM, YEMEN",,,"Restricted to U of T faculty, staff, and students.",GfK GeoMarketing,,,ASIA; SOUTH ASIA; EAST ASIA; NORTH EURASIA; SOUTH EAST ASIA; AFGHANISTAN; ARMENIA; AZERBAIJAN; BAHRAIN; BANGLADESH; BHUTAN; BRUNEI DARUSSALAM; CAMBODIA; CHINA; GEORGIA; INDIA; INDONESIA; IRAN; IRAQ; ISRAEL; JAPAN; JORDAN; KAZAKHSTAN; KUWAIT; KYRGYZSTAN; LAOS; LEBANON; MALAYSIA; MALDIVES; MONGOLIA; MYANMAR; NEPAL; NORTH KOREA; OMAN; PAKISTAN; PAPUA NEW GUINEA; PHILIPPINES; QATAR; RUSSIA; SAUDI ARABIA; SINGAPORE; SOUTH KOREA; SRI LANKA; SYRIA; TAIWAN; TAJIKISTAN; THAILAND; TIMOR-LESTE; UNITED ARAB EMIRATES; UZBEKISTAN; VIET NAM; YEMEN,ADMINISTRATIVE BOUNDARIES; AIRPORTS; CITIES; HYDROLOGY; TOPOGRAPHY; TRANSPORTATION; ROADS; RAILROADS; POSTAL GEOGRAPHY; HIGHWAYS; WORLD CITIES,,,GfK GeoMarketing,,,,WGS84,,,Germany,,GfK GeoMarketing,Citation,None,,
426,City of Mississauga Storm Sewer Network,"Mississauga's Storm Sewers, provided by the City of Mississauga.",,,"Restricted to U of T faculty, staff, and students.",City of Mississauga,,2012 Aug 13th,MISSISSAUGA,SEWERS,2012,,City of Mississauga,City of Mississauga,,SHAPEFILE,,,,"Mississauga, Ontario",,City of Mississauga,Citation,None,,2012
427,City of Mississauga Datasets - 2012 - June,"Datasets include addresses, boundaries, existing land use and zoning, orthophoto mosaic, public spaces, street casing, street centrelines, transit, vegetation, civic numbers, DEM, contours, and property fabric.",Disc 1 of 2,,"Restricted to U of T faculty, staff, and students.",City of Mississauga,,,MISSISSAUGA,ADDRESSES; AIR PHOTOS - COLOUR - ORTHORECTIFIED; BOUNDARIES; DIGITAL ELEVATION MODEL; ROADS; STREETS; TRANSIT; TRIANGULATED SURFACES; UTILITIES; VEGETATION; ZONING,,,,City of Mississauga,,SHAPEFILE,,,,Mississauga,,City of Mississauga,None,None,,
428,City of Mississauga Datasets - 2012 - June,"Datasets include addresses, boundaries, existing land use and zoning, orthophoto mosaic, public spaces, street casing, street centrelines, transit, vegetation, civic numbers, DEM, contours, and property fabric.",Disc 2 of 2,,"Restricted to U of T faculty, staff, and students.",City of Mississauga,,,MISSISSAUGA,ADDRESSES; AIR PHOTOS - COLOUR - ORTHORECTIFIED; BOUNDARIES; DIGITAL ELEVATION MODEL; ROADS; STREETS; TRANSIT; TRIANGULATED SURFACES; UTILITIES; VEGETATION; ZONING,,,,City of Mississauga,,SHAPEFILE,,,,Mississauga,,City of Mississauga,None,None,,
429,ESRI Data: World Base Maps,"ESRI DATA: World Countries and World Administrative Areas; 2010 US Census datasets with their new geometry and attributes. Block Group, Tract, County and State are all represented as polygons with over 40 attribute fields containing population totals by age and race, along with family and household information. Census Blocks are represented as points with total population and household information; European demographics datasets, North America Street Map, World Base Maps, mainly topographic data such as roads, lakes, administrative boundaries",Disc 1 of 3,,"Restricted to U of T faculty, staff, and students.",ESRI,,2012,EUROPE; UNITED STATES (INCLUSIVE); WORLD (INCLUSIVE),AERODROMES; BASE MAPS; BOUNDARIES; BOUNDARIES - POLITICAL; CENSUS; CITIES; CONTINENTS; CONTOURS; COUNTRIES; CULTURAL; DESIGNATED PLACES (DPL); GAZETTEERS; HIGHWAYS; ROADS; STREETS,2012,,ESRI,,,SDC (ESRI COMPRESSED),WGS84,,,,Geographic,ESRI,Citation,None,various,2012
430,ESRI Data: World Base Maps,"ESRI DATA: World Countries and World Administrative Areas; 2010 US Census datasets with their new geometry and attributes. Block Group, Tract, County and State are all represented as polygons with over 40 attribute fields containing population totals by age and race, along with family and household information. Census Blocks are represented as points with total population and household information; European demographics datasets, North America Street Map, World Base Maps, mainly topographic data such as roads, lakes, administrative boundaries",Disc 2 of 3,,"Restricted to U of T faculty, staff, and students.",ESRI,,2012,EUROPE; UNITED STATES (INCLUSIVE); WORLD (INCLUSIVE),AERODROMES; BASE MAPS; BOUNDARIES; BOUNDARIES - POLITICAL; CENSUS; CITIES; CONTINENTS; CONTOURS; COUNTRIES; CULTURAL; DESIGNATED PLACES (DPL); GAZETTEERS; HIGHWAYS; ROADS; STREETS,2012,,ESRI,,,SDC (ESRI COMPRESSED),WGS84,,,,Geographic,ESRI,Citation,None,various,2012
431,ESRI Data: World Base Maps,"ESRI DATA: World Countries and World Administrative Areas; 2010 US Census datasets with their new geometry and attributes. Block Group, Tract, County and State are all represented as polygons with over 40 attribute fields containing population totals by age and race, along with family and household information. Census Blocks are represented as points with total population and household information; European demographics datasets, North America Street Map, World Base Maps, mainly topographic data such as roads, lakes, administrative boundaries",Disc 3 of 3,,"Restricted to U of T faculty, staff, and students.",ESRI,,2012,EUROPE; UNITED STATES (INCLUSIVE); WORLD (INCLUSIVE),AERODROMES; BASE MAPS; BOUNDARIES; BOUNDARIES - POLITICAL; CENSUS; CITIES; CONTINENTS; CONTOURS; COUNTRIES; CULTURAL; DESIGNATED PLACES (DPL); GAZETTEERS; HIGHWAYS; ROADS; STREETS,2012,,ESRI,,,SDC (ESRI COMPRESSED),WGS84,,,,Geographic,ESRI,Citation,None,various,2012
432,GIS Tutorial II Spatial Analysis Workbook,"Spatial Analysis Workbook DVD Maps and Data

",See also CD # 438,,Publicly accessible,David W. Allen,,,WORLD (INCLUSIVE),EDUCATION,,,,ESRI Press,,Vector,,,,"Redlands, California",,ESRI Press,None,None,,2009
433,GIS Tutorial Workbook for ArcView,"Thumbnail for GIS Tutorial Workbook for ArcView 
Workbook for ArcView 9, DVD Maps and Data",,,Publicly accessible,Wilpen L. Gorr and Kristen S. Kurland,,2008,WORLD (INCLUSIVE),EDUCATION,,,,ESRI Press,,Vector,,Third Edition,,,,ESRI Press,None,None,,2008
434,GIS Tutorial for Marketing,GIS Tutorial for Marketing Data CD,,,Publicly accessible,Fred L. Miller,,2007,WORLD (INCLUSIVE),EDUCATION,,,,ESRI Press,,Vector,,,,,,ESRI Press,None,None,,
435,City of Mississauga Datasets - 2012 - October,"Datasets include addresses, boundaries, existing land use and zoning, orthophoto mosaic, public spaces, street casing, street centrelines, transit, vegetation, civic numbers, DEM, contours, and property fabric.",2 discs,,"Restricted to U of T faculty, staff, and students.",City of Mississauga,,,MISSISSAUGA,ADDRESSES; AIR PHOTOS - COLOUR - ORTHORECTIFIED; BOUNDARIES; DIGITAL ELEVATION MODEL; ROADS; STREETS; TRANSIT; TRIANGULATED SURFACES; UTILITIES; VEGETATION; ZONING,,,,City of Mississauga,,SHAPEFILE,,,,Mississauga,,City of Mississauga,None,None,,
436,London (Ont) Shapefile topos and Orthophotos. - 2012,"Digital Mapping CD DWG/Shape files

Double & single line street map of city of London,

parcel/property map shapeformat,

orthoimagery city of London 2005-2010

1:2000 topographic mapping.",,,"Restricted to U of T faculty, staff, and students.","City of London, Ont.",,2005,LONDON (ONTARIO),AIR PHOTOS - COLOUR - ORTHORECTIFIED; BOUNDARIES; BUILDING OUTLINES; CONTOURS; DIGITAL IMAGE PROCESSING; PARCELS; PROPERTY BOUNDARIES; ROADS; STREETS; TOPOGRAPHY,,,,,,Raster; Vector,,2005-2012,,"London, Ont.",,,Citation,None,,2005 to 2012
437,China 2000-2010 City Population Census Data with GIS Maps,"DVD of geospatial and tabular datasets containing harmonized 2000-2010 census data at the city (prefecture) level, as well as administrative boundaries, hydrography, railways, and roads. Consult metadata for list of variables and projection parameters.",,,"Restricted to U of T faculty, staff, and students.","All China Marketing Research Co., Ltd.",,2013,CHINA,CENSUS; CHINA; POPULATION,2013,,"All China Marketing Research Co., Ltd.","All China Marketing Research Co., Ltd.",,EXCEL SPREADSHEET,varies,,,"Ann Arbor, MI",varies,China Data Center,Citation,None,,2000 to 2010
438,GIS Tutorial II Spatial Analysis Workbook - 2011,Spatial Analysis Workbook DVD Maps and Data,See also CD # 432,,Publicly accessible,David W. Allen,,,WORLD (INCLUSIVE),EDUCATION,,,,ESRI Press,,Vector,,,,"Redlands, California",,ESRI Press,None,None,,2009
439,Iran Road Tranport Atlas,"Iran Road Transport Atlas CD contains comprehensive information on Iran roads and general service facilities, including gas stations, police, mosques. As well as Asia-Europe Transport Network.",,,"Restricted to U of T faculty, staff, and students.",Iran Transportation & Terminals Organization,,2003,IRAN,ROADS,,,,,,Vector,,,,,,Iran Transportation & Terminals Organization,None,None,,2003
440,"Tabula Imperii Romani: K 35/2, Philippopolis",,,https://librarysearch.library.utoronto.ca/permalink/01UTORONTO_INST/14bjeso/alma991106322905306196,,"Dalakov, Stefan",,,,,,,,,,,,,,,,,,,,
441,Rare metal mineralizations in Quebec,"Rare metal (Y, Zr, Nb, Ta, Be, Li, REE) mineralizations in Quebec, MRN, 2003. Ministere des Ressources naturelles, DV 2003-04.",,,"Restricted to U of T faculty, staff, and students.",Ressources naturelles Quebec,,2003 Apr 1st,QUEBEC,MINERAL RESOURCES; NATURAL RESOURCES,2003,,Ressources naturelles Quebec,,2012 Nov 30th,Vector,,,,,,Ressources naturelles Quebec,None,None,,
442,Digitaler Atlas Hintergrundwerte,"Natural chemical contents from sediments, soils, rock and ground water in Lower Saxony (Niedersachsen) and Bremen. This resource is in German.",,,"Restricted to U of T faculty, staff, and students.",Unknown,,1999,GERMANY,SOILS,1999,,,,2013,Vector,,,,,,Niedersaechsisches Landesamt fuer Bodenforschung,None,None,,
443,Ni-Cu-PGE mineralizations in Quebec,"Ni-Cu-PGE mineralizations in Quebec, MRN, 2003.",,,"Restricted to U of T faculty, staff, and students.",Ressources naturelles Quebec,,2003 Jun 1st,QUEBEC,MINERAL RESOURCES,2003,,Ressources naturelles Quebec,,2013 Apr 4th,Vector,,,,,,Ressources naturelles Quebec,None,None,1: 2500000,2003 to 2013
444,City of Mississauga Datasets - 2013 - April,,,,"Restricted to U of T faculty, staff, and students.",City of Mississauga,,2013 Jan,MISSISSAUGA,ADDRESSES; BUILDING OUTLINES; BUILDINGS; BUILDINGS - FOOTPRINTS; CONTOURS; CULTURAL; DIGITAL ELEVATION MODEL; DIGITAL TERRAIN MODEL; ELEVATION; LAND USE; LANDMARKS; OFFICIAL PLAN; PARKING; PLANIMETRIC; POINTS OF INTEREST; RECREATION; ROADS; SIDEWALKS; TRIANGULATED SURFACES; UTILITIES; ZONING,,,,City of Mississauga,,EXCEL SPREADSHEET,,,,,,City of Mississauga,Citation,None,,2013
445,SpatiaLabs,"Designed for a broad range of disciplines, SpatiaLABS complements and enhances an instructor's course with self-directed investigations that help students increase their spatial reasoning and analytical skills. Created by educators and peer reviewed, SpatiaLABS provides students in the physical, social, and applied sciences with 64 lessons on topics including environmental studies, business, urban studies, and spatial statistics. Students develop GIS and cartography skills during these investigations; however, the primary objective of SpatiaLABS is to teach students how to approach and solve geospatial problems. Although each activity has been written with skill prerequisites in mind‚ from no GIS ability to advanced GIS project experience‚ SpatiaLABS exercises are customizable, allowing educators to adapt them to student capabilities or use local data, when appropriate.",,,"Restricted to U of T faculty, staff, and students.",ESRI,,2013,,BUSINESS; CARTOGRAPHY; EDUCATION; ENVIRONMENT; GEOGRAPHIC INFORMATION SYSTEMS; SPATIAL STATISTICS; URBAN STUDIES,,,,ESRI,,Raster; Vector,,,,Redlands California,,ESRI Press,None,None,,2013
446,ESRI Streetmap for Arclogistics,"from website http://www.esri.com/data/streetmap StreetMap Premium for ArcGIS provides an enriched street dataset that works with Esri's ArcGIS software to provide you with a high-quality cartographic display for geocoding, routing, and turn-by-turn directions for North America, Europe, Australia, and New Zealand. Based on commercial street datasets from NAVTEQ and TomTom, StreetMap Premium provides you with a ready-to-use solution that works with either ArcGIS for Server or ArcGIS for Desktop, and helps you achieve optimal geocoding match rates and generates the best possible routes and driving directions. StreetMap Premium for ArcGIS provides you with an out-of-the-box, on-premise solution that your users can rapidly deploy, and does not require data preparation or expose your internal infrastructure.

",Disc 1 of 3,,"Restricted to U of T faculty, staff, and students.",TomTom,,2013,NORTH AMERICA (ENTITY),GEOCODING; ROADS; STREETS,,,,ESRI / TomTom,,Vector,,2013 Release 1,,USA,,ESRI,Citation,None,,2013
447,ESRI Streetmap for Arclogistics,"from website http://www.esri.com/data/streetmap StreetMap Premium for ArcGIS provides an enriched street dataset that works with Esri's ArcGIS software to provide you with a high-quality cartographic display for geocoding, routing, and turn-by-turn directions for North America, Europe, Australia, and New Zealand. Based on commercial street datasets from NAVTEQ and TomTom, StreetMap Premium provides you with a ready-to-use solution that works with either ArcGIS for Server or ArcGIS for Desktop, and helps you achieve optimal geocoding match rates and generates the best possible routes and driving directions. StreetMap Premium for ArcGIS provides you with an out-of-the-box, on-premise solution that your users can rapidly deploy, and does not require data preparation or expose your internal infrastructure.",Disc 3 of 3,,"Restricted to U of T faculty, staff, and students.",TomTom,,2013,NORTH AMERICA (ENTITY),GEOCODING; ROADS; STREETS,,,,ESRI / TomTom,,Vector,,2013 Release 1,,USA,,ESRI,Citation,None,,2013
448,ESRI Streetmap for Arclogistics,"from website http://www.esri.com/data/streetmap StreetMap Premium for ArcGIS provides an enriched street dataset that works with Esri's ArcGIS software to provide you with a high-quality cartographic display for geocoding, routing, and turn-by-turn directions for North America, Europe, Australia, and New Zealand. Based on commercial street datasets from NAVTEQ and TomTom, StreetMap Premium provides you with a ready-to-use solution that works with either ArcGIS for Server or ArcGIS for Desktop, and helps you achieve optimal geocoding match rates and generates the best possible routes and driving directions. StreetMap Premium for ArcGIS provides you with an out-of-the-box, on-premise solution that your users can rapidly deploy, and does not require data preparation or expose your internal infrastructure.",Disc 2 of 3,,"Restricted to U of T faculty, staff, and students.",TomTom,,2013,NORTH AMERICA (ENTITY),GEOCODING; ROADS; STREETS,,,,ESRI / TomTom,,Vector,,2013 Release 1,,USA,,ESRI,Citation,None,,2013
449,Maps of India CD,"Digital interactive atlas of contains many thematic layers at the national, state and district levels that can be viewed, queried and printed. Includes maps under the following thematic headings:
-India & Neighbours
-States & Districts
-Cities
-History
-Geography
-Demography
-Polity
-Economy
-Resources
-Transportation & Communication
-Tourism
-Emerging India",,,"Restricted to U of T faculty, staff, and students.",Unknown,,,INDIA,ADMINISTRATIVE BOUNDARIES; AGRICULTURE; AIRPORTS; ARCHAEOLOGY; ATLAS; BOUNDARIES; BOUNDARIES - POLITICAL; BUSINESS; CLIMATE; CULTURAL; ECOLOGY; ELECTRICITY; ENVIRONMENT; ETHNOLOGY; FINANCIAL INSTITUTIONS; FLORA; FORESTRY; HIGHWAYS; HISTORICAL; HYDRO-ELECTRIC; HYDROGRAPHY; INDUSTRY; LAND COVER; LANDMARKS; LANGUAGE; MINERAL RESOURCES; MINERALS; MINING; MUSEUMS; PLACES OF WORSHIP; POLITICAL; POPULATION; RAILROADS; RIVERS; ROADS; SOILS; THEMATIC MAPPING; TOURISM; TRADE; TRAIN; VEGETATION; WILDLIFE,,,,MapXL,,Raster,,6.0,,New Delhi,,MapXL,Citation,None,,2007
453,London (Ont) Shapefile topos and Orthophotos. - 2013,"Digital Mapping CD DWG/Shape files

Double & single line street map of city of London,

parcel/property map shapeformat,

orthoimagery city of London 2005-2010

1:2000 topographic mapping.",,,"Restricted to U of T faculty, staff, and students.","City of London, Ont.",,2005,LONDON (ONTARIO),AIR PHOTOS - COLOUR - ORTHORECTIFIED; BOUNDARIES; BUILDING OUTLINES; CONTOURS; DIGITAL IMAGE PROCESSING; PARCELS; PROPERTY BOUNDARIES; ROADS; STREETS; TOPOGRAPHY,,,,,,Raster; Vector,,2005-2012,,"London, Ont.",,,Citation,None,,2005 to 2012
458,Atlas map České republiky GEOČR 500,,,,,Unknown,,,,,,,,,,,,,,,,,,,,
462,Forest Resource Inventory (FRI),"This Information Holding is used within the context of the following Great Lakes Heritage Coast subject area: Terrestrial Flora Part of Ontario's Living Legacy, The Great Lakes Heritage Coast Project is an open forum for citizens to help determine the best ways to...

Protect the Coast's scenic beauty and natural ecosystems;
Promote the potential for recreation, tourism, and other economic benefits through a network of parks and protected areas and bring the world to this magnificent part of Ontario;
Encourage development compatible with the overall intent for the area; and
Foster co-operation, education, public information and partnerships with other levels of government, Aboriginal communities, and interest groups in the planning and management of the Heritage Coast.",,,"Restricted to U of T faculty, staff, and students.",Ontario Ministry of Natural Resources (OMNR),,1988,ONTARIO,FORESTRY,,,,OMNR,,Vector,,,,,,Ontario Ministry of Natural Resources (OMNR),Citation,None,,1989 to 2001
463,The changing faces of the Arctic: a glance at the top of the world from magnetic and gravity view,"
Thumbnail for The changing faces of the Arctic: a glance at the top of the world from magnetic and gravity view
Arctic magnetic/gravity atlas on CD-ROM, containing text and JPG maps illustrating world from an Arctic polar perspective.

",,,Publicly accessible,Unknown,,2012,WORLD (ENTITY),GRAVITY; MAGNETISM,,,,Commission for the Geological Map of the World,,Raster,,,,Paris,,Commission for the Geological Map of the World,Citation,None,,
464,Beijing GIS Maps with Census Data,"DVD of geospatial datasets containing 2000 census data for Beijing at the province, county, and township levels; as well as select variables at county level for 1953, 1964, 1982 and 1990. Each .zip archive contains accompanying metadata, including a list of variables and projection parameters.",,,"Restricted to U of T faculty, staff, and students.","All China Marketing Research Co., Ltd.",,2008,BEIJING; CHINA,CENSUS; CHINA; POPULATION,2008,,"All China Marketing Research Co., Ltd.","All China Marketing Research Co., Ltd.",,SHAPEFILE,varies,,,"Ann Arbor, MI",varies,China Data Center,Citation,None,,1953 to 2000
465,China 2000-2010 City Population Census Data with GIS Maps,"DVD of geospatial and tabular datasets containing harmonized 2000-2010 census data at the city (prefecture) level, as well as administrative boundaries, hydrography, railways, and roads. Consult metadata for list of variables and projection parameters.",,,"Restricted to U of T faculty, staff, and students.","All China Marketing Research Co., Ltd.",,2013,CHINA,CENSUS; CHINA; POPULATION,2013,,"All China Marketing Research Co., Ltd.","All China Marketing Research Co., Ltd.",,EXCEL SPREADSHEET,varies,,,"Ann Arbor, MI",varies,China Data Center,Citation,None,,2000 to 2010
466,China 2010 Township Population Census Data with GIS Maps,"DVD of geospatial datasets containing 2010 census data at the township level, as well as administrative boundaries, hydrography, railways, and roads. Consult metadata for list of variables and projection parameters.",,,"Restricted to U of T faculty, staff, and students.","All China Marketing Research Co., Ltd.",,2013,CHINA,CENSUS; CHINA; POPULATION,2013,,"All China Marketing Research Co., Ltd.","All China Marketing Research Co., Ltd.",,EXCEL SPREADSHEET,varies,,,"Ann Arbor, MI",varies,China Data Center,Citation,None,,2010
467,Teranet - Ontario Parcel Data,"To request access, if you are a current U of T student, staff, or faculty, please contact us.

Contains:
1) Basic property report correlating the ownership PIN to the assessment roll number.2)Digital property ownership parcel polygons, attributed with the 9-digit PIN, comprising the area of the regions in shapefile format.",,https://utoronto.sharepoint.com/sites/UTL-MDL-LicensedDataAndSoftware/Teranet,"Restricted to U of T faculty, staff, and students.",Teranet,,2014 Jun 9th,ONTARIO,LAND USE; PARCELS; PROPERTY BOUNDARIES,,,,Teranet,,Vector,,2014,,Toronto,,Teranet,Citation,None,,2014
468,Toronto Region Conservation Authority Data,"Geodatabase contains 1 metre contours, vegetation polygons, flora and fauna, municipal boundaries, natural groundcover, TRCA properties, water bodies, watercourses, and watersheds.",Data now available at https://utoronto.sharepoint.com/sites/UTL-MDL-LicensedDataAndSoftware/TRCA,https://utoronto.sharepoint.com/sites/UTL-MDL-LicensedDataAndSoftware/TRCA,"Restricted to U of T faculty, staff, and students.",Toronto Region Conservation Authority,,2014,TORONTO,CONSERVATION; CONSERVATION AUTHORITY; ELEVATION; FAUNA; FLORA; LAKES; MUNICIPALITIES; RIVERS; VEGETATION; WATER; WATERSHEDS; WETLANDS,2014,,Toronto Region Conservation Authority,Toronto Region Conservation Authority,,Vector,NAD83,2014,,"Toronto, ON",UTM Zone 17N,Toronto Region Conservation Authority,Citation,None,,2014
469,Macau GeoGuide,"Interactive maps of Macau, showing roads, building outlines, parks, and points of interest. Application includes searching and routing capabilities. Accompanies Atlas of Macau, 2011 (linked below).",Paired with 2011 Atlas de Macau/Atlas of Macao (MMS ID: https://librarysearch.library.utoronto.ca/permalink/01UTORONTO_INST/10o42ki/alma991106058063206196),,Publicly accessible,"Ao Ka Kun, Lai Chek Sam, Cheong Sai Meng, Tam Chong Pak, Lam Ka Fai, Loi lat Kei, Cheang Kueng Chon",,2011 Aug,MACAU,BUILDING OUTLINES; CITY PLAN; POINTS OF INTEREST,,,,"Direccão dos Servicíos de Cartografia e Cadastro, Macau S.A.R.",,Vector,,,,Macau,,"Direccão dos Servicíos de Cartografia e Cadastro, Macau S.A.R.",Citation,None,,2011
470,Atlas Ukraine radioactive contamination,,,https://librarysearch.library.utoronto.ca/permalink/01UTORONTO_INST/mi8gb7/alma991105891898706196,,Unknown,,,,,,,,,,,,,,,,,,,,
471,Lloyd's maritime atlas of world ports and shipping places,"Thumbnail for Lloyd's maritime atlas of world ports and shipping places
Electronic version of 2005 edition of Lloyd's Maritime Atlas, containing maps and information about global shipping ports and routes.",,,Publicly accessible,"Department of Maritime Studies, University of Wales College of Cardiff",,2005,WORLD (INCLUSIVE),TRADE,,,,Lloyd's Marine Intelligence Unit,,Raster,,2005,,London,,Lloyd's Marine Intelligence Unit,Citation,None,,2005
472,Atlas climático Ibérico/Iberian climate atlas,,,https://librarysearch.library.utoronto.ca/permalink/01UTORONTO_INST/mi8gb7/alma991106082344806196,,Unknown,,,,,,,,,,,,,,,,,,,,
473,Seismic atlas of the Messinian salinity crisis markers in the Mediterranean and Black Seas,CD accompanying text.,CD accompanying text.,,Publicly accessible,Johanna Lofi et al.,,2011,BLACK SEA; MEDITERRANEAN REGION,GEOLOGY; SEISMICITY,,,,Commission for the Geological Map of the World,,Raster,,,,Paris,,Commission for the Geological Map of the World/Mémoires de la Société Géologique de France,Citation,None,,2011
474,Luftbildatlas Berliner Innenstadt,CD accompanying text.,CD accompanying text,,Publicly accessible,"Cornelia Dorries, Philipp Meuser",,2009,BERLIN,ATLAS; CITY PLAN,,,,DOM Publishers,,Raster,,,,Berlin,,DOM Publishers,Citation,None,,2009
475,"Historic Census Geographic Areas, Digital Boundaries Australia 1981-1996",,,,"Restricted to U of T faculty, staff, and students.",Australian Bureau of Statistics,,2001,AUSTRALIA,CENSUS,2001,,Australian Bureau of Statistics,Commonwealth of Australia,,Vector,GDA94,,,Australia,Geographic,Australian Bureau of Statistics,Citation,None,,1981 to 2001
476,Global Change Atlas: Upper Danube Catchment Area,,Atlas is in German,,,Unknown,,,,,,,,,,,,,,,,,,,,
477,Atlas Moskva : s kazhdym domom,,,https://librarysearch.library.utoronto.ca/permalink/01UTORONTO_INST/14bjeso/alma991106612138406196,,Unknown,,,,,,,,,,,,,,,,,,,,
478,"Historic Census Geographic Areas, Digital Boundaries Australia 1981-1996 - 2001",,,,"Restricted to U of T faculty, staff, and students.",Australian Bureau of Statistics,,2001,AUSTRALIA,CENSUS,,,,Commonwealth of Australia,,Vector,,,,Australia,,Australian Bureau of Statistics,Citation,None,,1981 to 2001
479,Atlas of statewise generalised isopluvial (return period) maps of Southern Peninsula,,,https://librarysearch.library.utoronto.ca/permalink/01UTORONTO_INST/14bjeso/alma991106298476206196,,India. Meteorological Department. Hydrometeorology Division. ,,,,,,,,,,,,,,,,,,,,
479,Atlas of statewise generalised isopluvial (return period) maps of Eastern India,,,https://librarysearch.library.utoronto.ca/permalink/01UTORONTO_INST/14bjeso/alma991106298476206196,,India. Meteorological Department. Hydrometeorology Division. ,,,,,,,,,,,,,,,,,,,,
479,Atlas of statewise generalised isopluvial (return period) maps of Central India,,,https://librarysearch.library.utoronto.ca/permalink/01UTORONTO_INST/14bjeso/alma991106298476206196,,India. Meteorological Department. Hydrometeorology Division. ,,,,,,,,,,,,,,,,,,,,
479,Atlas of statewise generalised isopluvial (return period) maps of Northern India,,,https://librarysearch.library.utoronto.ca/permalink/01UTORONTO_INST/14bjeso/alma991106298476206196,,India. Meteorological Department. Hydrometeorology Division. ,,,,,,,,,,,,,,,,,,,,
480,Atlas de Extremadura,,,https://librarysearch.library.utoronto.ca/nde/fulldisplay?query=Atlas%20de%20Extremadura&tab=Everything&search_scope=UTL_AND_CI&searchInFulltext=false&vid=01UTORONTO_INST:UTORONTO_NDE&lang=en&docid=alma991105987989506196&adaptor=Local%20Search%20Engine&context=L&isFrbr=false&isHighlightedRecord=false&state=,,"Boni Sánchez, Adrián Ssegura, Felipe Leco, José A. Mateos",,,,,,,,,,,,,,,,,,,,
481,Former City of Toronto Zoning By-laws Office Consolidations - 2012,,,,"Restricted to U of T faculty, staff, and students.",City of Toronto City Planning Department,,2007,TORONTO,STREETS; ZONING,,,,City of Toronto,,Vector,,"2007, 2012",,,,,Citation,None,,2007 to 2012
482,The British Library Map Catalogue on CD-ROM,,,https://librarysearch.library.utoronto.ca/permalink/01UTORONTO_INST/14bjeso/alma991106118840406196 ,,Map Library (British Library),,,,,,,,,,,,,,,,,,,,
